id,created_at,z_rms_velocity_in_s,z_rms_velocity_mm_s,temperature_f,temperature_c,x_rms_velocity_in_s,x_rms_velocity_mm_s,z_peak_acceleration_g,x_peak_acceleration_g,z_peak_vel_comp_freq_hz,x_peak_vel_comp_freq_hz,z_rms_acceleration_g,x_rms_acceleration_g,z_kurtosis,x_kurtosis,z_crest_factor,x_crest_factor,z_peak_velocity_in_s,z_peak_velocity_mm_s,x_peak_velocity_in_s,x_peak_velocity_mm_s,z_high_freq_rms_accel_g,x_high_freq_rms_accel_g,fault,rpm
1435,2026-04-30 17:17:59.553873+00:00,0.0433,1.101,74.0,23.33,0.062,1.575,0.044,0.042,61.0,61.0,0.047,0.067,3.649,3.555,5.884,5.124,0.0613,1.558,0.0877,2.227,0.007,0.008,motor_desligado,0.0
1483,2026-04-30 17:20:02.207956+00:00,0.0431,1.095,74.0,23.33,0.0615,1.563,0.033,0.037,61.0,61.0,0.046,0.066,3.497,3.313,4.695,4.557,0.061,1.549,0.087,2.21,0.007,0.008,motor_desligado,0.0
1498,2026-04-30 17:20:32.210042+00:00,0.0431,1.096,74.0,23.33,0.0613,1.559,0.034,0.036,61.0,61.0,0.046,0.066,3.45,3.464,4.721,4.385,0.061,1.551,0.0868,2.205,0.007,0.008,motor_desligado,0.0
1499,2026-04-30 17:20:34.209741+00:00,0.0426,1.084,74.0,23.33,0.0613,1.559,0.032,0.032,61.0,61.0,0.046,0.066,3.269,3.412,4.476,3.95,0.0603,1.533,0.0868,2.205,0.007,0.008,motor_desligado,0.0
1540,2026-04-30 17:21:56.214524+00:00,0.0428,1.088,74.05,23.36,0.0616,1.565,0.032,0.041,61.0,61.0,0.046,0.066,3.265,3.468,4.401,5.017,0.0605,1.539,0.0871,2.214,0.007,0.008,motor_desligado,0.0
1579,2026-04-30 17:23:14.219224+00:00,0.0426,1.084,74.05,23.36,0.0617,1.568,0.028,0.039,61.0,61.0,0.046,0.066,3.222,3.34,4.053,4.861,0.0603,1.533,0.0873,2.217,0.007,0.008,motor_desligado,0.0
1583,2026-04-30 17:23:22.219771+00:00,0.0435,1.107,74.0,23.33,0.0615,1.564,0.031,0.039,61.0,61.0,0.046,0.066,3.235,3.33,4.357,4.778,0.0616,1.565,0.0871,2.212,0.007,0.008,motor_desligado,0.0
1663,2026-04-30 17:26:02.228929+00:00,0.0432,1.098,74.0,23.33,0.0621,1.578,0.031,0.034,61.0,61.0,0.046,0.067,3.351,3.193,4.382,4.192,0.0611,1.553,0.0878,2.231,0.007,0.008,motor_desligado,0.0
1704,2026-04-30 17:27:24.233952+00:00,0.0432,1.099,73.96,23.31,0.0616,1.565,0.029,0.045,61.0,61.0,0.046,0.066,3.226,3.633,4.169,5.432,0.0611,1.554,0.0871,2.213,0.007,0.008,motor_desligado,0.0
1787,2026-04-30 17:36:49.831530+00:00,0.047,1.195,73.35,22.97,0.0702,1.784,0.125,0.171,61.0,61.0,0.057,0.079,5.411,5.425,5.682,5.386,0.0665,1.69,0.0993,2.523,0.022,0.031,normal,500.0
1852,2026-04-30 17:38:59.839548+00:00,0.0487,1.238,72.98,22.76,0.0763,1.938,0.333,0.466,61.0,61.0,0.063,0.09,2.158,2.283,2.812,3.671,0.0689,1.751,0.1079,2.741,0.118,0.127,normal,500.0
1853,2026-04-30 17:39:01.842897+00:00,0.0525,1.334,72.93,22.74,0.0689,1.752,0.117,0.152,61.0,61.0,0.059,0.084,5.145,4.74,5.482,4.752,0.0742,1.887,0.0975,2.478,0.021,0.032,normal,500.0
1874,2026-04-30 17:39:43.842190+00:00,0.0582,1.479,72.93,22.74,0.0722,1.835,0.347,0.355,61.0,61.0,0.066,0.091,2.264,2.238,2.892,2.811,0.0824,2.093,0.1021,2.595,0.12,0.126,normal,500.0
1905,2026-04-30 17:40:45.848929+00:00,0.0491,1.247,72.65,22.58,0.0731,1.859,0.35,0.398,61.0,61.0,0.063,0.088,3.051,2.954,3.464,3.684,0.0694,1.763,0.1035,2.629,0.101,0.108,normal,500.0
1929,2026-04-30 17:41:33.850112+00:00,0.0512,1.3,73.07,22.81,0.0661,1.679,0.328,0.393,61.0,61.0,0.066,0.083,2.307,2.379,2.808,3.171,0.0724,1.839,0.0935,2.375,0.116,0.124,normal,500.0
1930,2026-04-30 17:41:35.849299+00:00,0.0502,1.275,73.07,22.81,0.0605,1.537,0.362,0.383,61.0,58.5,0.058,0.078,3.625,3.585,3.925,3.818,0.071,1.803,0.0856,2.174,0.092,0.1,normal,500.0
1940,2026-04-30 17:41:55.850579+00:00,0.0504,1.282,73.21,22.89,0.0697,1.771,0.275,0.351,61.0,61.0,0.057,0.083,10.019,8.071,5.544,6.136,0.0714,1.813,0.0986,2.505,0.049,0.057,normal,500.0
1941,2026-04-30 17:41:57.852501+00:00,0.0559,1.421,73.21,22.89,0.0674,1.714,0.328,0.383,61.0,61.0,0.063,0.085,2.331,2.315,2.83,3.07,0.0791,2.01,0.0954,2.424,0.116,0.124,normal,500.0
1950,2026-04-30 17:42:15.851729+00:00,0.0456,1.159,73.3,22.94,0.0602,1.529,0.294,0.339,58.5,61.0,0.056,0.079,4.801,4.602,3.836,4.037,0.0645,1.64,0.0851,2.163,0.076,0.084,normal,500.0
1954,2026-04-30 17:42:23.852271+00:00,0.0473,1.203,73.35,22.97,0.0591,1.503,0.315,0.335,61.0,58.5,0.064,0.082,3.173,3.179,3.234,3.159,0.0669,1.701,0.0837,2.126,0.097,0.106,normal,500.0
1972,2026-04-30 17:42:59.854567+00:00,0.052,1.321,73.4,23.0,0.0666,1.693,0.286,0.3,61.0,61.0,0.06,0.084,10.061,7.66,5.727,5.206,0.0735,1.869,0.0942,2.394,0.049,0.057,normal,500.0
2032,2026-04-30 17:44:59.861711+00:00,0.051,1.297,74.24,23.46,0.0708,1.8,0.258,0.304,61.0,61.0,0.057,0.084,14.208,10.398,6.424,6.252,0.0722,1.835,0.1002,2.545,0.04,0.048,normal,500.0
2183,2026-04-30 17:50:01.878738+00:00,0.047,1.196,76.2,24.56,0.0683,1.735,0.427,0.393,61.0,58.5,0.064,0.084,2.128,2.138,3.651,3.117,0.0666,1.691,0.0966,2.453,0.116,0.126,normal,500.0
2274,2026-04-30 17:53:03.889764+00:00,0.0528,1.343,77.48,25.26,0.074,1.881,0.294,0.336,61.0,61.0,0.062,0.088,3.617,3.541,3.45,3.631,0.0747,1.899,0.1047,2.66,0.085,0.092,normal,500.0
2349,2026-04-30 17:55:33.901217+00:00,0.0431,1.095,78.33,25.73,0.0664,1.688,0.119,0.218,61.0,61.0,0.056,0.083,4.979,5.556,5.194,6.111,0.061,1.549,0.094,2.387,0.022,0.035,normal,500.0
2357,2026-04-30 17:55:49.899495+00:00,0.0474,1.205,78.47,25.81,0.0693,1.761,0.325,0.431,61.0,61.0,0.065,0.089,2.295,2.396,2.977,3.62,0.0671,1.704,0.098,2.49,0.109,0.119,normal,500.0
2371,2026-04-30 17:56:17.901355+00:00,0.0515,1.309,78.61,25.89,0.0705,1.791,0.289,0.363,61.0,61.0,0.059,0.084,8.686,7.482,5.67,5.91,0.0729,1.851,0.0997,2.533,0.051,0.061,normal,500.0
2384,2026-04-30 17:56:43.904437+00:00,0.05,1.272,78.85,26.02,0.0697,1.772,0.35,0.45,61.0,61.0,0.067,0.089,2.056,2.171,3.009,3.651,0.0708,1.799,0.0987,2.507,0.116,0.123,normal,500.0
2397,2026-04-30 17:57:09.904188+00:00,0.0513,1.303,78.94,26.08,0.0672,1.708,0.278,0.314,61.0,61.0,0.057,0.081,11.565,7.74,6.403,5.947,0.0725,1.843,0.0951,2.415,0.043,0.052,normal,500.0
2427,2026-04-30 17:58:09.907948+00:00,0.0526,1.337,79.27,26.26,0.0722,1.834,0.37,0.396,61.0,61.0,0.066,0.09,2.117,2.174,3.259,3.248,0.0744,1.891,0.1021,2.594,0.113,0.122,normal,500.0
2428,2026-04-30 17:58:11.908114+00:00,0.0548,1.393,79.04,26.13,0.0734,1.865,0.373,0.395,61.0,61.0,0.067,0.094,2.139,2.204,3.225,3.201,0.0775,1.97,0.1038,2.638,0.115,0.123,normal,500.0
2454,2026-04-30 17:59:03.910929+00:00,0.0465,1.181,79.51,26.39,0.0681,1.73,0.323,0.358,61.0,61.0,0.069,0.092,2.233,2.281,2.883,2.969,0.0657,1.67,0.0963,2.447,0.112,0.12,normal,500.0
2469,2026-04-30 17:59:33.913031+00:00,0.0488,1.241,79.37,26.31,0.0723,1.837,0.125,0.213,61.0,61.0,0.063,0.089,5.115,5.166,5.612,5.971,0.0691,1.756,0.1022,2.598,0.022,0.035,normal,500.0
2524,2026-04-30 18:01:23.919722+00:00,0.052,1.321,80.18,26.76,0.0725,1.842,0.326,0.363,61.0,61.0,0.066,0.093,4.121,4.118,4.046,4.111,0.0735,1.869,0.1026,2.606,0.08,0.088,normal,500.0
2528,2026-04-30 18:01:31.920142+00:00,0.0563,1.431,80.23,26.79,0.0727,1.848,0.106,0.219,61.0,61.0,0.065,0.092,4.301,4.758,4.431,6.224,0.0797,2.025,0.1029,2.614,0.023,0.035,normal,500.0
2536,2026-04-30 18:01:47.921337+00:00,0.0534,1.356,80.32,26.84,0.066,1.677,0.392,0.446,61.0,61.0,0.063,0.087,2.14,2.259,3.463,3.606,0.0755,1.918,0.0933,2.371,0.113,0.123,normal,500.0
2585,2026-04-30 18:03:25.929199+00:00,0.0517,1.315,80.7,27.05,0.067,1.702,0.112,0.195,61.0,61.0,0.06,0.085,4.516,5.026,4.912,5.382,0.0732,1.86,0.0948,2.408,0.022,0.036,normal,500.0
2680,2026-04-30 18:06:35.939223+00:00,0.0529,1.343,81.13,27.29,0.0676,1.718,0.311,0.416,61.0,61.0,0.069,0.09,2.488,2.579,2.964,3.614,0.0748,1.9,0.0956,2.43,0.105,0.115,normal,500.0
2705,2026-04-30 18:07:25.942320+00:00,0.0513,1.304,81.66,27.59,0.0715,1.818,0.113,0.199,61.0,61.0,0.059,0.085,4.565,5.299,4.849,5.646,0.0726,1.844,0.1012,2.571,0.023,0.035,normal,500.0
2819,2026-04-30 18:23:57.065446+00:00,0.057,1.45,83.78,28.76,0.0727,1.848,0.15,0.29,61.0,61.0,0.074,0.091,3.473,3.605,4.325,4.85,0.0807,2.051,0.1029,2.614,0.034,0.059,normal,1000.0
2867,2026-04-30 18:25:33.070946+00:00,0.0499,1.269,82.09,27.83,0.0767,1.95,0.135,0.313,61.0,61.0,0.074,0.092,3.213,3.928,3.877,5.223,0.0706,1.795,0.1085,2.757,0.034,0.06,normal,1000.0
2901,2026-04-30 18:26:41.076054+00:00,0.0557,1.416,81.61,27.56,0.0725,1.842,0.156,0.256,61.0,61.0,0.074,0.092,3.212,3.445,4.257,4.413,0.0788,2.003,0.1026,2.606,0.036,0.058,normal,1000.0
2902,2026-04-30 18:26:43.077852+00:00,0.0547,1.39,81.66,27.59,0.0765,1.944,0.324,0.45,61.0,61.0,0.08,0.1,2.767,3.066,3.234,3.845,0.0773,1.965,0.1082,2.749,0.1,0.117,normal,1000.0
2936,2026-04-30 18:27:51.083596+00:00,0.0554,1.408,81.23,27.35,0.075,1.906,0.368,0.409,61.0,61.0,0.078,0.101,2.951,3.032,3.654,3.498,0.0784,1.992,0.1061,2.696,0.1,0.117,normal,1000.0
2956,2026-04-30 18:28:31.084088+00:00,0.0576,1.464,82.28,27.93,0.0695,1.766,0.41,0.423,61.0,58.5,0.085,0.093,2.431,2.448,3.594,3.31,0.0815,2.071,0.0983,2.498,0.114,0.127,normal,1000.0
2970,2026-04-30 18:28:59.083360+00:00,0.0588,1.493,80.89,27.16,0.0749,1.903,0.387,0.47,61.0,58.5,0.088,0.098,2.374,2.57,3.376,3.559,0.0831,2.112,0.106,2.692,0.114,0.132,normal,1000.0
2972,2026-04-30 18:29:03.086978+00:00,0.054,1.372,80.94,27.19,0.0715,1.816,0.362,0.423,61.0,61.0,0.083,0.094,2.248,2.45,3.112,3.181,0.0764,1.941,0.1011,2.568,0.116,0.133,normal,1000.0
2992,2026-04-30 18:29:43.090348+00:00,0.0526,1.338,80.7,27.05,0.0731,1.857,0.381,0.419,61.0,61.0,0.08,0.098,2.264,2.469,3.278,3.168,0.0745,1.892,0.1034,2.627,0.116,0.132,normal,1000.0
3156,2026-04-30 18:35:11.105897+00:00,0.0522,1.325,80.37,26.87,0.074,1.882,0.339,0.453,61.0,61.0,0.078,0.096,2.259,2.425,2.903,3.425,0.0738,1.875,0.1047,2.661,0.117,0.132,normal,1000.0
3274,2026-04-30 18:39:07.120553+00:00,0.0508,1.292,81.37,27.43,0.0723,1.836,0.346,0.415,61.0,61.0,0.079,0.096,2.197,2.414,2.984,3.178,0.0719,1.827,0.1022,2.597,0.116,0.13,normal,1000.0
3277,2026-04-30 18:39:13.121485+00:00,0.0512,1.301,80.75,27.08,0.0702,1.783,0.328,0.4,58.5,61.0,0.074,0.092,3.309,3.089,3.467,3.566,0.0724,1.84,0.0992,2.522,0.094,0.112,normal,1000.0
3306,2026-04-30 18:40:11.125424+00:00,0.0496,1.259,80.56,26.98,0.0667,1.695,0.354,0.385,61.0,61.0,0.071,0.088,7.243,4.438,6.285,5.102,0.0701,1.781,0.0943,2.397,0.056,0.075,normal,1000.0
3316,2026-04-30 18:40:31.128677+00:00,0.0522,1.328,80.8,27.11,0.0685,1.742,0.309,0.424,61.0,61.0,0.075,0.088,7.036,4.565,5.419,5.568,0.0739,1.878,0.097,2.464,0.057,0.076,normal,1000.0
3323,2026-04-30 18:40:45.127568+00:00,0.0531,1.349,80.8,27.11,0.0745,1.893,0.305,0.37,61.0,61.0,0.076,0.092,4.446,3.995,3.976,3.839,0.0751,1.908,0.1054,2.678,0.076,0.096,normal,1000.0
3339,2026-04-30 18:41:17.130080+00:00,0.0558,1.417,80.89,27.16,0.0669,1.699,0.432,0.408,61.0,61.0,0.08,0.093,2.271,2.349,3.706,3.095,0.0789,2.005,0.0946,2.403,0.116,0.131,normal,1000.0
3473,2026-04-30 18:45:45.146872+00:00,0.05,1.271,81.04,27.24,0.0688,1.748,0.149,0.322,61.0,61.0,0.075,0.093,3.463,3.912,4.14,5.046,0.0707,1.798,0.0973,2.472,0.036,0.063,normal,1000.0
3494,2026-04-30 18:46:27.152525+00:00,0.0538,1.366,81.08,27.27,0.0737,1.874,0.33,0.45,61.0,61.0,0.078,0.094,2.255,2.443,2.784,3.332,0.076,1.932,0.1043,2.65,0.118,0.135,normal,1000.0
3514,2026-04-30 18:47:07.153456+00:00,0.0573,1.456,81.23,27.35,0.0746,1.897,0.38,0.432,61.0,61.0,0.072,0.09,3.425,3.159,4.147,4.006,0.0811,2.06,0.1056,2.683,0.091,0.108,normal,1000.0
3516,2026-04-30 18:47:11.153785+00:00,0.052,1.323,81.04,27.24,0.0713,1.812,0.145,0.263,61.0,61.0,0.078,0.1,3.121,3.434,4.09,4.408,0.0736,1.871,0.1008,2.562,0.035,0.059,normal,1000.0
3518,2026-04-30 18:47:15.154310+00:00,0.0571,1.45,80.8,27.11,0.0757,1.923,0.339,0.519,61.0,61.0,0.076,0.094,2.298,2.616,2.922,3.872,0.0807,2.051,0.107,2.719,0.116,0.134,normal,1000.0
3525,2026-04-30 18:47:29.155102+00:00,0.0545,1.386,81.04,27.24,0.0718,1.825,0.339,0.49,61.0,61.0,0.08,0.098,2.274,2.505,2.899,3.721,0.0772,1.961,0.1016,2.581,0.117,0.131,normal,1000.0
3586,2026-04-30 18:49:31.163194+00:00,0.0507,1.288,80.99,27.21,0.0715,1.818,0.285,0.296,61.0,61.0,0.075,0.091,7.172,3.965,6.114,4.395,0.0717,1.821,0.1012,2.571,0.046,0.067,normal,1000.0
3632,2026-04-30 18:51:03.169682+00:00,0.0508,1.292,81.18,27.32,0.0767,1.95,0.144,0.337,61.0,61.0,0.068,0.092,3.386,4.108,4.036,5.486,0.0719,1.827,0.1086,2.758,0.035,0.061,normal,1000.0
3644,2026-04-30 18:51:27.173137+00:00,0.0483,1.228,81.18,27.32,0.0716,1.82,0.153,0.23,61.0,61.0,0.07,0.089,3.028,3.372,3.991,3.79,0.0684,1.737,0.1013,2.573,0.038,0.06,normal,1000.0
3710,2026-04-30 18:53:39.179670+00:00,0.0583,1.481,80.8,27.11,0.0763,1.94,0.358,0.393,61.0,61.0,0.082,0.1,2.281,2.461,3.088,3.036,0.0824,2.095,0.108,2.744,0.116,0.129,normal,1000.0
3735,2026-04-30 18:54:29.182694+00:00,0.0504,1.281,82.47,28.04,0.0704,1.789,0.334,0.45,61.0,61.0,0.075,0.096,5.545,4.234,4.809,5.168,0.0713,1.811,0.0996,2.53,0.069,0.087,normal,1000.0
3777,2026-04-30 18:58:54.484029+00:00,0.062,1.576,80.46,26.92,0.0808,2.053,0.44,0.686,61.0,61.0,0.107,0.122,3.338,3.71,4.175,4.06,0.0877,2.229,0.1143,2.904,0.105,0.169,normal,2000.0
3804,2026-04-30 18:59:48.484779+00:00,0.0597,1.518,79.99,26.66,0.0866,2.199,0.361,0.736,61.0,61.0,0.114,0.134,3.239,4.029,3.658,4.672,0.0845,2.147,0.1224,3.11,0.098,0.157,normal,2000.0
3871,2026-04-30 19:02:02.492833+00:00,0.0618,1.572,79.08,26.16,0.0853,2.168,0.577,0.757,61.0,61.0,0.116,0.126,3.155,3.383,4.146,3.992,0.0875,2.223,0.1207,3.066,0.139,0.189,normal,2000.0
3897,2026-04-30 19:02:54.495920+00:00,0.0591,1.501,78.94,26.08,0.0903,2.294,0.526,0.834,61.0,61.0,0.103,0.13,2.95,3.599,3.741,4.364,0.0835,2.123,0.1277,3.245,0.14,0.191,normal,2000.0
3900,2026-04-30 19:03:00.496357+00:00,0.0594,1.511,78.94,26.08,0.0914,2.323,0.374,0.727,61.0,61.0,0.112,0.14,3.298,3.907,3.772,4.441,0.0841,2.136,0.1293,3.285,0.099,0.163,normal,2000.0
3908,2026-04-30 19:03:16.497461+00:00,0.061,1.551,78.8,26.0,0.0866,2.201,0.447,0.737,61.0,61.0,0.106,0.121,2.98,3.437,3.442,4.011,0.0864,2.194,0.1225,3.113,0.13,0.183,normal,2000.0
3941,2026-04-30 19:04:22.501653+00:00,0.0693,1.762,78.8,26.0,0.0939,2.385,0.471,0.78,61.0,61.0,0.125,0.148,2.735,3.291,3.096,3.92,0.0981,2.492,0.1328,3.374,0.152,0.199,normal,2000.0
3960,2026-04-30 19:05:00.506940+00:00,0.0606,1.541,78.52,25.84,0.0841,2.136,0.464,0.775,61.0,61.0,0.109,0.121,3.16,3.338,3.364,4.043,0.0858,2.179,0.1189,3.021,0.138,0.191,normal,2000.0
3968,2026-04-30 19:05:16.508636+00:00,0.0581,1.477,78.47,25.81,0.0871,2.214,0.357,0.672,61.0,61.0,0.101,0.119,3.328,3.653,3.611,4.31,0.0822,2.089,0.1233,3.131,0.098,0.156,normal,2000.0
3991,2026-04-30 19:06:02.508837+00:00,0.0584,1.485,78.71,25.95,0.0869,2.208,0.398,0.765,61.0,61.0,0.103,0.112,3.208,4.106,3.846,4.662,0.0827,2.1,0.1229,3.123,0.103,0.164,normal,2000.0
3998,2026-04-30 19:06:16.508834+00:00,0.0543,1.38,78.75,25.97,0.0914,2.323,0.424,0.679,61.0,58.5,0.098,0.118,3.377,3.855,4.059,4.073,0.0768,1.952,0.1293,3.286,0.104,0.166,normal,2000.0
4006,2026-04-30 19:06:32.511438+00:00,0.0618,1.57,78.71,25.95,0.0916,2.327,0.54,0.849,61.0,61.0,0.122,0.136,3.145,3.524,4.049,4.502,0.0874,2.22,0.1295,3.291,0.133,0.188,normal,2000.0
4050,2026-04-30 19:08:00.515322+00:00,0.0589,1.496,78.71,25.95,0.0913,2.321,0.55,0.906,58.5,61.0,0.114,0.125,2.795,3.519,3.612,4.51,0.0833,2.116,0.1292,3.282,0.152,0.201,normal,2000.0
4137,2026-04-30 19:10:54.528932+00:00,0.0577,1.467,78.61,25.89,0.0836,2.124,0.475,0.739,58.5,61.0,0.102,0.121,3.306,3.595,3.841,4.115,0.0817,2.075,0.1182,3.004,0.123,0.179,normal,2000.0
4153,2026-04-30 19:11:26.531760+00:00,0.0578,1.469,78.66,25.92,0.0899,2.284,0.531,0.825,61.0,58.5,0.107,0.132,3.331,3.568,4.443,4.554,0.0818,2.078,0.1271,3.23,0.119,0.181,normal,2000.0
4179,2026-04-30 19:12:18.533858+00:00,0.0623,1.584,78.66,25.92,0.0932,2.367,0.429,0.801,61.0,58.5,0.111,0.129,3.334,3.635,4.161,4.659,0.0882,2.24,0.1318,3.348,0.103,0.172,normal,2000.0
4183,2026-04-30 19:12:26.535694+00:00,0.0579,1.47,78.66,25.92,0.0742,1.886,0.469,0.909,61.0,61.0,0.094,0.108,2.751,3.459,3.104,4.391,0.0818,2.079,0.105,2.667,0.151,0.207,normal,2000.0
4205,2026-04-30 19:13:10.539284+00:00,0.063,1.601,78.66,25.92,0.0964,2.449,0.53,1.029,61.0,61.0,0.115,0.138,2.896,3.642,3.57,5.09,0.0891,2.265,0.1363,3.464,0.148,0.202,normal,2000.0
4249,2026-04-30 19:14:38.542867+00:00,0.057,1.448,78.52,25.84,0.0827,2.102,0.531,0.867,61.0,61.0,0.101,0.116,3.067,3.89,4.022,4.652,0.0806,2.047,0.117,2.973,0.132,0.186,normal,2000.0
4276,2026-04-30 19:15:32.550361+00:00,0.0612,1.555,78.56,25.87,0.0893,2.268,0.589,0.821,61.0,61.0,0.115,0.129,3.232,3.664,4.111,4.17,0.0865,2.199,0.1263,3.208,0.143,0.197,normal,2000.0
4282,2026-04-30 19:15:44.547232+00:00,0.0602,1.53,78.56,25.87,0.0852,2.166,0.565,0.836,61.0,61.0,0.111,0.131,2.798,3.213,3.671,4.097,0.0851,2.163,0.1206,3.063,0.154,0.204,normal,2000.0
4379,2026-04-30 19:20:36.412388+00:00,0.0667,1.694,79.51,26.39,0.1332,3.385,0.481,0.764,61.0,34.1,0.11,0.146,3.292,3.815,3.942,4.269,0.0943,2.396,0.1884,4.787,0.122,0.179,desbalanceado_1parafuso,2000.0
4382,2026-04-30 19:20:42.411486+00:00,0.0682,1.733,79.37,26.31,0.1283,3.26,0.579,0.923,61.0,34.1,0.111,0.137,2.871,3.332,3.685,4.527,0.0965,2.451,0.1815,4.611,0.157,0.204,desbalanceado_1parafuso,2000.0
4412,2026-04-30 19:21:42.419529+00:00,0.071,1.803,79.13,26.18,0.1404,3.566,0.43,0.76,61.0,34.1,0.12,0.163,3.184,3.715,4.13,4.568,0.1004,2.55,0.1985,5.044,0.104,0.166,desbalanceado_1parafuso,2000.0
4447,2026-04-30 19:22:52.425113+00:00,0.0736,1.869,78.8,26.0,0.1366,3.471,0.581,1.163,34.1,34.1,0.113,0.15,2.969,3.533,3.716,5.731,0.104,2.644,0.1932,4.909,0.156,0.202,desbalanceado_1parafuso,2000.0
4474,2026-04-30 19:23:46.424397+00:00,0.076,1.932,78.52,25.84,0.1376,3.495,0.559,0.739,61.0,34.1,0.125,0.164,2.947,3.423,3.81,3.753,0.1075,2.732,0.1946,4.943,0.146,0.197,desbalanceado_1parafuso,2000.0
4516,2026-04-30 19:25:10.429763+00:00,0.0721,1.832,78.52,25.84,0.1285,3.264,0.539,0.841,61.0,34.1,0.107,0.134,2.643,3.201,3.508,4.18,0.102,2.591,0.1817,4.616,0.153,0.201,desbalanceado_1parafuso,2000.0
4555,2026-04-30 19:26:28.434632+00:00,0.0678,1.722,78.61,25.89,0.1359,3.452,0.454,0.812,61.0,34.1,0.111,0.14,3.275,3.732,3.684,4.399,0.0959,2.436,0.1922,4.882,0.123,0.184,desbalanceado_1parafuso,2000.0
4597,2026-04-30 19:27:52.445010+00:00,0.0713,1.812,78.42,25.79,0.1334,3.389,0.502,0.754,61.0,34.1,0.114,0.147,3.605,3.566,4.294,4.234,0.1009,2.563,0.1887,4.793,0.117,0.178,desbalanceado_1parafuso,2000.0
4607,2026-04-30 19:28:12.441515+00:00,0.0743,1.887,78.37,25.76,0.1461,3.713,0.597,0.813,61.0,34.1,0.134,0.182,3.448,3.889,4.562,4.474,0.105,2.669,0.2067,5.251,0.131,0.181,desbalanceado_1parafuso,2000.0
4638,2026-04-30 19:29:14.447206+00:00,0.0711,1.806,78.42,25.79,0.1423,3.616,0.436,0.699,61.0,34.1,0.116,0.153,3.577,3.892,4.056,4.181,0.1005,2.554,0.2013,5.114,0.107,0.167,desbalanceado_1parafuso,2000.0
4679,2026-04-30 19:30:36.452401+00:00,0.0686,1.743,78.47,25.81,0.1343,3.413,0.542,0.863,61.0,34.1,0.111,0.146,2.857,3.397,3.472,4.223,0.097,2.465,0.19,4.827,0.156,0.204,desbalanceado_1parafuso,2000.0
4699,2026-04-30 19:31:16.453648+00:00,0.0719,1.826,78.42,25.79,0.1294,3.289,0.478,0.902,61.0,34.1,0.122,0.157,2.731,3.356,3.073,4.441,0.1017,2.583,0.1831,4.651,0.155,0.203,desbalanceado_1parafuso,2000.0
4775,2026-04-30 19:33:48.463880+00:00,0.0702,1.783,78.42,25.79,0.1452,3.688,0.503,0.735,61.0,34.1,0.118,0.164,2.936,3.505,3.505,3.863,0.0993,2.522,0.2053,5.216,0.143,0.19,desbalanceado_1parafuso,2000.0
4786,2026-04-30 19:34:10.465859+00:00,0.0635,1.614,78.37,25.76,0.1345,3.417,0.431,0.808,61.0,34.1,0.103,0.137,3.167,3.957,3.782,4.722,0.0898,2.282,0.1902,4.832,0.114,0.171,desbalanceado_1parafuso,2000.0
4908,2026-04-30 19:39:45.930580+00:00,0.0874,2.222,79.75,26.53,0.0795,2.021,0.322,0.506,19.5,61.0,0.095,0.122,4.286,4.042,4.011,4.989,0.1237,3.143,0.1125,2.858,0.08,0.101,desbalanceado_1parafuso,1000.0
5006,2026-04-30 19:43:01.942866+00:00,0.0826,2.099,79.84,26.58,0.0817,2.075,0.352,0.509,19.5,61.0,0.089,0.113,2.809,2.969,3.459,4.171,0.1168,2.968,0.1155,2.935,0.102,0.122,desbalanceado_1parafuso,1000.0
5033,2026-04-30 19:43:55.948207+00:00,0.0887,2.254,80.18,26.76,0.0831,2.112,0.434,0.444,19.5,61.0,0.104,0.126,2.376,2.444,3.614,3.243,0.1255,3.187,0.1176,2.987,0.12,0.137,desbalanceado_1parafuso,1000.0
5116,2026-04-30 19:46:41.956670+00:00,0.0816,2.074,80.23,26.79,0.0805,2.046,0.372,0.47,19.5,61.0,0.083,0.107,4.47,4.106,4.736,4.773,0.1154,2.933,0.1139,2.893,0.078,0.098,desbalanceado_1parafuso,1000.0
5130,2026-04-30 19:47:09.958327+00:00,0.0872,2.215,80.13,26.74,0.0808,2.052,0.374,0.456,17.0,61.0,0.1,0.126,2.321,2.558,3.062,3.273,0.1233,3.132,0.1142,2.902,0.122,0.139,desbalanceado_1parafuso,1000.0
5155,2026-04-30 19:47:59.961425+00:00,0.084,2.134,80.23,26.79,0.084,2.135,0.344,0.572,19.5,61.0,0.097,0.124,5.199,4.541,4.752,5.957,0.1188,3.018,0.1189,3.02,0.072,0.096,desbalanceado_1parafuso,1000.0
5197,2026-04-30 19:49:23.966012+00:00,0.0852,2.164,80.23,26.79,0.0809,2.055,0.409,0.55,17.0,61.0,0.103,0.13,2.338,2.715,3.432,3.929,0.1204,3.06,0.1144,2.907,0.119,0.14,desbalanceado_1parafuso,1000.0
5199,2026-04-30 19:49:27.966280+00:00,0.0851,2.162,80.18,26.76,0.0783,1.988,0.407,0.548,19.5,61.0,0.097,0.125,2.312,2.679,3.445,4.039,0.1204,3.058,0.1107,2.812,0.118,0.135,desbalanceado_1parafuso,1000.0
5202,2026-04-30 19:49:33.966584+00:00,0.0864,2.196,80.18,26.76,0.0836,2.125,0.238,0.343,19.5,61.0,0.097,0.127,3.264,3.881,5.404,4.736,0.1222,3.106,0.1183,3.005,0.044,0.072,desbalanceado_1parafuso,1000.0
5220,2026-04-30 19:50:09.970461+00:00,0.0834,2.118,80.18,26.76,0.0797,2.025,0.368,0.465,19.5,61.0,0.102,0.129,3.386,3.172,3.751,3.9,0.1179,2.996,0.1127,2.864,0.098,0.119,desbalanceado_1parafuso,1000.0
5221,2026-04-30 19:50:11.970480+00:00,0.0895,2.275,80.18,26.76,0.0865,2.198,0.384,0.436,19.5,61.0,0.103,0.136,4.059,3.664,4.528,4.22,0.1266,3.217,0.1223,3.108,0.084,0.103,desbalanceado_1parafuso,1000.0
5240,2026-04-30 19:50:49.971389+00:00,0.0837,2.127,80.13,26.74,0.0813,2.066,0.346,0.509,19.5,61.0,0.086,0.11,3.843,3.436,3.827,4.717,0.1184,3.008,0.115,2.922,0.09,0.108,desbalanceado_1parafuso,1000.0
5244,2026-04-30 19:50:57.973617+00:00,0.0865,2.198,79.89,26.6,0.0733,1.864,0.449,0.536,17.0,61.0,0.086,0.098,2.374,2.614,3.712,3.893,0.1223,3.108,0.1037,2.636,0.121,0.137,desbalanceado_1parafuso,1000.0
5295,2026-04-30 19:52:39.980124+00:00,0.0888,2.256,80.18,26.76,0.0837,2.126,0.321,0.405,19.5,58.5,0.09,0.114,3.873,3.824,3.765,3.928,0.1256,3.19,0.1183,3.006,0.085,0.103,desbalanceado_1parafuso,1000.0
5299,2026-04-30 19:52:47.980623+00:00,0.0907,2.304,79.84,26.58,0.0742,1.886,0.334,0.524,17.0,61.0,0.083,0.1,2.787,3.031,3.091,4.166,0.1283,3.259,0.105,2.668,0.108,0.125,desbalanceado_1parafuso,1000.0
5307,2026-04-30 19:53:03.981364+00:00,0.0823,2.091,80.18,26.76,0.0766,1.947,0.383,0.4,19.5,61.0,0.088,0.108,4.221,3.474,4.243,3.676,0.1164,2.957,0.1084,2.753,0.09,0.108,desbalanceado_1parafuso,1000.0
5311,2026-04-30 19:53:11.980235+00:00,0.08,2.032,80.13,26.74,0.0788,2.002,0.216,0.331,19.5,58.5,0.085,0.107,3.409,3.579,5.046,4.735,0.1131,2.874,0.1114,2.831,0.042,0.07,desbalanceado_1parafuso,1000.0
5315,2026-04-30 19:53:19.980709+00:00,0.09,2.287,80.08,26.71,0.0864,2.195,0.331,0.452,17.0,58.5,0.101,0.129,3.448,3.425,3.541,4.04,0.1273,3.234,0.1222,3.105,0.093,0.111,desbalanceado_1parafuso,1000.0
5392,2026-04-30 19:57:25.814409+00:00,0.0573,1.457,81.51,27.51,0.0881,2.239,0.301,0.323,9.7,56.1,0.057,0.096,7.417,6.14,5.309,4.886,0.0811,2.06,0.1247,3.167,0.056,0.066,desbalanceado_1parafuso,500.0
5427,2026-04-30 19:58:35.819460+00:00,0.0736,1.871,81.9,27.72,0.0936,2.379,0.303,0.357,9.7,56.1,0.066,0.101,2.835,2.835,3.197,3.443,0.1042,2.647,0.1324,3.364,0.095,0.103,desbalanceado_1parafuso,500.0
5445,2026-04-30 19:59:11.817815+00:00,0.0621,1.579,82.14,27.85,0.0923,2.345,0.305,0.386,9.7,56.1,0.064,0.102,2.123,2.257,2.738,3.186,0.0879,2.234,0.1306,3.317,0.111,0.121,desbalanceado_1parafuso,500.0
5491,2026-04-30 20:00:43.825500+00:00,0.0664,1.688,82.52,28.07,0.1028,2.612,0.345,0.471,9.7,56.1,0.065,0.112,3.93,3.863,4.294,5.254,0.094,2.387,0.1454,3.694,0.08,0.089,desbalanceado_1parafuso,500.0
5587,2026-04-30 20:03:55.835229+00:00,0.0585,1.487,82.81,28.23,0.0862,2.189,0.349,0.376,9.7,61.0,0.063,0.1,4.815,4.459,4.804,4.664,0.0828,2.103,0.1219,3.096,0.072,0.08,desbalanceado_1parafuso,500.0
5598,2026-04-30 20:04:17.836625+00:00,0.0668,1.698,82.96,28.31,0.1131,2.873,0.313,0.378,9.7,56.1,0.065,0.119,4.953,4.841,4.198,4.578,0.0945,2.401,0.16,4.064,0.074,0.082,desbalanceado_1parafuso,500.0
5617,2026-04-30 20:04:55.838913+00:00,0.0557,1.416,82.86,28.25,0.0911,2.315,0.328,0.352,61.0,56.1,0.067,0.103,3.615,3.567,3.741,3.705,0.0788,2.003,0.1288,3.274,0.087,0.095,desbalanceado_1parafuso,500.0
5629,2026-04-30 20:05:19.840539+00:00,0.0565,1.435,83.0,28.33,0.086,2.186,0.1,0.172,9.7,56.1,0.06,0.098,4.401,4.91,4.337,4.875,0.0799,2.029,0.1217,3.091,0.023,0.035,desbalanceado_1parafuso,500.0
5648,2026-04-30 20:05:57.847380+00:00,0.0538,1.367,83.05,28.36,0.0977,2.482,0.106,0.192,61.0,56.1,0.059,0.105,4.66,4.973,4.676,5.424,0.0761,1.933,0.1382,3.51,0.022,0.035,desbalanceado_1parafuso,500.0
5671,2026-04-30 20:06:43.846012+00:00,0.0676,1.717,83.0,28.33,0.0811,2.061,0.325,0.369,9.7,61.0,0.067,0.096,2.23,2.301,2.939,3.061,0.0956,2.428,0.1148,2.916,0.11,0.12,desbalanceado_1parafuso,500.0
5793,2026-04-30 20:10:47.860988+00:00,0.0615,1.563,83.24,28.47,0.0887,2.254,0.318,0.365,9.7,56.1,0.065,0.098,2.22,2.265,2.927,3.084,0.087,2.211,0.1255,3.188,0.108,0.118,desbalanceado_1parafuso,500.0
5872,2026-04-30 20:15:50.805754+00:00,0.068,1.729,66.31,19.06,0.1172,2.977,0.543,1.006,61.0,58.5,0.129,0.16,2.751,3.096,3.413,4.635,0.0962,2.445,0.1657,4.211,0.159,0.217,normal,2000.0
5915,2026-04-30 20:17:16.810728+00:00,0.0751,1.909,67.37,19.65,0.0961,2.443,0.569,0.81,58.5,61.0,0.139,0.16,2.769,2.885,3.47,3.566,0.1062,2.699,0.136,3.455,0.164,0.227,normal,2000.0
5955,2026-04-30 20:18:36.815489+00:00,0.0668,1.698,68.94,20.52,0.0972,2.47,0.577,0.924,58.5,61.0,0.136,0.154,2.77,2.959,3.553,3.934,0.0945,2.401,0.1375,3.494,0.162,0.235,normal,2000.0
5970,2026-04-30 20:19:06.817134+00:00,0.0802,2.039,68.06,20.03,0.099,2.515,0.572,1.059,9.7,9.7,0.129,0.145,2.805,3.108,3.532,4.733,0.1135,2.884,0.14,3.557,0.162,0.223,normal,2000.0
6002,2026-04-30 20:20:10.820664+00:00,0.0749,1.904,69.45,20.8,0.1103,2.802,0.516,0.789,61.0,61.0,0.129,0.142,2.742,3.013,3.239,3.374,0.106,2.693,0.156,3.963,0.159,0.234,normal,2000.0
6006,2026-04-30 20:20:18.821305+00:00,0.0702,1.784,70.33,21.29,0.1091,2.772,0.508,0.942,58.5,58.5,0.132,0.161,2.657,3.196,3.134,4.028,0.0993,2.523,0.1543,3.921,0.162,0.233,normal,2000.0
6051,2026-04-30 20:21:48.826704+00:00,0.069,1.754,71.02,21.68,0.1064,2.704,0.537,0.928,58.5,61.0,0.129,0.139,2.745,3.002,3.287,3.975,0.0976,2.481,0.1506,3.825,0.163,0.233,normal,2000.0
6147,2026-04-30 20:25:00.838054+00:00,0.0688,1.747,71.63,22.01,0.108,2.744,0.678,0.893,58.5,58.5,0.114,0.152,2.775,3.095,4.207,3.74,0.0973,2.472,0.1528,3.881,0.161,0.238,normal,2000.0
6168,2026-04-30 20:25:42.840352+00:00,0.079,2.007,70.74,21.52,0.0938,2.382,0.602,0.868,12.2,58.5,0.118,0.139,2.787,3.013,3.74,3.692,0.1117,2.839,0.1326,3.369,0.161,0.235,normal,2000.0
6202,2026-04-30 20:26:50.844417+00:00,0.063,1.601,70.93,21.63,0.1046,2.658,0.578,0.852,61.0,61.0,0.131,0.144,2.791,2.929,3.623,3.499,0.0891,2.264,0.148,3.76,0.159,0.243,normal,2000.0
6205,2026-04-30 20:26:56.844976+00:00,0.0688,1.748,71.12,21.73,0.0939,2.385,0.607,0.839,61.0,61.0,0.124,0.13,2.893,3.095,3.672,3.526,0.0973,2.472,0.1328,3.373,0.165,0.238,normal,2000.0
6226,2026-04-30 20:27:38.847245+00:00,0.0702,1.783,71.39,21.88,0.1115,2.832,0.574,1.035,61.0,61.0,0.122,0.161,2.815,3.197,3.575,4.233,0.0993,2.522,0.1577,4.005,0.16,0.244,normal,2000.0
6308,2026-04-30 20:30:22.857220+00:00,0.0655,1.664,72.46,22.48,0.1031,2.618,0.61,0.895,61.0,58.5,0.119,0.142,2.86,3.045,3.66,3.742,0.0926,2.354,0.1458,3.703,0.166,0.239,normal,2000.0
6407,2026-04-30 20:48:23.094308+00:00,0.0588,1.494,75.55,24.19,0.0806,2.049,0.515,0.6,61.0,61.0,0.089,0.111,2.598,2.842,4.0,4.163,0.0832,2.114,0.1141,2.898,0.128,0.144,normal,1000.0
6449,2026-04-30 20:49:47.099323+00:00,0.0626,1.592,76.02,24.45,0.0807,2.049,0.57,0.641,61.0,61.0,0.09,0.105,2.555,2.822,4.471,4.422,0.0886,2.252,0.1141,2.898,0.127,0.144,normal,1000.0
6476,2026-04-30 20:50:41.102488+00:00,0.0668,1.697,76.16,24.53,0.0827,2.103,0.501,0.544,58.5,61.0,0.092,0.121,2.611,2.859,3.891,3.733,0.0945,2.401,0.117,2.974,0.128,0.145,normal,1000.0
6585,2026-04-30 20:54:19.115302+00:00,0.0607,1.542,76.53,24.74,0.0813,2.065,0.453,0.536,61.0,61.0,0.085,0.114,2.567,2.758,3.573,3.632,0.0858,2.18,0.1149,2.92,0.126,0.147,normal,1000.0
6637,2026-04-30 20:56:03.121293+00:00,0.0646,1.641,76.68,24.82,0.0792,2.014,0.585,0.573,61.0,61.0,0.094,0.113,2.7,2.874,4.605,3.828,0.0913,2.321,0.1121,2.848,0.127,0.149,normal,1000.0
6729,2026-04-30 20:59:07.132141+00:00,0.0628,1.596,76.77,24.87,0.0804,2.042,0.565,0.59,58.5,61.0,0.09,0.116,2.688,2.881,4.375,4.033,0.0888,2.257,0.1137,2.888,0.129,0.146,normal,1000.0
6788,2026-04-30 21:01:05.139228+00:00,0.0642,1.632,76.86,24.92,0.085,2.16,0.518,0.626,61.0,58.5,0.088,0.115,2.632,2.998,4.021,4.236,0.0908,2.308,0.1202,3.055,0.128,0.147,normal,1000.0
6844,2026-04-30 21:02:57.145842+00:00,0.0654,1.661,77.0,25.0,0.0816,2.074,0.463,0.659,61.0,61.0,0.085,0.104,2.584,2.946,3.615,4.438,0.0925,2.349,0.1154,2.933,0.128,0.148,normal,1000.0
6875,2026-04-30 21:05:54.232192+00:00,0.0627,1.593,77.24,25.13,0.1193,3.031,0.489,0.581,58.5,56.1,0.073,0.129,2.598,2.671,3.905,4.18,0.0887,2.253,0.1687,4.286,0.125,0.138,normal,500.0
6906,2026-04-30 21:06:56.237659+00:00,0.0582,1.479,78.04,25.58,0.1193,3.03,0.491,0.574,58.5,56.1,0.073,0.128,2.528,2.91,3.972,4.118,0.0823,2.091,0.1687,4.286,0.123,0.139,normal,500.0
6908,2026-04-30 21:07:00.225143+00:00,0.0521,1.325,77.85,25.47,0.1076,2.735,0.469,0.583,61.0,56.1,0.071,0.12,2.463,2.883,3.812,4.275,0.0737,1.873,0.1523,3.868,0.123,0.136,normal,500.0
6914,2026-04-30 21:07:12.238463+00:00,0.0519,1.319,78.42,25.79,0.0956,2.429,0.506,0.608,61.0,56.1,0.072,0.115,2.677,2.994,4.101,4.401,0.0734,1.865,0.1352,3.435,0.123,0.138,normal,500.0
6941,2026-04-30 21:08:06.241585+00:00,0.0546,1.387,78.47,25.81,0.0969,2.462,0.443,0.467,61.0,56.1,0.073,0.114,2.497,2.683,3.598,3.433,0.0772,1.961,0.137,3.482,0.123,0.136,normal,500.0
7037,2026-04-30 21:11:18.253055+00:00,0.055,1.398,79.27,26.26,0.1077,2.737,0.383,0.617,61.0,56.1,0.075,0.12,2.375,2.843,3.195,4.56,0.0778,1.978,0.1524,3.871,0.12,0.135,normal,500.0
7049,2026-04-30 21:11:42.254385+00:00,0.0644,1.637,79.23,26.23,0.1203,3.056,0.605,0.576,58.5,56.1,0.081,0.136,2.742,2.73,4.889,4.225,0.0911,2.315,0.1701,4.323,0.123,0.136,normal,500.0
7081,2026-04-30 21:12:46.258141+00:00,0.0505,1.284,79.23,26.23,0.0975,2.478,0.495,0.617,61.0,56.1,0.073,0.116,2.664,2.894,3.999,4.515,0.0714,1.815,0.138,3.505,0.123,0.136,normal,500.0
7085,2026-04-30 21:12:54.258475+00:00,0.0583,1.482,79.23,26.23,0.1247,3.168,0.496,0.551,58.5,56.1,0.071,0.133,2.521,2.724,4.128,4.039,0.0825,2.096,0.1763,4.48,0.12,0.136,normal,500.0
7193,2026-04-30 21:16:30.271537+00:00,0.0598,1.519,79.56,26.42,0.1081,2.747,0.45,0.59,58.5,56.1,0.075,0.124,2.493,2.732,3.702,4.4,0.0845,2.148,0.153,3.886,0.121,0.134,normal,500.0
7197,2026-04-30 21:16:38.272031+00:00,0.0499,1.269,79.8,26.55,0.0895,2.275,0.427,0.453,61.0,56.1,0.071,0.114,2.427,2.614,3.48,3.317,0.0706,1.795,0.1267,3.218,0.122,0.136,normal,500.0
7339,2026-04-30 21:21:22.289883+00:00,0.0562,1.429,80.51,26.95,0.1142,2.901,0.458,0.545,61.0,56.1,0.072,0.125,2.417,2.882,3.778,4.009,0.0795,2.021,0.1615,4.103,0.121,0.136,normal,500.0
7350,2026-04-30 21:21:44.291168+00:00,0.0757,1.924,79.8,26.55,0.1259,3.199,0.426,0.529,9.7,56.1,0.078,0.137,2.442,2.799,3.531,3.935,0.1071,2.721,0.1781,4.525,0.12,0.134,normal,500.0
7389,2026-04-30 21:24:43.900415+00:00,0.0602,1.531,80.56,26.98,0.0945,2.4,0.503,0.492,61.0,56.1,0.074,0.117,2.686,2.7,4.167,3.641,0.0852,2.165,0.1336,3.395,0.12,0.135,desbalanceado_1parafuso,500.0
7393,2026-04-30 21:24:51.900969+00:00,0.0603,1.533,80.75,27.08,0.1,2.54,0.471,0.539,61.0,56.1,0.076,0.117,2.574,2.746,3.915,4.038,0.0853,2.168,0.1414,3.592,0.12,0.133,desbalanceado_1parafuso,500.0
7401,2026-04-30 21:25:07.901941+00:00,0.0535,1.361,80.56,26.98,0.097,2.465,0.46,0.522,61.0,56.1,0.069,0.117,2.431,2.697,3.849,3.947,0.0757,1.925,0.1372,3.486,0.119,0.132,desbalanceado_1parafuso,500.0
7455,2026-04-30 21:26:55.908314+00:00,0.0585,1.487,80.42,26.9,0.1087,2.762,0.396,0.514,61.0,56.1,0.077,0.122,2.339,2.789,3.31,3.861,0.0828,2.103,0.1537,3.906,0.119,0.133,desbalanceado_1parafuso,500.0
7528,2026-05-04 20:32:45.287123+00:00,0.0538,1.367,80.32,26.84,0.096,2.439,0.48,0.511,61.0,56.1,0.071,0.114,2.508,2.707,3.95,3.827,0.0761,1.933,0.1358,3.45,0.121,0.133,desbalanceado_1parafuso,500.0
7562,2026-05-04 20:33:53.291365+00:00,0.0558,1.419,80.56,26.98,0.0981,2.492,0.414,0.627,61.0,56.1,0.073,0.116,2.331,2.765,3.417,4.664,0.079,2.006,0.1387,3.525,0.121,0.134,desbalanceado_1parafuso,500.0
7580,2026-05-04 20:34:29.293310+00:00,0.0646,1.642,81.23,27.35,0.1135,2.884,0.472,0.588,9.7,56.1,0.075,0.129,2.716,2.867,3.907,4.342,0.0914,2.322,0.1606,4.079,0.12,0.135,desbalanceado_1parafuso,500.0
7626,2026-05-04 20:36:01.298796+00:00,0.0629,1.598,80.37,26.87,0.1086,2.76,0.429,0.503,61.0,56.1,0.073,0.124,2.438,2.818,3.605,3.78,0.089,2.261,0.1536,3.903,0.119,0.133,desbalanceado_1parafuso,500.0
7639,2026-05-04 20:36:27.300759+00:00,0.06,1.525,80.42,26.9,0.1064,2.703,0.403,0.553,61.0,56.1,0.075,0.121,2.358,2.765,3.368,4.078,0.0849,2.157,0.1505,3.823,0.119,0.135,desbalanceado_1parafuso,500.0
7745,2026-05-04 20:39:59.313651+00:00,0.0563,1.43,80.32,26.84,0.0898,2.281,0.52,0.545,61.0,56.1,0.072,0.109,2.554,2.795,4.241,4.047,0.0796,2.023,0.127,3.226,0.122,0.134,desbalanceado_1parafuso,500.0
7751,2026-05-04 20:40:11.313455+00:00,0.0674,1.712,80.42,26.9,0.1246,3.166,0.447,0.471,9.7,56.1,0.077,0.136,2.558,2.618,3.67,3.564,0.0953,2.421,0.1762,4.477,0.121,0.132,desbalanceado_1parafuso,500.0
7803,2026-05-04 20:41:55.320574+00:00,0.0587,1.491,80.89,27.16,0.1092,2.774,0.422,0.527,61.0,56.1,0.072,0.121,2.404,2.724,3.523,3.996,0.083,2.109,0.1544,3.923,0.12,0.131,desbalanceado_1parafuso,500.0
7811,2026-05-04 20:42:11.321691+00:00,0.0641,1.629,80.46,26.92,0.1012,2.571,0.443,0.508,9.7,56.1,0.072,0.117,2.455,2.621,3.66,3.82,0.0907,2.304,0.1431,3.636,0.121,0.133,desbalanceado_1parafuso,500.0
7859,2026-05-04 20:43:47.325104+00:00,0.0657,1.67,80.42,26.9,0.1158,2.943,0.549,0.656,58.5,56.1,0.077,0.126,2.698,3.02,4.531,4.915,0.093,2.362,0.1638,4.162,0.121,0.133,desbalanceado_1parafuso,500.0
7863,2026-05-04 20:47:31.584956+00:00,0.0763,1.939,81.04,27.24,0.0966,2.455,0.577,0.625,61.0,61.0,0.11,0.138,2.757,3.003,4.497,4.122,0.1079,2.742,0.1367,3.473,0.128,0.151,desbalanceado_1parafuso,1000.0
8036,2026-05-04 20:53:17.611251+00:00,0.0744,1.89,77.9,25.5,0.088,2.237,0.457,0.651,17.0,61.0,0.098,0.131,2.668,2.806,3.531,4.31,0.1052,2.673,0.1245,3.163,0.129,0.151,desbalanceado_1parafuso,1000.0
8096,2026-05-04 20:55:17.618275+00:00,0.0675,1.714,77.71,25.39,0.0868,2.205,0.462,0.585,61.0,61.0,0.095,0.12,2.582,2.772,3.577,3.911,0.0954,2.425,0.1228,3.119,0.129,0.149,desbalanceado_1parafuso,1000.0
8114,2026-05-04 20:55:53.620385+00:00,0.0693,1.761,77.71,25.39,0.0788,2.003,0.45,0.61,61.0,61.0,0.093,0.115,2.728,2.994,3.483,3.955,0.098,2.49,0.1115,2.833,0.129,0.154,desbalanceado_1parafuso,1000.0
8139,2026-05-04 20:56:43.623433+00:00,0.0775,1.968,78.42,25.79,0.0874,2.222,0.531,0.666,19.5,61.0,0.091,0.12,2.619,2.954,4.074,4.256,0.1096,2.784,0.1237,3.142,0.13,0.156,desbalanceado_1parafuso,1000.0
8180,2026-05-04 20:58:05.628553+00:00,0.0759,1.93,77.62,25.34,0.0804,2.043,0.508,0.797,19.5,61.0,0.095,0.115,2.532,3.301,3.998,5.181,0.1074,2.729,0.1137,2.889,0.127,0.153,desbalanceado_1parafuso,1000.0
8202,2026-05-04 20:58:49.631268+00:00,0.0654,1.661,77.57,25.31,0.0881,2.238,0.622,0.561,61.0,61.0,0.094,0.122,2.605,2.657,4.837,3.676,0.0925,2.349,0.1246,3.165,0.128,0.152,desbalanceado_1parafuso,1000.0
8208,2026-05-04 20:59:01.631857+00:00,0.0741,1.882,77.62,25.34,0.0966,2.454,0.574,0.583,61.0,61.0,0.098,0.128,2.655,2.913,4.436,3.78,0.1048,2.662,0.1366,3.471,0.129,0.154,desbalanceado_1parafuso,1000.0
8250,2026-05-04 21:00:25.636787+00:00,0.0681,1.732,77.52,25.29,0.0911,2.314,0.437,0.542,61.0,61.0,0.104,0.134,2.569,2.743,3.399,3.619,0.0964,2.449,0.1288,3.273,0.128,0.149,desbalanceado_1parafuso,1000.0
8263,2026-05-04 21:00:51.638647+00:00,0.0744,1.89,77.48,25.26,0.0925,2.351,0.433,0.675,61.0,58.5,0.104,0.131,2.593,2.836,3.379,4.551,0.1052,2.674,0.1309,3.325,0.128,0.148,desbalanceado_1parafuso,1000.0
8313,2026-05-04 21:02:31.644233+00:00,0.0599,1.521,77.52,25.29,0.0951,2.415,0.466,0.58,61.0,61.0,0.089,0.126,2.567,2.787,3.654,3.85,0.0847,2.152,0.1345,3.416,0.127,0.15,desbalanceado_1parafuso,1000.0
8317,2026-05-04 21:02:39.645029+00:00,0.0799,2.029,78.14,25.63,0.0813,2.066,0.416,0.624,19.5,61.0,0.085,0.111,2.526,2.84,3.213,4.05,0.1129,2.87,0.115,2.922,0.129,0.154,desbalanceado_1parafuso,1000.0
8342,2026-05-04 21:03:29.648110+00:00,0.0784,1.991,77.76,25.42,0.0855,2.173,0.517,0.737,61.0,61.0,0.111,0.132,2.677,3.072,4.02,4.833,0.1108,2.816,0.121,3.074,0.128,0.152,desbalanceado_1parafuso,1000.0
8383,2026-05-04 21:13:05.360300+00:00,0.0692,1.758,76.53,24.74,0.128,3.253,0.57,0.81,61.0,61.0,0.112,0.146,2.812,3.126,3.692,3.618,0.0979,2.486,0.1811,4.6,0.154,0.224,desbalanceado_1parafuso,2000.0
8514,2026-05-04 21:17:27.375573+00:00,0.0644,1.636,76.11,24.5,0.1177,2.99,0.631,0.85,58.5,34.1,0.115,0.14,2.923,3.086,4.065,3.84,0.091,2.313,0.1664,4.228,0.155,0.221,desbalanceado_1parafuso,2000.0
8530,2026-05-04 21:17:59.377659+00:00,0.0637,1.619,77.24,25.13,0.1157,2.939,0.51,0.936,58.5,34.1,0.105,0.132,2.8,3.191,3.304,4.096,0.0901,2.29,0.1636,4.156,0.154,0.228,desbalanceado_1parafuso,2000.0
8547,2026-05-04 21:18:33.379365+00:00,0.06,1.525,75.97,24.43,0.1249,3.174,0.544,0.856,61.0,34.1,0.118,0.143,2.844,3.167,3.488,3.703,0.0849,2.157,0.1767,4.489,0.156,0.231,desbalanceado_1parafuso,2000.0
8557,2026-05-04 21:18:53.380466+00:00,0.0637,1.618,75.88,24.37,0.1291,3.28,0.527,0.83,58.5,34.1,0.113,0.146,2.731,3.086,3.372,3.664,0.0901,2.289,0.1826,4.639,0.156,0.226,desbalanceado_1parafuso,2000.0
8611,2026-05-04 21:20:41.386590+00:00,0.0609,1.548,76.86,24.92,0.1196,3.037,0.581,0.793,61.0,34.1,0.104,0.134,2.839,2.896,3.695,3.452,0.0862,2.19,0.1691,4.296,0.157,0.229,desbalanceado_1parafuso,2000.0
8620,2026-05-04 21:20:59.387792+00:00,0.0596,1.515,75.88,24.37,0.1197,3.041,0.666,0.762,61.0,34.1,0.109,0.138,2.894,2.942,4.189,3.414,0.0844,2.143,0.1693,4.301,0.159,0.223,desbalanceado_1parafuso,2000.0
8654,2026-05-04 21:22:07.391741+00:00,0.0672,1.708,75.88,24.37,0.1244,3.159,0.603,1.091,61.0,34.1,0.117,0.155,2.733,3.333,3.934,4.692,0.0951,2.416,0.1759,4.468,0.153,0.232,desbalanceado_1parafuso,2000.0
8661,2026-05-04 21:22:21.392577+00:00,0.0697,1.77,75.92,24.4,0.1296,3.292,0.602,0.997,58.5,34.1,0.124,0.17,2.841,3.123,3.876,4.38,0.0985,2.504,0.1833,4.656,0.155,0.227,desbalanceado_1parafuso,2000.0
8676,2026-05-04 21:22:51.394335+00:00,0.0677,1.721,75.92,24.4,0.1109,2.817,0.558,0.939,61.0,34.1,0.115,0.132,2.811,3.183,3.58,4.142,0.0958,2.435,0.1568,3.984,0.156,0.226,desbalanceado_1parafuso,2000.0
8794,2026-05-04 21:26:47.406930+00:00,0.0665,1.689,75.74,24.3,0.1294,3.288,0.531,1.005,61.0,34.1,0.116,0.137,2.816,3.199,3.327,4.332,0.094,2.389,0.1831,4.651,0.159,0.232,desbalanceado_1parafuso,2000.0
8809,2026-05-04 21:27:17.408472+00:00,0.0629,1.599,75.74,24.3,0.1272,3.232,0.481,0.937,61.0,34.1,0.101,0.137,2.755,3.005,3.126,4.073,0.089,2.262,0.1799,4.571,0.153,0.23,desbalanceado_1parafuso,2000.0
8813,2026-05-04 21:27:25.408879+00:00,0.0725,1.843,75.78,24.32,0.1254,3.185,0.561,0.809,61.0,34.1,0.125,0.159,2.603,3.016,3.628,3.629,0.1026,2.607,0.1773,4.505,0.154,0.223,desbalanceado_1parafuso,2000.0
8815,2026-05-04 21:27:29.409200+00:00,0.0758,1.927,76.06,24.48,0.1134,2.881,0.549,0.924,58.5,34.1,0.113,0.145,2.735,3.019,3.49,4.066,0.1073,2.725,0.1604,4.075,0.157,0.227,desbalanceado_1parafuso,2000.0
8827,2026-05-04 21:27:53.410743+00:00,0.0612,1.556,75.97,24.43,0.1153,2.93,0.601,0.935,61.0,34.1,0.111,0.144,2.787,3.161,3.868,4.14,0.0866,2.201,0.1631,4.144,0.155,0.225,desbalanceado_1parafuso,2000.0
8852,2026-05-04 21:28:43.413671+00:00,0.0683,1.735,76.77,24.87,0.1266,3.216,0.553,0.945,61.0,34.1,0.122,0.147,2.726,3.181,3.449,4.042,0.0966,2.454,0.1791,4.549,0.16,0.233,desbalanceado_1parafuso,2000.0
8887,2026-05-04 21:43:58.338206+00:00,0.0615,1.563,72.05,22.25,0.0785,1.994,0.417,0.514,61.0,61.0,0.083,0.105,2.472,2.613,3.306,3.597,0.087,2.211,0.111,2.821,0.126,0.142,normal,1000.0
8981,2026-05-04 21:47:06.349208+00:00,0.0667,1.695,72.7,22.61,0.0806,2.048,0.554,0.541,61.0,58.5,0.092,0.114,2.556,2.688,4.394,3.715,0.0944,2.397,0.114,2.897,0.126,0.145,normal,1000.0
9004,2026-05-04 21:47:52.351652+00:00,0.0703,1.787,72.98,22.76,0.0768,1.951,0.483,0.671,61.0,61.0,0.091,0.107,2.545,2.748,3.785,4.606,0.0995,2.527,0.1086,2.76,0.127,0.145,normal,1000.0
9011,2026-05-04 21:48:06.352532+00:00,0.0561,1.425,73.49,23.05,0.0745,1.893,0.545,0.521,61.0,58.5,0.085,0.103,2.561,2.701,4.31,3.565,0.0793,2.015,0.1054,2.678,0.126,0.146,normal,1000.0
9020,2026-05-04 21:48:24.353687+00:00,0.0558,1.418,73.91,23.28,0.0765,1.944,0.407,0.64,58.5,61.0,0.083,0.107,2.49,2.74,3.221,4.336,0.0789,2.006,0.1082,2.749,0.126,0.147,normal,1000.0
9102,2026-05-04 21:51:08.363010+00:00,0.0595,1.512,74.24,23.46,0.0782,1.986,0.421,0.594,61.0,61.0,0.085,0.106,2.476,2.817,3.327,4.034,0.0842,2.138,0.1105,2.809,0.126,0.147,normal,1000.0
9110,2026-05-04 21:51:24.364141+00:00,0.0686,1.743,74.61,23.67,0.0822,2.089,0.453,0.617,9.7,61.0,0.089,0.116,2.517,2.802,3.559,4.157,0.097,2.465,0.1163,2.954,0.127,0.148,normal,1000.0
9115,2026-05-04 21:51:34.364625+00:00,0.0565,1.435,74.52,23.62,0.0769,1.953,0.457,0.578,61.0,61.0,0.09,0.107,2.538,2.726,3.625,3.963,0.0799,2.03,0.1087,2.762,0.126,0.146,normal,1000.0
9143,2026-05-04 21:52:30.367928+00:00,0.0575,1.46,74.66,23.7,0.0767,1.948,0.493,0.554,61.0,61.0,0.095,0.112,2.64,2.788,3.85,3.723,0.0813,2.065,0.1084,2.755,0.128,0.149,normal,1000.0
9176,2026-05-04 21:53:36.371975+00:00,0.0637,1.62,75.03,23.9,0.0786,1.996,0.454,0.523,61.0,58.5,0.084,0.112,2.472,2.537,3.595,3.655,0.0902,2.291,0.1111,2.823,0.126,0.143,normal,1000.0
9200,2026-05-04 21:54:24.374909+00:00,0.0612,1.555,76.77,24.87,0.0847,2.152,0.437,0.565,61.0,58.5,0.09,0.117,2.511,2.691,3.408,3.82,0.0865,2.199,0.1198,3.043,0.128,0.148,normal,1000.0
9206,2026-05-04 21:54:36.375449+00:00,0.0649,1.649,75.36,24.09,0.0751,1.909,0.626,0.607,9.7,61.0,0.086,0.113,2.738,2.798,4.794,3.997,0.0918,2.332,0.1063,2.7,0.13,0.151,normal,1000.0
9216,2026-05-04 21:54:56.376871+00:00,0.0571,1.45,75.74,24.3,0.0872,2.214,0.435,0.523,61.0,61.0,0.089,0.111,2.451,2.866,3.465,3.517,0.0807,2.051,0.1233,3.132,0.125,0.148,normal,1000.0
9227,2026-05-04 21:55:18.378132+00:00,0.0644,1.637,76.68,24.82,0.0809,2.055,0.421,0.492,61.0,61.0,0.092,0.11,2.491,2.688,3.345,3.394,0.0911,2.316,0.1144,2.907,0.125,0.144,normal,1000.0
9250,2026-05-04 21:56:04.380948+00:00,0.06,1.524,75.88,24.37,0.0849,2.156,0.487,0.556,61.0,61.0,0.092,0.119,2.626,2.644,3.917,3.844,0.0848,2.156,0.12,3.049,0.124,0.144,normal,1000.0
9283,2026-05-04 21:57:10.385293+00:00,0.0564,1.434,76.02,24.45,0.0768,1.952,0.455,0.633,58.5,61.0,0.091,0.115,2.705,2.789,3.582,4.293,0.0798,2.028,0.1087,2.761,0.127,0.147,normal,1000.0
9300,2026-05-04 21:57:44.387094+00:00,0.0606,1.541,76.25,24.58,0.0843,2.142,0.452,0.541,61.0,61.0,0.093,0.117,2.46,2.732,3.542,3.674,0.0857,2.179,0.1192,3.03,0.127,0.147,normal,1000.0
9302,2026-05-04 21:57:48.386437+00:00,0.059,1.498,76.25,24.58,0.0797,2.024,0.389,0.508,58.5,61.0,0.088,0.107,2.443,2.758,3.126,3.48,0.0834,2.119,0.1127,2.863,0.124,0.146,normal,1000.0
9327,2026-05-04 21:58:38.390469+00:00,0.0602,1.531,76.58,24.77,0.0776,1.972,0.458,0.571,58.5,58.5,0.09,0.113,2.553,2.823,3.618,3.945,0.0852,2.165,0.1098,2.79,0.126,0.144,normal,1000.0
9339,2026-05-04 21:59:02.392210+00:00,0.0614,1.561,76.63,24.79,0.0944,2.399,0.471,0.65,61.0,58.5,0.097,0.127,2.657,2.893,3.731,4.351,0.0869,2.207,0.1336,3.393,0.126,0.149,normal,1000.0
9345,2026-05-04 21:59:14.391056+00:00,0.0682,1.733,77.62,25.34,0.087,2.211,0.477,0.619,58.5,61.0,0.088,0.111,2.586,2.815,3.744,4.123,0.0965,2.451,0.1231,3.127,0.127,0.15,normal,1000.0
9376,2026-05-04 22:01:51.847403+00:00,0.0579,1.47,77.43,25.24,0.1184,3.008,0.398,0.619,58.5,56.1,0.072,0.13,2.528,2.751,3.323,4.597,0.0818,2.079,0.1674,4.254,0.119,0.134,normal,500.0
9377,2026-05-04 22:01:53.847614+00:00,0.0672,1.708,78.18,25.66,0.1144,2.907,0.537,0.503,9.7,56.1,0.072,0.121,2.612,2.595,4.393,3.744,0.0951,2.416,0.1618,4.112,0.122,0.134,normal,500.0
9394,2026-05-04 22:02:27.849508+00:00,0.0538,1.368,78.28,25.71,0.1056,2.682,0.48,0.474,61.0,56.1,0.074,0.118,2.529,2.578,3.925,3.502,0.0761,1.935,0.1493,3.794,0.122,0.135,normal,500.0
9406,2026-05-04 22:02:51.850980+00:00,0.055,1.398,79.51,26.39,0.0962,2.443,0.426,0.534,61.0,56.1,0.072,0.107,2.485,2.674,3.523,3.953,0.0778,1.977,0.136,3.456,0.121,0.135,normal,500.0
9423,2026-05-04 22:03:25.852953+00:00,0.0584,1.484,78.18,25.66,0.104,2.641,0.479,0.564,61.0,56.1,0.074,0.115,2.561,2.721,3.905,4.165,0.0826,2.098,0.147,3.736,0.122,0.135,normal,500.0
9430,2026-05-04 22:03:39.853639+00:00,0.0599,1.522,78.89,26.05,0.105,2.669,0.43,0.53,61.0,56.1,0.076,0.122,2.51,2.762,3.555,3.939,0.0847,2.152,0.1486,3.774,0.121,0.134,normal,500.0
9468,2026-05-04 22:04:55.857781+00:00,0.0534,1.358,78.75,25.97,0.1003,2.55,0.424,0.512,61.0,56.1,0.07,0.107,2.407,2.782,3.505,3.734,0.0756,1.92,0.1419,3.606,0.121,0.137,normal,500.0
9498,2026-05-04 22:05:55.861775+00:00,0.0515,1.31,78.99,26.1,0.1143,2.905,0.513,0.469,61.0,56.1,0.072,0.127,2.604,2.522,4.249,3.477,0.0729,1.853,0.1617,4.108,0.12,0.134,normal,500.0
9528,2026-05-04 22:06:55.864985+00:00,0.0537,1.366,79.99,26.66,0.1115,2.832,0.544,0.494,58.5,58.5,0.073,0.127,2.796,2.592,4.451,3.671,0.076,1.932,0.1577,4.005,0.122,0.134,normal,500.0
9532,2026-05-04 22:07:03.865430+00:00,0.0566,1.439,79.32,26.29,0.1162,2.951,0.387,0.614,58.5,58.5,0.077,0.128,2.508,2.722,3.193,4.55,0.0801,2.035,0.1643,4.174,0.121,0.135,normal,500.0
9600,2026-05-04 22:09:19.873352+00:00,0.0591,1.503,79.8,26.55,0.1068,2.714,0.438,0.627,61.0,56.1,0.075,0.122,2.53,2.771,3.624,4.667,0.0837,2.126,0.1511,3.838,0.12,0.134,normal,500.0
9657,2026-05-04 22:11:13.879819+00:00,0.0597,1.518,81.32,27.4,0.1119,2.843,0.44,0.559,58.5,56.1,0.076,0.121,2.619,2.576,3.662,4.181,0.0845,2.147,0.1583,4.02,0.12,0.133,normal,500.0
9707,2026-05-04 22:12:53.885893+00:00,0.0574,1.459,80.42,26.9,0.111,2.82,0.453,0.535,61.0,56.1,0.077,0.13,2.554,2.67,3.725,3.927,0.0812,2.063,0.157,3.988,0.121,0.136,normal,500.0
9721,2026-05-04 22:13:21.887526+00:00,0.0571,1.45,80.56,26.98,0.1051,2.67,0.533,0.555,61.0,56.1,0.073,0.122,2.589,2.688,4.43,4.102,0.0807,2.051,0.1486,3.776,0.12,0.135,normal,500.0
9728,2026-05-04 22:13:35.888400+00:00,0.0641,1.629,80.51,26.95,0.117,2.972,0.413,0.53,61.0,56.1,0.081,0.13,2.556,2.627,3.471,3.994,0.0907,2.304,0.1655,4.203,0.119,0.132,normal,500.0
9796,2026-05-04 22:15:51.895340+00:00,0.0611,1.552,82.43,28.01,0.1164,2.959,0.38,0.622,58.5,56.1,0.077,0.125,2.513,2.923,3.17,4.573,0.0864,2.196,0.1647,4.184,0.119,0.136,normal,500.0
9799,2026-05-04 22:15:57.896620+00:00,0.0564,1.432,80.94,27.19,0.1183,3.007,0.523,0.543,61.0,58.5,0.074,0.131,2.688,2.798,4.344,4.069,0.0797,2.026,0.1674,4.252,0.12,0.133,normal,500.0
9814,2026-05-04 22:16:27.897635+00:00,0.0578,1.469,81.08,27.27,0.1127,2.864,0.432,0.519,58.5,56.1,0.077,0.124,2.516,2.759,3.651,3.91,0.0818,2.078,0.1594,4.05,0.118,0.132,normal,500.0
9895,2026-05-04 22:21:28.329062+00:00,0.064,1.627,80.13,26.74,0.0869,2.207,0.539,0.958,61.0,61.0,0.133,0.143,2.745,3.043,3.583,4.313,0.0906,2.302,0.1229,3.122,0.15,0.222,normal,2000.0
9899,2026-05-04 22:21:36.329435+00:00,0.0596,1.515,79.99,26.66,0.0926,2.354,0.515,0.873,58.5,58.5,0.107,0.128,2.724,3.018,3.424,3.887,0.0843,2.143,0.131,3.329,0.15,0.224,normal,2000.0
9971,2026-05-04 22:24:00.338013+00:00,0.0596,1.515,80.32,26.84,0.0992,2.521,0.547,0.865,61.0,58.5,0.116,0.141,2.806,3.201,3.614,3.924,0.0843,2.142,0.1403,3.565,0.151,0.22,normal,2000.0
9982,2026-05-04 22:24:22.339309+00:00,0.0616,1.564,79.23,26.23,0.0947,2.406,0.536,0.844,61.0,61.0,0.114,0.131,2.804,3.107,3.481,3.811,0.0871,2.212,0.1339,3.402,0.154,0.221,normal,2000.0
10024,2026-05-04 22:25:46.344235+00:00,0.0686,1.742,80.13,26.74,0.1056,2.684,0.625,0.789,61.0,61.0,0.118,0.14,2.801,2.994,3.998,3.483,0.097,2.464,0.1494,3.796,0.156,0.226,normal,2000.0
10034,2026-05-04 22:26:06.345464+00:00,0.0614,1.559,79.23,26.23,0.0899,2.285,0.565,0.822,61.0,61.0,0.113,0.135,2.68,2.917,3.739,3.695,0.0868,2.205,0.1272,3.232,0.151,0.222,normal,2000.0
10057,2026-05-04 22:26:52.348265+00:00,0.0627,1.594,79.27,26.26,0.1014,2.577,0.58,0.932,61.0,58.5,0.109,0.134,2.761,3.196,3.869,4.226,0.0887,2.255,0.1435,3.645,0.15,0.22,normal,2000.0
10124,2026-05-04 22:29:06.356151+00:00,0.0801,2.036,80.03,26.68,0.0935,2.376,0.505,0.835,61.0,61.0,0.117,0.137,2.734,3.064,3.345,3.751,0.1133,2.88,0.1322,3.36,0.151,0.222,normal,2000.0
10125,2026-05-04 22:29:08.356110+00:00,0.0702,1.785,80.03,26.68,0.0889,2.258,0.504,0.821,61.0,61.0,0.114,0.127,2.693,2.977,3.258,3.598,0.0994,2.524,0.1257,3.193,0.154,0.228,normal,2000.0
10167,2026-05-04 22:30:32.361494+00:00,0.0619,1.573,81.08,27.27,0.0878,2.231,0.55,0.878,61.0,61.0,0.109,0.12,2.882,3.206,3.671,3.91,0.0876,2.225,0.1242,3.156,0.149,0.224,normal,2000.0
10176,2026-05-04 22:30:50.362515+00:00,0.0666,1.693,79.46,26.37,0.1078,2.738,0.511,0.898,58.5,58.5,0.116,0.137,2.839,3.109,3.429,3.982,0.0942,2.394,0.1524,3.872,0.149,0.225,normal,2000.0
10215,2026-05-04 22:32:08.367283+00:00,0.0627,1.593,79.51,26.39,0.1055,2.68,0.56,1.038,61.0,61.0,0.107,0.129,2.921,3.187,3.643,4.777,0.0887,2.254,0.1492,3.79,0.153,0.217,normal,2000.0
10218,2026-05-04 22:32:14.367531+00:00,0.0654,1.663,79.61,26.45,0.1008,2.562,0.527,0.815,61.0,61.0,0.116,0.134,2.816,3.126,3.51,3.692,0.0925,2.351,0.1426,3.624,0.15,0.22,normal,2000.0
10231,2026-05-04 22:32:40.369315+00:00,0.0694,1.763,79.99,26.66,0.1006,2.557,0.658,1.016,61.0,61.0,0.124,0.144,2.86,3.047,4.37,4.71,0.0981,2.493,0.1424,3.617,0.15,0.215,normal,2000.0
10239,2026-05-04 22:32:56.370265+00:00,0.065,1.651,80.18,26.76,0.1008,2.561,0.529,0.944,61.0,58.5,0.104,0.132,2.89,3.15,3.459,4.141,0.0919,2.334,0.1426,3.622,0.152,0.228,normal,2000.0
10243,2026-05-04 22:33:04.370492+00:00,0.0714,1.814,79.56,26.42,0.0933,2.37,0.469,0.839,61.0,61.0,0.113,0.129,2.697,3.086,3.112,3.756,0.101,2.566,0.132,3.352,0.15,0.223,normal,2000.0
10392,2026-05-06 20:58:54.987347+00:00,0.0659,1.676,80.51,26.95,0.1342,3.41,0.606,0.898,61.0,34.1,0.118,0.162,2.808,3.203,3.92,4.095,0.0933,2.37,0.1898,4.822,0.154,0.219,desbalanceado_1parafuso,2000.0
10394,2026-05-06 20:58:58.991333+00:00,0.0769,1.953,80.61,27.0,0.1278,3.247,0.494,0.884,61.0,34.1,0.115,0.145,2.787,3.086,3.287,4.071,0.1087,2.762,0.1808,4.593,0.15,0.217,desbalanceado_1parafuso,2000.0
10396,2026-05-06 20:59:02.991602+00:00,0.0681,1.73,80.27,26.82,0.1358,3.45,0.577,0.767,61.0,34.1,0.112,0.144,2.808,2.945,3.857,3.548,0.0963,2.447,0.192,4.879,0.149,0.216,desbalanceado_1parafuso,2000.0
10398,2026-05-06 20:59:06.991952+00:00,0.0709,1.801,80.18,26.76,0.1168,2.968,0.54,0.767,61.0,34.1,0.106,0.131,2.795,3.086,3.645,3.537,0.1003,2.547,0.1652,4.197,0.148,0.216,desbalanceado_1parafuso,2000.0
10402,2026-05-06 20:59:14.992436+00:00,0.0695,1.767,80.03,26.68,0.1368,3.477,0.546,0.803,61.0,34.1,0.12,0.151,2.898,2.946,3.687,3.763,0.0984,2.499,0.1935,4.917,0.148,0.213,desbalanceado_1parafuso,2000.0
10443,2026-05-06 21:00:36.997585+00:00,0.0703,1.787,78.75,25.97,0.1321,3.355,0.7,0.944,61.0,34.1,0.114,0.146,2.944,3.264,4.584,4.427,0.0994,2.527,0.1868,4.745,0.152,0.213,desbalanceado_1parafuso,2000.0
10459,2026-05-06 21:01:08.997136+00:00,0.0747,1.897,78.52,25.84,0.1336,3.395,0.572,0.944,61.0,34.1,0.118,0.145,2.783,3.161,3.698,4.309,0.1056,2.683,0.189,4.801,0.154,0.219,desbalanceado_1parafuso,2000.0
10469,2026-05-06 21:01:29.000569+00:00,0.0763,1.939,78.56,25.87,0.1328,3.373,0.516,0.841,61.0,34.1,0.119,0.14,2.781,3.154,3.375,3.776,0.108,2.743,0.1878,4.771,0.152,0.222,desbalanceado_1parafuso,2000.0
10470,2026-05-06 21:01:31.000771+00:00,0.0802,2.038,78.52,25.84,0.1304,3.314,0.514,0.802,9.7,34.1,0.119,0.143,2.766,3.289,3.31,3.591,0.1134,2.882,0.1845,4.687,0.155,0.223,desbalanceado_1parafuso,2000.0
10482,2026-05-06 21:01:54.998521+00:00,0.07,1.78,78.28,25.71,0.1252,3.18,0.573,0.782,58.5,34.1,0.106,0.138,2.772,2.92,3.777,3.567,0.0991,2.517,0.1771,4.498,0.151,0.219,desbalanceado_1parafuso,2000.0
10614,2026-05-06 21:06:19.017608+00:00,0.0663,1.684,78.28,25.71,0.1351,3.432,0.579,0.809,61.0,34.1,0.119,0.149,2.884,3.137,3.826,3.742,0.0937,2.382,0.191,4.853,0.151,0.216,desbalanceado_1parafuso,2000.0
10622,2026-05-06 21:06:35.018545+00:00,0.0708,1.799,78.37,25.76,0.1319,3.35,0.601,0.852,61.0,34.1,0.107,0.14,2.946,3.21,3.885,3.857,0.1001,2.544,0.1865,4.738,0.154,0.221,desbalanceado_1parafuso,2000.0
10658,2026-05-06 21:07:47.022282+00:00,0.0866,2.199,78.47,25.81,0.1431,3.635,0.561,0.917,12.2,34.1,0.124,0.159,2.864,3.25,3.726,4.169,0.1224,3.111,0.2024,5.141,0.15,0.22,desbalanceado_1parafuso,2000.0
10666,2026-05-06 21:08:03.023134+00:00,0.0681,1.73,78.8,26.0,0.1322,3.359,0.555,0.848,61.0,34.1,0.118,0.16,2.856,3.143,3.578,3.74,0.0963,2.447,0.187,4.751,0.155,0.226,desbalanceado_1parafuso,2000.0
10667,2026-05-06 21:08:05.019543+00:00,0.0681,1.73,79.51,26.39,0.1322,3.359,0.555,0.848,61.0,34.1,0.118,0.16,2.856,3.143,3.578,3.74,0.0963,2.447,0.187,4.751,0.155,0.226,desbalanceado_1parafuso,2000.0
10674,2026-05-06 21:08:19.024041+00:00,0.069,1.753,79.32,26.29,0.1343,3.411,0.543,0.902,61.0,34.1,0.113,0.147,2.749,3.043,3.592,4.12,0.0976,2.48,0.1899,4.825,0.151,0.219,desbalanceado_1parafuso,2000.0
10681,2026-05-06 21:08:33.024714+00:00,0.0715,1.816,79.94,26.63,0.1383,3.513,0.533,0.924,61.0,34.1,0.123,0.157,2.803,3.182,3.41,4.197,0.1011,2.569,0.1956,4.968,0.156,0.22,desbalanceado_1parafuso,2000.0
10684,2026-05-06 21:08:39.025052+00:00,0.0699,1.777,79.18,26.21,0.1405,3.569,0.614,0.901,61.0,34.1,0.131,0.166,2.922,3.311,3.923,4.068,0.0989,2.514,0.1987,5.047,0.156,0.221,desbalanceado_1parafuso,2000.0
10709,2026-05-06 21:09:29.027474+00:00,0.0709,1.801,78.75,25.97,0.1458,3.703,0.548,0.968,61.0,34.1,0.113,0.146,2.857,3.257,3.494,4.283,0.1003,2.547,0.2062,5.237,0.156,0.226,desbalanceado_1parafuso,2000.0
10736,2026-05-06 21:10:23.030346+00:00,0.0712,1.809,79.23,26.23,0.132,3.355,0.519,0.829,61.0,34.1,0.113,0.15,2.797,2.918,3.387,3.843,0.1007,2.559,0.1868,4.745,0.153,0.215,desbalanceado_1parafuso,2000.0
10751,2026-05-06 21:10:53.032077+00:00,0.0714,1.814,78.94,26.08,0.1436,3.647,0.551,0.865,61.0,34.1,0.11,0.148,2.722,3.111,3.694,3.85,0.101,2.565,0.2031,5.158,0.149,0.224,desbalanceado_1parafuso,2000.0
10779,2026-05-06 21:11:49.035145+00:00,0.0694,1.764,78.89,26.05,0.1333,3.387,0.563,0.862,61.0,34.1,0.119,0.151,2.777,3.233,3.654,3.975,0.0982,2.495,0.1886,4.79,0.154,0.217,desbalanceado_1parafuso,2000.0
10802,2026-05-06 21:12:35.037295+00:00,0.0678,1.722,80.27,26.82,0.1266,3.217,0.585,0.864,61.0,34.1,0.109,0.134,2.764,3.049,3.854,3.947,0.0959,2.436,0.1791,4.55,0.151,0.219,desbalanceado_1parafuso,2000.0
10846,2026-05-06 21:14:03.041988+00:00,0.0763,1.939,79.08,26.16,0.1371,3.483,0.511,0.901,61.0,34.1,0.117,0.157,2.794,3.093,3.365,4.0,0.1079,2.742,0.1939,4.926,0.152,0.225,desbalanceado_1parafuso,2000.0
10850,2026-05-06 21:14:11.041503+00:00,0.0694,1.764,80.42,26.9,0.1341,3.406,0.552,0.826,61.0,34.1,0.108,0.141,2.851,2.978,3.529,3.768,0.0982,2.495,0.1896,4.817,0.156,0.219,desbalanceado_1parafuso,2000.0
10881,2026-05-06 21:31:26.334996+00:00,0.054,1.372,69.4,20.78,0.064,1.626,0.505,0.476,58.5,61.0,0.073,0.092,2.469,2.524,3.918,3.389,0.0763,1.94,0.0905,2.299,0.129,0.14,desbalanceado_1parafuso,500.0
10895,2026-05-06 21:31:54.336787+00:00,0.0666,1.692,69.59,20.88,0.0654,1.663,0.528,0.567,9.7,61.0,0.074,0.091,2.567,2.639,4.149,4.041,0.0942,2.393,0.0926,2.352,0.127,0.14,desbalanceado_1parafuso,500.0
10931,2026-05-06 21:33:06.341751+00:00,0.0654,1.663,70.84,21.57,0.0878,2.232,0.446,0.489,9.7,58.5,0.076,0.115,2.42,2.531,3.501,3.492,0.0925,2.352,0.1242,3.156,0.127,0.14,desbalanceado_1parafuso,500.0
10945,2026-05-06 21:33:34.343677+00:00,0.0761,1.933,69.63,20.9,0.0964,2.449,0.473,0.503,9.7,58.5,0.076,0.115,2.492,2.581,3.687,3.581,0.1076,2.735,0.1363,3.463,0.128,0.14,desbalanceado_1parafuso,500.0
10984,2026-05-06 21:34:52.347973+00:00,0.0725,1.843,70.05,21.14,0.0863,2.193,0.458,0.501,9.7,58.5,0.081,0.112,2.525,2.62,3.562,3.541,0.1026,2.607,0.1221,3.101,0.128,0.141,desbalanceado_1parafuso,500.0
10986,2026-05-06 21:34:56.348280+00:00,0.0594,1.509,69.86,21.03,0.0949,2.41,0.414,0.501,61.0,58.5,0.075,0.108,2.349,2.411,3.193,3.585,0.084,2.135,0.1342,3.408,0.129,0.139,desbalanceado_1parafuso,500.0
11010,2026-05-06 21:35:44.350950+00:00,0.067,1.703,70.51,21.39,0.1038,2.638,0.477,0.671,9.7,58.5,0.074,0.114,2.47,2.71,3.73,4.765,0.0948,2.409,0.1468,3.73,0.127,0.14,desbalanceado_1parafuso,500.0
11018,2026-05-06 21:36:00.352069+00:00,0.0814,2.067,70.14,21.19,0.0849,2.158,0.46,0.501,9.7,58.5,0.073,0.111,2.382,2.611,3.591,3.557,0.1151,2.924,0.1202,3.053,0.128,0.14,desbalanceado_1parafuso,500.0
11036,2026-05-06 21:36:36.353903+00:00,0.065,1.651,70.23,21.24,0.06,1.525,0.466,0.475,9.7,61.0,0.076,0.089,2.453,2.567,3.657,3.381,0.0919,2.335,0.0849,2.157,0.127,0.14,desbalanceado_1parafuso,500.0
11076,2026-05-06 21:37:56.362060+00:00,0.0763,1.94,70.7,21.5,0.0946,2.403,0.468,0.567,9.7,58.5,0.078,0.114,2.472,2.695,3.679,3.983,0.108,2.743,0.1338,3.398,0.127,0.142,desbalanceado_1parafuso,500.0
11128,2026-05-06 21:39:40.368130+00:00,0.072,1.83,72.23,22.35,0.0748,1.9,0.552,0.52,9.7,61.0,0.077,0.098,2.599,2.674,4.332,3.7,0.1019,2.588,0.1057,2.687,0.127,0.14,desbalanceado_1parafuso,500.0
11322,2026-05-06 21:46:15.676987+00:00,0.0667,1.695,67.83,19.9,0.0927,2.354,0.395,0.586,61.0,61.0,0.086,0.11,2.385,2.704,3.019,3.881,0.0944,2.397,0.1311,3.33,0.131,0.151,desbalanceado_1parafuso,1000.0
11340,2026-05-06 21:46:51.677694+00:00,0.0671,1.705,68.75,20.42,0.0896,2.278,0.462,0.526,58.5,61.0,0.092,0.111,2.46,2.579,3.508,3.469,0.0949,2.412,0.1268,3.221,0.131,0.151,desbalanceado_1parafuso,1000.0
11441,2026-05-06 21:50:13.690782+00:00,0.0636,1.616,69.77,20.98,0.0848,2.156,0.543,0.645,58.5,58.5,0.09,0.112,2.524,2.716,4.167,4.297,0.0899,2.285,0.12,3.049,0.13,0.15,desbalanceado_1parafuso,1000.0
11446,2026-05-06 21:50:23.691335+00:00,0.069,1.752,69.59,20.88,0.0846,2.151,0.497,0.611,61.0,61.0,0.099,0.115,2.533,2.59,3.733,4.073,0.0976,2.479,0.1197,3.042,0.133,0.15,desbalanceado_1parafuso,1000.0
11460,2026-05-06 21:50:51.693173+00:00,0.0656,1.668,69.35,20.75,0.0855,2.173,0.479,0.509,61.0,61.0,0.095,0.122,2.491,2.553,3.682,3.399,0.0929,2.359,0.121,3.073,0.13,0.149,desbalanceado_1parafuso,1000.0
11491,2026-05-06 21:51:53.696730+00:00,0.0613,1.557,69.73,20.96,0.084,2.134,0.451,0.505,61.0,58.5,0.093,0.111,2.458,2.585,3.499,3.381,0.0867,2.202,0.1188,3.018,0.129,0.149,desbalanceado_1parafuso,1000.0
11519,2026-05-06 21:52:49.699994+00:00,0.0537,1.365,70.1,21.16,0.0902,2.292,0.463,0.52,61.0,61.0,0.088,0.117,2.447,2.607,3.562,3.508,0.076,1.93,0.1276,3.241,0.13,0.148,desbalanceado_1parafuso,1000.0
11550,2026-05-06 21:53:51.703827+00:00,0.0654,1.661,70.51,21.39,0.0939,2.387,0.494,0.626,61.0,61.0,0.093,0.113,2.475,2.74,3.752,4.125,0.0925,2.35,0.1329,3.376,0.131,0.151,desbalanceado_1parafuso,1000.0
11560,2026-05-06 21:54:11.705001+00:00,0.0588,1.495,70.47,21.37,0.0862,2.19,0.431,0.532,61.0,58.5,0.099,0.125,2.406,2.7,3.33,3.598,0.0832,2.115,0.1219,3.098,0.129,0.148,desbalanceado_1parafuso,1000.0
11617,2026-05-06 21:56:05.711653+00:00,0.0557,1.416,71.26,21.81,0.087,2.209,0.427,0.523,61.0,58.5,0.092,0.119,2.389,2.576,3.263,3.472,0.0788,2.002,0.123,3.125,0.13,0.15,desbalanceado_1parafuso,1000.0
11704,2026-05-06 22:37:43.146786+00:00,0.0636,1.617,76.39,24.66,0.0797,2.026,0.534,0.512,61.0,61.0,0.087,0.113,2.465,2.713,4.17,3.457,0.09,2.286,0.1128,2.865,0.128,0.148,desbalanceado_1parafuso,1000.0
11719,2026-05-06 22:38:13.154330+00:00,0.0619,1.573,76.58,24.77,0.0937,2.38,0.442,0.575,61.0,61.0,0.103,0.123,2.48,2.808,3.469,3.963,0.0876,2.225,0.1325,3.367,0.127,0.145,desbalanceado_1parafuso,1000.0
11744,2026-05-06 22:39:03.157281+00:00,0.0563,1.431,76.72,24.84,0.0816,2.073,0.436,0.528,61.0,61.0,0.09,0.118,2.46,2.777,3.437,3.502,0.0796,2.024,0.1154,2.932,0.126,0.15,desbalanceado_1parafuso,1000.0
11746,2026-05-06 22:39:07.157527+00:00,0.0565,1.437,76.53,24.74,0.0838,2.128,0.516,0.541,61.0,61.0,0.089,0.109,2.505,2.763,4.058,3.652,0.08,2.033,0.1185,3.01,0.127,0.148,desbalanceado_1parafuso,1000.0
11766,2026-05-06 22:39:47.160126+00:00,0.0603,1.533,77.62,25.34,0.087,2.212,0.446,0.561,61.0,58.5,0.102,0.121,2.49,2.834,3.554,3.812,0.0853,2.168,0.1231,3.128,0.125,0.147,desbalanceado_1parafuso,1000.0
11802,2026-05-06 22:40:59.164238+00:00,0.0723,1.838,78.14,25.63,0.0885,2.249,0.42,0.537,61.0,61.0,0.102,0.123,2.467,2.807,3.304,3.646,0.1023,2.6,0.1252,3.181,0.127,0.147,desbalanceado_1parafuso,1000.0
11825,2026-05-06 22:41:45.166955+00:00,0.0688,1.748,76.82,24.9,0.0857,2.178,0.418,0.54,61.0,61.0,0.104,0.123,2.432,2.687,3.326,3.683,0.0973,2.473,0.1212,3.08,0.125,0.146,desbalanceado_1parafuso,1000.0
11842,2026-05-06 22:42:19.165435+00:00,0.0691,1.755,76.82,24.9,0.0817,2.076,0.442,0.508,61.0,61.0,0.091,0.118,2.406,2.787,3.523,3.49,0.0977,2.482,0.1155,2.936,0.125,0.145,desbalanceado_1parafuso,1000.0
11952,2026-05-06 22:45:59.181708+00:00,0.0582,1.48,76.86,24.92,0.0956,2.429,0.41,0.601,61.0,61.0,0.097,0.127,2.486,2.799,3.252,4.068,0.0824,2.093,0.1352,3.436,0.126,0.147,desbalanceado_1parafuso,1000.0
12052,2026-05-06 22:49:19.193634+00:00,0.0555,1.411,78.33,25.73,0.0898,2.282,0.493,0.567,61.0,61.0,0.089,0.11,2.566,2.848,3.855,3.775,0.0785,1.995,0.127,3.227,0.127,0.15,desbalanceado_1parafuso,1000.0
12116,2026-05-06 22:51:27.201432+00:00,0.0649,1.649,77.33,25.18,0.0818,2.079,0.415,0.547,61.0,58.5,0.096,0.117,2.468,2.791,3.246,3.706,0.0918,2.333,0.1157,2.94,0.127,0.147,desbalanceado_1parafuso,1000.0
12121,2026-05-06 22:51:37.202010+00:00,0.0567,1.441,77.33,25.18,0.0835,2.12,0.507,0.536,61.0,61.0,0.088,0.109,2.448,2.706,4.005,3.691,0.0802,2.038,0.118,2.999,0.126,0.145,desbalanceado_1parafuso,1000.0
12217,2026-05-07 00:25:27.075303+00:00,0.0718,1.825,73.07,22.81,0.1377,3.499,0.653,1.062,61.0,34.1,0.114,0.138,2.765,3.243,4.086,4.442,0.1016,2.582,0.1948,4.949,0.159,0.239,desbalanceado_1parafuso,2000.0
12239,2026-05-07 00:26:11.077972+00:00,0.0704,1.789,73.02,22.79,0.1376,3.496,0.513,0.94,61.0,34.1,0.118,0.149,2.743,3.055,3.208,3.994,0.0996,2.531,0.1946,4.944,0.16,0.235,desbalanceado_1parafuso,2000.0
12253,2026-05-07 00:26:39.079493+00:00,0.0688,1.747,72.42,22.45,0.131,3.328,0.581,0.967,61.0,34.1,0.118,0.142,2.728,3.174,3.735,4.143,0.0973,2.471,0.1853,4.707,0.155,0.233,desbalanceado_1parafuso,2000.0
12263,2026-05-07 00:26:59.080729+00:00,0.0758,1.925,73.12,22.84,0.1319,3.352,0.534,1.045,61.0,34.1,0.122,0.162,2.833,3.027,3.334,4.272,0.1072,2.723,0.1866,4.74,0.16,0.244,desbalanceado_1parafuso,2000.0
12283,2026-05-07 00:27:39.082919+00:00,0.0747,1.899,72.23,22.35,0.1282,3.256,0.598,0.837,34.1,34.1,0.121,0.151,2.828,3.021,3.728,3.476,0.1057,2.685,0.1813,4.605,0.16,0.24,desbalanceado_1parafuso,2000.0
12288,2026-05-07 00:27:49.083637+00:00,0.0774,1.967,73.07,22.81,0.131,3.329,0.644,0.877,61.0,34.1,0.122,0.147,2.873,3.235,4.152,3.79,0.1095,2.782,0.1853,4.708,0.155,0.231,desbalanceado_1parafuso,2000.0
12323,2026-05-07 00:28:59.087786+00:00,0.0721,1.833,72.65,22.58,0.1359,3.453,0.615,0.983,61.0,34.1,0.124,0.147,2.877,2.895,3.891,4.116,0.102,2.592,0.1922,4.883,0.158,0.238,desbalanceado_1parafuso,2000.0
12342,2026-05-07 00:29:37.089997+00:00,0.068,1.727,72.32,22.4,0.1382,3.51,0.582,0.984,61.0,34.1,0.118,0.154,2.837,3.224,3.64,4.061,0.0961,2.443,0.1954,4.965,0.159,0.242,desbalanceado_1parafuso,2000.0
12352,2026-05-07 00:29:57.091312+00:00,0.0792,2.014,72.14,22.3,0.1266,3.217,0.569,0.909,9.7,34.1,0.114,0.141,2.699,3.346,3.595,3.681,0.1121,2.848,0.1791,4.55,0.158,0.247,desbalanceado_1parafuso,2000.0
12371,2026-05-07 00:30:35.093388+00:00,0.0698,1.774,72.51,22.5,0.1258,3.196,0.556,1.135,61.0,34.1,0.113,0.138,2.803,2.992,3.514,4.652,0.0987,2.509,0.1779,4.52,0.158,0.243,desbalanceado_1parafuso,2000.0
12400,2026-05-07 00:31:33.097017+00:00,0.0672,1.707,74.1,23.38,0.1254,3.185,0.682,0.806,61.0,34.1,0.117,0.14,2.873,2.752,4.25,3.335,0.095,2.415,0.1773,4.504,0.16,0.241,desbalanceado_1parafuso,2000.0
12413,2026-05-07 00:31:59.098409+00:00,0.073,1.856,74.14,23.41,0.1334,3.388,0.576,0.808,61.0,34.1,0.118,0.142,2.872,3.012,3.546,3.29,0.1033,2.625,0.1886,4.791,0.162,0.245,desbalanceado_1parafuso,2000.0
12438,2026-05-07 00:32:49.100508+00:00,0.0715,1.816,73.82,23.23,0.1256,3.191,0.566,0.89,61.0,34.1,0.12,0.148,2.666,3.113,3.564,3.8,0.1011,2.568,0.1776,4.512,0.158,0.234,desbalanceado_1parafuso,2000.0
12439,2026-05-07 00:32:51.101452+00:00,0.0734,1.864,73.82,23.23,0.1227,3.118,0.617,0.862,61.0,34.1,0.122,0.147,2.792,2.973,3.841,3.507,0.1038,2.636,0.1736,4.41,0.16,0.245,desbalanceado_1parafuso,2000.0
12446,2026-05-07 00:33:05.102380+00:00,0.0734,1.864,73.26,22.92,0.1297,3.296,0.583,1.011,61.0,34.1,0.107,0.134,2.638,3.195,3.628,4.156,0.1038,2.637,0.1835,4.661,0.16,0.243,desbalanceado_1parafuso,2000.0
12476,2026-05-07 00:34:05.105847+00:00,0.0684,1.738,74.05,23.36,0.123,3.126,0.576,0.824,61.0,34.1,0.116,0.139,2.716,3.002,3.63,3.46,0.0967,2.458,0.174,4.421,0.158,0.238,desbalanceado_1parafuso,2000.0
12486,2026-05-07 00:34:25.106961+00:00,0.068,1.727,73.26,22.92,0.1318,3.347,0.567,0.95,61.0,34.1,0.111,0.129,2.831,3.15,3.502,3.938,0.0961,2.442,0.1864,4.734,0.162,0.241,desbalanceado_1parafuso,2000.0
12488,2026-05-07 00:34:29.105469+00:00,0.0779,1.979,73.82,23.23,0.1255,3.188,0.499,1.168,61.0,34.1,0.121,0.143,2.666,3.419,3.121,4.79,0.1102,2.799,0.1775,4.509,0.159,0.243,desbalanceado_1parafuso,2000.0
12528,2026-05-07 00:35:49.112244+00:00,0.0659,1.675,73.44,23.02,0.1342,3.408,0.545,0.797,58.5,34.1,0.118,0.135,2.74,2.8,3.438,3.259,0.0932,2.369,0.1898,4.821,0.158,0.244,desbalanceado_1parafuso,2000.0
12602,2026-05-07 00:38:17.118988+00:00,0.0751,1.908,75.13,23.96,0.1318,3.348,0.515,0.951,61.0,34.1,0.117,0.143,2.775,3.164,3.288,3.911,0.1062,2.699,0.1864,4.735,0.156,0.243,desbalanceado_1parafuso,2000.0
12616,2026-05-07 00:38:45.121347+00:00,0.0658,1.672,74.1,23.38,0.1377,3.499,0.639,1.044,61.0,34.1,0.121,0.141,2.775,3.02,3.969,4.324,0.0931,2.365,0.1948,4.949,0.161,0.241,desbalanceado_1parafuso,2000.0
12628,2026-05-07 00:39:09.124197+00:00,0.0773,1.965,74.28,23.49,0.1298,3.297,0.617,0.919,61.0,34.1,0.119,0.141,2.825,2.96,3.858,3.771,0.1094,2.779,0.1835,4.663,0.16,0.243,desbalanceado_1parafuso,2000.0
12635,2026-05-07 00:39:23.124893+00:00,0.0769,1.953,74.19,23.44,0.1443,3.667,0.528,0.948,61.0,34.1,0.126,0.164,2.796,3.08,3.278,3.862,0.1087,2.763,0.2042,5.186,0.161,0.245,desbalanceado_1parafuso,2000.0
12677,2026-05-07 03:00:40.924765+00:00,0.0809,2.055,72.56,22.53,0.0992,2.522,0.456,0.606,9.7,61.0,0.08,0.107,2.473,2.555,3.535,4.327,0.1144,2.907,0.1404,3.566,0.129,0.14,desbalanceado_1parafuso,500.0
12747,2026-05-07 03:03:00.932745+00:00,0.0547,1.389,71.49,21.94,0.0617,1.567,0.408,0.627,61.0,61.0,0.076,0.093,2.4,2.713,3.246,4.413,0.0773,1.965,0.0872,2.216,0.125,0.142,desbalanceado_1parafuso,500.0
12756,2026-05-07 03:03:18.933781+00:00,0.086,2.186,71.53,21.96,0.0862,2.19,0.567,0.518,9.7,58.5,0.084,0.111,2.537,2.587,4.476,3.687,0.1217,3.092,0.1219,3.098,0.126,0.14,desbalanceado_1parafuso,500.0
12767,2026-05-07 03:03:40.931684+00:00,0.0661,1.681,71.44,21.91,0.1006,2.557,0.416,0.463,9.7,58.5,0.078,0.118,2.286,2.381,3.319,3.339,0.0936,2.377,0.1424,3.617,0.125,0.138,desbalanceado_1parafuso,500.0
12827,2026-05-07 03:05:40.942188+00:00,0.0738,1.876,71.58,21.99,0.1023,2.599,0.395,0.555,9.7,58.5,0.081,0.124,2.395,2.437,3.085,3.962,0.1044,2.654,0.1447,3.675,0.128,0.14,desbalanceado_1parafuso,500.0
12888,2026-05-07 03:07:42.946476+00:00,0.0755,1.919,73.07,22.81,0.0926,2.354,0.509,0.511,9.7,58.5,0.071,0.112,2.516,2.673,3.969,3.593,0.1068,2.715,0.131,3.329,0.128,0.142,desbalanceado_1parafuso,500.0
12890,2026-05-07 03:07:46.948339+00:00,0.0652,1.656,72.23,22.35,0.0638,1.622,0.507,0.52,9.7,61.0,0.075,0.096,2.533,2.62,3.955,3.69,0.0922,2.342,0.0903,2.294,0.128,0.14,desbalanceado_1parafuso,500.0
12906,2026-05-07 03:08:18.951169+00:00,0.0755,1.919,72.05,22.25,0.0865,2.199,0.528,0.515,9.7,58.5,0.078,0.113,2.564,2.513,4.119,3.691,0.1068,2.714,0.1224,3.11,0.128,0.139,desbalanceado_1parafuso,500.0
12945,2026-05-07 03:09:36.955944+00:00,0.0653,1.659,72.42,22.45,0.0658,1.673,0.44,0.466,9.7,61.0,0.073,0.098,2.435,2.568,3.458,3.36,0.0924,2.347,0.0931,2.366,0.127,0.138,desbalanceado_1parafuso,500.0
12979,2026-05-07 03:10:44.960021+00:00,0.0823,2.091,72.7,22.61,0.1027,2.609,0.424,0.513,9.7,58.5,0.079,0.118,2.315,2.585,3.366,3.673,0.1164,2.958,0.1453,3.69,0.126,0.139,desbalanceado_1parafuso,500.0
12984,2026-05-07 03:10:54.960511+00:00,0.0752,1.912,72.84,22.68,0.0594,1.51,0.442,0.532,9.7,61.0,0.078,0.091,2.328,2.502,3.535,3.809,0.1064,2.704,0.084,2.135,0.125,0.139,desbalanceado_1parafuso,500.0
12997,2026-05-07 03:11:20.962063+00:00,0.0586,1.488,72.74,22.63,0.0736,1.871,0.477,0.553,61.0,61.0,0.072,0.096,2.367,2.516,3.74,3.986,0.0828,2.105,0.1042,2.646,0.127,0.138,desbalanceado_1parafuso,500.0
13035,2026-05-07 03:12:36.964237+00:00,0.0735,1.868,73.3,22.94,0.1062,2.698,0.508,0.579,9.7,58.5,0.083,0.121,2.59,2.627,3.982,4.106,0.104,2.642,0.1502,3.816,0.127,0.141,desbalanceado_1parafuso,500.0
13037,2026-05-07 03:12:40.966778+00:00,0.0619,1.573,73.16,22.87,0.0876,2.225,0.373,0.604,9.7,58.5,0.076,0.101,2.338,2.718,3.016,4.424,0.0875,2.224,0.1239,3.147,0.123,0.136,desbalanceado_1parafuso,500.0
13097,2026-05-07 03:14:40.973751+00:00,0.0729,1.851,73.72,23.18,0.0872,2.216,0.494,0.591,9.7,58.5,0.073,0.106,2.461,2.723,3.974,4.3,0.1031,2.618,0.1233,3.133,0.124,0.137,desbalanceado_1parafuso,500.0
13103,2026-05-07 03:14:52.972884+00:00,0.0728,1.85,73.86,23.25,0.0765,1.944,0.509,0.605,9.7,58.5,0.073,0.102,2.587,2.676,4.01,4.338,0.103,2.616,0.1082,2.749,0.127,0.139,desbalanceado_1parafuso,500.0
13158,2026-05-07 03:16:42.980989+00:00,0.0721,1.833,74.38,23.54,0.0665,1.689,0.659,0.542,9.7,61.0,0.076,0.097,2.573,2.59,5.218,3.939,0.102,2.592,0.094,2.388,0.126,0.137,desbalanceado_1parafuso,500.0
21702,2026-05-12 05:21:48.887298+00:00,0.0654,1.661,64.6,18.11,0.0846,2.151,0.568,0.553,58.5,61.0,0.085,0.11,2.457,2.555,4.175,3.69,0.0925,2.35,0.1197,3.042,0.136,0.15,eccentric_rotor,1000.0
21707,2026-05-12 05:21:58.887991+00:00,0.0592,1.503,64.14,17.85,0.0862,2.191,0.424,0.537,61.0,61.0,0.077,0.105,2.343,2.517,3.179,3.526,0.0837,2.126,0.122,3.098,0.133,0.152,eccentric_rotor,1000.0
21735,2026-05-12 05:22:54.891355+00:00,0.0628,1.596,65.84,18.8,0.0873,2.218,0.581,0.635,58.5,61.0,0.075,0.101,2.454,2.61,4.292,4.125,0.0889,2.258,0.1235,3.137,0.135,0.154,eccentric_rotor,1000.0
21787,2026-05-12 05:24:38.897702+00:00,0.0765,1.944,65.06,18.37,0.0932,2.368,0.478,0.517,17.0,9.7,0.088,0.105,2.482,2.52,3.548,3.425,0.1082,2.749,0.1318,3.35,0.134,0.151,eccentric_rotor,1000.0
21789,2026-05-12 05:24:42.897875+00:00,0.0592,1.503,65.57,18.65,0.0784,1.993,0.49,0.562,61.0,61.0,0.079,0.102,2.391,2.551,3.61,3.654,0.0837,2.126,0.111,2.819,0.135,0.154,eccentric_rotor,1000.0
21807,2026-05-12 05:25:18.899915+00:00,0.0611,1.552,65.34,18.52,0.1009,2.564,0.439,0.705,61.0,9.7,0.086,0.1,2.43,2.68,3.271,4.627,0.0864,2.194,0.1427,3.626,0.134,0.152,eccentric_rotor,1000.0
21837,2026-05-12 05:26:18.903397+00:00,0.0793,2.015,65.71,18.72,0.1089,2.767,0.404,0.517,9.7,9.7,0.077,0.105,2.355,2.523,3.068,3.516,0.1122,2.85,0.1541,3.914,0.131,0.147,eccentric_rotor,1000.0
21888,2026-05-12 05:28:00.909618+00:00,0.0695,1.767,66.67,19.26,0.0815,2.07,0.463,0.527,61.0,61.0,0.08,0.107,2.44,2.54,3.493,3.492,0.0983,2.499,0.1152,2.927,0.132,0.151,eccentric_rotor,1000.0
21933,2026-05-12 05:29:30.915267+00:00,0.0672,1.707,67.55,19.75,0.0773,1.964,0.415,0.604,61.0,58.5,0.078,0.098,2.401,2.519,3.127,4.02,0.095,2.414,0.1093,2.778,0.132,0.15,eccentric_rotor,1000.0
21992,2026-05-13 18:12:17.957850+00:00,0.0836,2.125,68.2,20.11,0.0957,2.432,0.509,0.505,17.0,61.0,0.082,0.103,2.502,2.532,3.838,3.408,0.1183,3.005,0.1354,3.44,0.132,0.148,eccentric_rotor,1000.0
22067,2026-05-13 18:14:47.981038+00:00,0.0632,1.605,68.85,20.47,0.0762,1.937,0.409,0.494,61.0,61.0,0.085,0.106,2.404,2.536,3.079,3.28,0.0893,2.27,0.1078,2.739,0.133,0.15,eccentric_rotor,1000.0
22073,2026-05-13 18:14:59.983043+00:00,0.0602,1.529,68.75,20.42,0.0745,1.892,0.557,0.511,61.0,58.5,0.085,0.109,2.535,2.626,4.222,3.442,0.0851,2.162,0.1053,2.676,0.132,0.148,eccentric_rotor,1000.0
22117,2026-05-13 18:16:27.985495+00:00,0.066,1.676,69.45,20.8,0.0863,2.192,0.508,0.532,61.0,61.0,0.081,0.11,2.449,2.682,3.855,3.519,0.0933,2.371,0.122,3.1,0.131,0.151,eccentric_rotor,1000.0
22149,2026-05-13 18:17:31.992271+00:00,0.0749,1.904,69.35,20.75,0.0823,2.092,0.419,0.576,17.0,61.0,0.084,0.113,2.511,2.64,3.16,3.883,0.106,2.692,0.1165,2.959,0.132,0.148,eccentric_rotor,1000.0
22156,2026-05-13 18:17:45.991026+00:00,0.0677,1.72,69.59,20.88,0.0768,1.951,0.467,0.592,61.0,61.0,0.083,0.106,2.411,2.641,3.579,3.984,0.0957,2.433,0.1086,2.76,0.13,0.148,eccentric_rotor,1000.0
22171,2026-05-13 18:18:15.994980+00:00,0.0607,1.544,69.68,20.93,0.0826,2.098,0.425,0.573,58.5,61.0,0.085,0.112,2.424,2.54,3.241,3.868,0.0859,2.183,0.1168,2.967,0.131,0.148,eccentric_rotor,1000.0
22175,2026-05-13 18:18:23.995339+00:00,0.0557,1.415,71.07,21.7,0.0795,2.02,0.587,0.593,61.0,61.0,0.083,0.108,2.521,2.581,4.462,3.999,0.0788,2.002,0.1124,2.856,0.131,0.148,eccentric_rotor,1000.0
22206,2026-05-13 18:19:25.999024+00:00,0.0602,1.53,71.21,21.78,0.0769,1.953,0.445,0.604,61.0,61.0,0.085,0.117,2.398,2.687,3.407,4.029,0.0852,2.165,0.1087,2.762,0.13,0.15,eccentric_rotor,1000.0
22221,2026-05-13 18:19:56.000762+00:00,0.0695,1.765,70.14,21.19,0.079,2.006,0.512,0.608,17.0,61.0,0.083,0.106,2.424,2.612,3.936,4.16,0.0983,2.497,0.1117,2.838,0.13,0.146,eccentric_rotor,1000.0
22301,2026-05-13 18:22:36.010487+00:00,0.074,1.88,72.46,22.48,0.0746,1.895,0.475,0.55,17.0,61.0,0.083,0.103,2.377,2.649,3.619,3.598,0.1047,2.659,0.1055,2.68,0.131,0.152,eccentric_rotor,1000.0
22312,2026-05-13 18:22:58.011956+00:00,0.0722,1.834,70.93,21.63,0.0922,2.343,0.404,0.483,17.0,9.7,0.091,0.115,2.457,2.535,3.109,3.253,0.1021,2.594,0.1304,3.313,0.13,0.148,eccentric_rotor,1000.0
22335,2026-05-13 18:23:44.014844+00:00,0.0631,1.602,71.12,21.73,0.0784,1.991,0.461,0.571,61.0,61.0,0.089,0.113,2.568,2.627,3.509,3.863,0.0892,2.266,0.1109,2.816,0.131,0.148,eccentric_rotor,1000.0
22388,2026-05-13 18:25:30.021668+00:00,0.0727,1.848,71.44,21.91,0.0845,2.147,0.473,0.708,17.0,61.0,0.089,0.119,2.431,2.621,3.662,4.797,0.1029,2.613,0.1195,3.036,0.129,0.147,eccentric_rotor,1000.0
22435,2026-05-13 18:27:04.027210+00:00,0.061,1.551,71.86,22.14,0.0819,2.082,0.418,0.567,61.0,61.0,0.081,0.103,2.414,2.707,3.202,3.768,0.0863,2.194,0.1159,2.944,0.13,0.15,eccentric_rotor,1000.0
22452,2026-05-13 18:27:38.029379+00:00,0.0766,1.947,71.91,22.17,0.0843,2.142,0.468,0.535,17.0,61.0,0.085,0.11,2.385,2.557,3.598,3.687,0.1084,2.753,0.1192,3.029,0.13,0.145,eccentric_rotor,1000.0
22538,2026-05-13 18:30:30.039818+00:00,0.0619,1.574,72.32,22.4,0.0748,1.901,0.434,0.518,61.0,61.0,0.085,0.109,2.395,2.607,3.379,3.451,0.0876,2.226,0.1058,2.689,0.128,0.15,eccentric_rotor,1000.0
22544,2026-05-13 18:30:42.040747+00:00,0.0579,1.47,74.14,23.41,0.0768,1.951,0.449,0.601,61.0,61.0,0.088,0.107,2.522,2.786,3.43,3.971,0.0818,2.08,0.1086,2.759,0.13,0.151,eccentric_rotor,1000.0
22602,2026-05-13 18:32:38.047300+00:00,0.067,1.702,72.6,22.56,0.0738,1.876,0.444,0.583,61.0,61.0,0.093,0.107,2.413,2.853,3.455,3.829,0.0948,2.408,0.1044,2.653,0.128,0.152,eccentric_rotor,1000.0
22615,2026-05-13 18:33:04.048720+00:00,0.0606,1.539,72.93,22.74,0.0881,2.239,0.406,0.652,61.0,61.0,0.086,0.11,2.329,2.845,3.182,4.374,0.0857,2.177,0.1246,3.166,0.127,0.149,eccentric_rotor,1000.0
22655,2026-05-13 18:34:24.053954+00:00,0.0498,1.265,73.26,22.92,0.0935,2.376,0.432,0.58,61.0,61.0,0.083,0.113,2.427,2.722,3.378,3.925,0.0704,1.79,0.1323,3.361,0.127,0.147,eccentric_rotor,1000.0
22658,2026-05-13 18:34:30.054102+00:00,0.0692,1.76,73.68,23.15,0.0783,1.991,0.551,0.502,58.5,61.0,0.094,0.112,2.429,2.536,4.295,3.432,0.098,2.489,0.1108,2.815,0.128,0.146,eccentric_rotor,1000.0
22705,2026-05-13 18:38:41.081680+00:00,0.0574,1.46,74.8,23.77,0.0943,2.397,0.469,0.518,61.0,56.1,0.069,0.103,2.502,2.583,3.719,3.78,0.0812,2.064,0.1334,3.39,0.126,0.137,eccentric_rotor,500.0
22750,2026-05-13 18:40:11.086850+00:00,0.0583,1.481,74.56,23.64,0.1059,2.69,0.445,0.619,58.5,56.1,0.071,0.119,2.437,2.791,3.597,4.455,0.0824,2.095,0.1498,3.805,0.123,0.139,eccentric_rotor,500.0
22762,2026-05-13 18:40:35.088232+00:00,0.0532,1.353,74.7,23.72,0.1034,2.628,0.417,0.521,61.0,56.1,0.068,0.114,2.268,2.488,3.367,3.875,0.0753,1.914,0.1463,3.717,0.123,0.134,eccentric_rotor,500.0
22802,2026-05-13 18:41:55.092985+00:00,0.0536,1.362,75.13,23.96,0.1122,2.851,0.482,0.505,61.0,56.1,0.069,0.116,2.412,2.477,3.892,3.756,0.0758,1.926,0.1587,4.031,0.124,0.134,eccentric_rotor,500.0
22823,2026-05-13 18:42:37.095470+00:00,0.0511,1.299,75.45,24.14,0.0961,2.441,0.521,0.487,61.0,56.1,0.065,0.111,2.418,2.56,4.165,3.588,0.0723,1.837,0.1359,3.452,0.125,0.135,eccentric_rotor,500.0
22849,2026-05-13 18:43:29.098598+00:00,0.0488,1.24,75.69,24.27,0.0841,2.136,0.433,0.508,61.0,56.1,0.067,0.1,2.416,2.699,3.482,3.714,0.069,1.753,0.1189,3.021,0.124,0.136,eccentric_rotor,500.0
22862,2026-05-13 18:43:55.099983+00:00,0.0586,1.49,75.64,24.24,0.1065,2.705,0.386,0.517,58.5,56.1,0.07,0.117,2.344,2.514,3.127,3.786,0.0829,2.107,0.1506,3.825,0.123,0.136,eccentric_rotor,500.0
22868,2026-05-13 18:44:07.100690+00:00,0.06,1.526,75.64,24.24,0.1118,2.841,0.481,0.616,58.5,56.1,0.073,0.121,2.461,2.637,3.878,4.545,0.0849,2.158,0.1582,4.018,0.124,0.135,eccentric_rotor,500.0
22894,2026-05-13 18:44:59.103714+00:00,0.0666,1.692,75.74,24.3,0.0946,2.404,0.5,0.534,9.7,56.1,0.071,0.106,2.431,2.721,4.025,3.88,0.0942,2.394,0.1338,3.4,0.124,0.137,eccentric_rotor,500.0
22900,2026-05-13 18:45:11.104387+00:00,0.0564,1.434,75.64,24.24,0.0957,2.431,0.43,0.515,61.0,56.1,0.068,0.113,2.37,2.518,3.503,3.83,0.0798,2.029,0.1353,3.438,0.122,0.134,eccentric_rotor,500.0
22982,2026-05-13 18:47:55.113636+00:00,0.0614,1.56,76.06,24.48,0.1084,2.755,0.457,0.566,58.5,58.5,0.074,0.124,2.401,2.68,3.711,4.121,0.0868,2.206,0.1534,3.897,0.123,0.137,eccentric_rotor,500.0
23019,2026-05-13 18:49:09.117980+00:00,0.0537,1.364,76.11,24.5,0.103,2.616,0.465,0.558,61.0,56.1,0.067,0.112,2.357,2.627,3.742,4.081,0.0759,1.93,0.1456,3.7,0.124,0.136,eccentric_rotor,500.0
23070,2026-05-13 18:50:51.123860+00:00,0.0659,1.674,76.96,24.97,0.1096,2.785,0.453,0.488,9.7,56.1,0.071,0.118,2.376,2.445,3.682,3.624,0.0932,2.368,0.155,3.938,0.123,0.134,eccentric_rotor,500.0
23077,2026-05-13 18:51:05.124679+00:00,0.0743,1.888,76.39,24.66,0.0915,2.326,0.478,0.646,9.7,56.1,0.073,0.105,2.33,2.753,3.861,4.671,0.1051,2.671,0.1295,3.289,0.123,0.138,eccentric_rotor,500.0
23200,2026-05-13 18:55:11.136825+00:00,0.0575,1.462,76.68,24.82,0.1137,2.888,0.368,0.551,58.5,58.5,0.077,0.122,2.258,2.594,3.023,4.134,0.0814,2.068,0.1608,4.085,0.121,0.133,eccentric_rotor,500.0
23209,2026-05-13 18:55:29.139385+00:00,0.0544,1.384,76.91,24.95,0.1061,2.696,0.478,0.566,58.5,56.1,0.072,0.12,2.476,2.591,3.812,4.212,0.077,1.957,0.1501,3.813,0.125,0.134,eccentric_rotor,500.0
23222,2026-05-13 18:55:55.141118+00:00,0.0571,1.452,76.63,24.79,0.0914,2.322,0.439,0.562,61.0,56.1,0.069,0.109,2.493,2.736,3.555,4.184,0.0808,2.053,0.1293,3.284,0.123,0.134,eccentric_rotor,500.0
23234,2026-05-13 18:56:19.142413+00:00,0.0605,1.536,76.72,24.84,0.1174,2.983,0.429,0.548,58.5,56.1,0.074,0.125,2.397,2.569,3.48,4.073,0.0855,2.173,0.166,4.218,0.123,0.134,eccentric_rotor,500.0
23245,2026-05-13 18:56:41.143622+00:00,0.0587,1.491,77.1,25.05,0.1051,2.67,0.409,0.456,58.5,56.1,0.072,0.117,2.324,2.455,3.363,3.354,0.083,2.108,0.1486,3.776,0.121,0.136,eccentric_rotor,500.0
23291,2026-05-13 18:58:13.148775+00:00,0.0576,1.464,76.91,24.95,0.0982,2.495,0.441,0.509,61.0,56.1,0.074,0.113,2.338,2.561,3.635,3.783,0.0815,2.071,0.1389,3.529,0.121,0.134,eccentric_rotor,500.0
23297,2026-05-13 18:58:25.149496+00:00,0.057,1.449,77.38,25.21,0.104,2.642,0.455,0.492,58.5,56.1,0.075,0.121,2.4,2.511,3.733,3.712,0.0807,2.05,0.1471,3.737,0.122,0.132,eccentric_rotor,500.0
23360,2026-05-13 19:00:31.157052+00:00,0.0569,1.446,77.1,25.05,0.1042,2.648,0.491,0.477,58.5,56.1,0.072,0.119,2.443,2.552,4.02,3.505,0.0805,2.045,0.1474,3.745,0.122,0.136,eccentric_rotor,500.0
23397,2026-05-13 19:01:45.161420+00:00,0.0575,1.461,77.19,25.11,0.1126,2.86,0.422,0.671,58.5,56.1,0.073,0.122,2.355,2.789,3.423,4.942,0.0813,2.067,0.1592,4.045,0.123,0.135,eccentric_rotor,500.0
23473,2026-05-13 19:04:17.169800+00:00,0.0592,1.505,77.76,25.42,0.1098,2.789,0.428,0.517,58.5,56.1,0.073,0.119,2.363,2.571,3.549,3.899,0.0837,2.128,0.1553,3.944,0.12,0.132,eccentric_rotor,500.0
23562,2026-05-13 19:07:15.177534+00:00,0.0576,1.463,77.48,25.26,0.0985,2.502,0.471,0.555,61.0,56.1,0.076,0.114,2.424,2.639,3.831,4.115,0.0814,2.069,0.1393,3.539,0.123,0.135,eccentric_rotor,500.0
23606,2026-05-13 19:08:43.184781+00:00,0.0595,1.512,77.48,25.26,0.1116,2.836,0.413,0.56,58.5,56.1,0.076,0.125,2.385,2.703,3.399,4.123,0.0842,2.139,0.1579,4.012,0.121,0.136,eccentric_rotor,500.0
23624,2026-05-13 19:09:19.186771+00:00,0.0654,1.662,77.62,25.34,0.1024,2.603,0.484,0.597,9.7,58.5,0.072,0.118,2.437,2.644,3.962,4.413,0.0925,2.351,0.1449,3.681,0.122,0.135,eccentric_rotor,500.0
23637,2026-05-13 19:09:45.188055+00:00,0.0595,1.511,77.85,25.47,0.0857,2.177,0.435,0.561,9.7,56.1,0.066,0.098,2.259,2.579,3.556,4.178,0.0841,2.137,0.1212,3.079,0.122,0.134,eccentric_rotor,500.0
23666,2026-05-13 19:10:43.191176+00:00,0.0603,1.533,77.62,25.34,0.107,2.718,0.479,0.598,61.0,56.1,0.072,0.12,2.462,2.67,3.841,4.425,0.0853,2.168,0.1513,3.845,0.124,0.135,eccentric_rotor,500.0
23764,2026-05-13 19:36:53.081520+00:00,0.0586,1.49,74.75,23.75,0.0986,2.505,0.493,0.852,61.0,34.1,0.122,0.125,2.585,2.905,3.24,3.648,0.0829,2.107,0.1395,3.543,0.152,0.233,eccentric_rotor,2000.0
23836,2026-05-13 19:39:17.090532+00:00,0.0622,1.581,74.42,23.57,0.0998,2.536,0.544,0.821,61.0,61.0,0.12,0.134,2.692,2.885,3.521,3.399,0.088,2.237,0.1412,3.587,0.154,0.241,eccentric_rotor,2000.0
23849,2026-05-13 19:39:43.092044+00:00,0.0542,1.377,75.41,24.11,0.1067,2.71,0.491,0.837,61.0,34.1,0.11,0.126,2.687,3.073,3.213,3.443,0.0766,1.947,0.1509,3.833,0.152,0.243,eccentric_rotor,2000.0
23855,2026-05-13 19:39:55.092954+00:00,0.059,1.5,73.96,23.31,0.0975,2.478,0.581,0.957,61.0,34.1,0.11,0.123,2.787,3.152,3.752,4.072,0.0835,2.122,0.1379,3.504,0.155,0.235,eccentric_rotor,2000.0
23860,2026-05-13 19:40:05.093197+00:00,0.0663,1.684,73.96,23.31,0.1185,3.011,0.499,1.022,61.0,58.5,0.124,0.136,2.727,3.054,3.238,4.358,0.0937,2.382,0.1676,4.258,0.154,0.234,eccentric_rotor,2000.0
23874,2026-05-13 19:40:33.094781+00:00,0.0561,1.425,73.68,23.15,0.0877,2.228,0.62,1.01,61.0,61.0,0.115,0.121,2.758,3.194,4.105,4.238,0.0793,2.015,0.124,3.151,0.151,0.238,eccentric_rotor,2000.0
23885,2026-05-13 19:40:55.095925+00:00,0.0668,1.698,73.72,23.18,0.0982,2.494,0.635,1.005,61.0,58.5,0.115,0.131,2.706,2.972,4.066,4.176,0.0945,2.401,0.1388,3.527,0.156,0.24,eccentric_rotor,2000.0
23950,2026-05-13 19:43:05.103562+00:00,0.0601,1.526,73.49,23.05,0.1113,2.827,0.571,0.97,58.5,34.1,0.114,0.132,2.781,3.016,3.75,4.023,0.085,2.159,0.1574,3.998,0.152,0.241,eccentric_rotor,2000.0
23978,2026-05-13 19:44:01.105731+00:00,0.0732,1.859,73.49,23.05,0.1099,2.792,0.537,0.902,9.7,58.5,0.116,0.138,2.706,2.872,3.56,3.676,0.1035,2.629,0.1554,3.948,0.15,0.245,eccentric_rotor,2000.0
24050,2026-05-13 19:46:25.112625+00:00,0.0652,1.656,73.44,23.02,0.1099,2.792,0.585,0.825,61.0,58.5,0.129,0.152,2.683,2.934,3.851,3.352,0.0922,2.343,0.1554,3.948,0.151,0.246,eccentric_rotor,2000.0
24072,2026-05-13 19:47:09.117405+00:00,0.0575,1.461,73.49,23.05,0.1065,2.705,0.611,1.044,61.0,61.0,0.114,0.126,2.698,3.155,3.939,4.158,0.0813,2.067,0.1506,3.825,0.155,0.251,eccentric_rotor,2000.0
24079,2026-05-13 19:47:23.117981+00:00,0.0569,1.445,73.58,23.1,0.1087,2.762,0.735,0.9,61.0,61.0,0.113,0.135,2.853,2.923,4.825,3.727,0.0805,2.044,0.1537,3.906,0.152,0.241,eccentric_rotor,2000.0
24087,2026-05-13 19:47:39.118752+00:00,0.055,1.397,73.49,23.05,0.0992,2.52,0.537,0.871,61.0,34.1,0.109,0.117,2.71,2.879,3.475,3.514,0.0777,1.975,0.1403,3.564,0.154,0.247,eccentric_rotor,2000.0
24126,2026-05-13 19:48:57.122871+00:00,0.0651,1.653,73.49,23.05,0.1018,2.587,0.551,0.878,61.0,61.0,0.112,0.123,2.734,3.056,3.616,3.746,0.092,2.338,0.144,3.658,0.152,0.234,eccentric_rotor,2000.0
24139,2026-05-13 19:49:23.124572+00:00,0.0717,1.823,73.44,23.02,0.1115,2.832,0.529,0.895,61.0,61.0,0.127,0.148,2.734,3.006,3.478,3.73,0.1015,2.578,0.1577,4.006,0.152,0.24,eccentric_rotor,2000.0
24212,2026-05-13 19:51:49.133461+00:00,0.0628,1.596,73.49,23.05,0.1041,2.646,0.538,0.731,61.0,34.1,0.121,0.135,2.807,2.834,3.471,3.215,0.0889,2.258,0.1473,3.742,0.155,0.227,eccentric_rotor,2000.0
24214,2026-05-13 19:51:53.133844+00:00,0.0538,1.368,73.54,23.07,0.1008,2.561,0.568,0.81,61.0,34.1,0.11,0.12,2.685,2.967,3.67,3.421,0.0762,1.935,0.1426,3.622,0.154,0.236,eccentric_rotor,2000.0
24262,2026-05-13 19:53:29.139101+00:00,0.0597,1.517,73.58,23.1,0.1065,2.705,0.565,0.851,61.0,34.1,0.112,0.124,2.727,2.911,3.714,3.539,0.0845,2.146,0.1506,3.826,0.152,0.24,eccentric_rotor,2000.0
24266,2026-05-13 19:53:37.139545+00:00,0.0667,1.696,73.72,23.18,0.0977,2.481,0.54,0.794,61.0,34.1,0.117,0.137,2.734,2.951,3.541,3.315,0.0944,2.399,0.1381,3.509,0.152,0.239,eccentric_rotor,2000.0
24315,2026-05-13 19:55:15.144864+00:00,0.0635,1.615,73.49,23.05,0.1001,2.543,0.522,0.881,61.0,34.1,0.115,0.13,2.725,2.999,3.385,3.608,0.0899,2.284,0.1416,3.597,0.154,0.244,eccentric_rotor,2000.0
24378,2026-05-13 19:57:21.152243+00:00,0.0698,1.774,73.72,23.18,0.1005,2.555,0.617,0.839,61.0,61.0,0.119,0.138,2.787,3.033,4.08,3.438,0.0987,2.509,0.1422,3.613,0.151,0.244,eccentric_rotor,2000.0
24381,2026-05-13 19:57:27.152580+00:00,0.0676,1.718,74.8,23.77,0.12,3.049,0.588,0.843,61.0,58.5,0.136,0.159,2.923,3.228,3.844,3.482,0.0956,2.43,0.1697,4.312,0.153,0.242,eccentric_rotor,2000.0
24424,2026-05-13 19:58:53.157584+00:00,0.0602,1.53,74.47,23.59,0.1,2.54,0.523,0.867,61.0,34.1,0.117,0.12,2.723,2.9,3.45,3.544,0.0852,2.164,0.1414,3.592,0.151,0.244,eccentric_rotor,2000.0
24505,2026-05-13 20:01:35.167065+00:00,0.0557,1.416,73.54,23.07,0.1081,2.746,0.499,0.935,61.0,34.1,0.115,0.134,2.683,3.258,3.15,3.979,0.0788,2.003,0.1529,3.883,0.158,0.235,eccentric_rotor,2000.0
24575,2026-05-13 20:03:55.174838+00:00,0.0589,1.498,74.52,23.62,0.1048,2.663,0.536,0.945,58.5,58.5,0.118,0.126,2.792,2.958,3.547,3.887,0.0834,2.118,0.1482,3.766,0.151,0.243,eccentric_rotor,2000.0
24602,2026-05-13 20:04:49.177140+00:00,0.065,1.653,74.84,23.8,0.1149,2.918,0.573,0.903,61.0,34.1,0.137,0.152,2.813,3.035,3.825,3.715,0.092,2.338,0.1624,4.127,0.149,0.243,eccentric_rotor,2000.0
24611,2026-05-13 20:05:07.178840+00:00,0.0709,1.802,74.99,23.88,0.1054,2.677,0.604,1.09,61.0,34.1,0.126,0.139,2.748,3.101,3.879,4.539,0.1003,2.548,0.1491,3.787,0.155,0.24,eccentric_rotor,2000.0
24613,2026-05-13 20:05:11.179276+00:00,0.0599,1.522,73.58,23.1,0.0967,2.457,0.548,0.984,61.0,34.1,0.124,0.132,2.724,3.137,3.524,4.201,0.0847,2.152,0.1368,3.476,0.155,0.234,eccentric_rotor,2000.0
24616,2026-05-13 20:05:17.179419+00:00,0.0784,1.993,73.86,23.25,0.1183,3.006,0.597,0.956,9.7,9.7,0.12,0.135,2.855,3.052,3.914,3.995,0.1109,2.819,0.1673,4.251,0.152,0.239,eccentric_rotor,2000.0
24625,2026-05-13 20:05:35.180507+00:00,0.0592,1.506,74.38,23.54,0.1173,2.98,0.5,0.79,61.0,9.7,0.123,0.145,2.739,2.97,3.344,3.296,0.0838,2.13,0.1659,4.215,0.149,0.239,eccentric_rotor,2000.0
24629,2026-05-13 20:05:43.181086+00:00,0.056,1.424,73.58,23.1,0.1013,2.575,0.555,0.94,61.0,58.5,0.112,0.136,2.715,3.071,3.599,3.923,0.0793,2.014,0.1433,3.642,0.154,0.239,eccentric_rotor,2000.0
24632,2026-05-13 20:05:49.181427+00:00,0.0599,1.522,73.82,23.23,0.1133,2.879,0.545,0.982,61.0,34.1,0.13,0.152,2.752,3.181,3.667,3.946,0.0847,2.153,0.1603,4.072,0.148,0.248,eccentric_rotor,2000.0
24645,2026-05-13 20:06:15.182876+00:00,0.0789,2.004,73.54,23.07,0.1175,2.987,0.549,0.92,58.5,58.5,0.121,0.14,2.732,2.985,3.579,3.869,0.1115,2.834,0.1663,4.224,0.153,0.237,eccentric_rotor,2000.0
24672,2026-05-13 20:07:09.185967+00:00,0.0642,1.632,73.54,23.07,0.1093,2.778,0.646,0.928,61.0,61.0,0.137,0.167,2.776,3.168,4.196,3.918,0.0908,2.308,0.1546,3.929,0.153,0.236,eccentric_rotor,2000.0
24690,2026-05-14 00:44:39.170740+00:00,0.0651,1.655,63.86,17.7,0.118,2.997,0.673,0.964,61.0,34.1,0.12,0.137,2.877,3.281,3.833,4.231,0.0921,2.34,0.1668,4.239,0.175,0.227,eccentric_rotor,2000.0
24694,2026-05-14 00:44:47.170635+00:00,0.0667,1.694,64.05,17.8,0.1148,2.916,0.614,0.895,58.5,34.1,0.118,0.132,2.839,3.175,3.489,3.894,0.0943,2.396,0.1623,4.123,0.176,0.229,eccentric_rotor,2000.0
24723,2026-05-14 00:45:45.173906+00:00,0.0613,1.557,64.42,18.01,0.1243,3.157,0.6,0.92,58.5,34.1,0.109,0.133,2.767,3.162,3.344,3.9,0.0867,2.202,0.1758,4.465,0.179,0.235,eccentric_rotor,2000.0
24905,2026-05-14 00:51:49.195310+00:00,0.0567,1.44,67.32,19.62,0.1149,2.919,0.618,0.937,58.5,34.1,0.116,0.144,2.725,2.995,3.7,4.169,0.0802,2.037,0.1625,4.128,0.167,0.224,eccentric_rotor,2000.0
24963,2026-05-14 00:53:45.202165+00:00,0.0631,1.604,67.74,19.85,0.1173,2.98,0.666,1.005,61.0,58.5,0.115,0.139,2.742,3.092,4.152,4.213,0.0893,2.268,0.1659,4.215,0.16,0.238,eccentric_rotor,2000.0
25081,2026-05-14 00:57:41.215916+00:00,0.0584,1.485,69.86,21.03,0.1075,2.73,0.644,1.059,58.5,34.1,0.121,0.125,2.837,3.332,3.875,4.292,0.0827,2.101,0.152,3.862,0.166,0.246,eccentric_rotor,2000.0
25115,2026-05-14 00:58:49.220248+00:00,0.0676,1.717,68.94,20.52,0.1025,2.604,0.581,0.909,61.0,61.0,0.114,0.129,2.788,3.089,3.602,3.884,0.0956,2.428,0.145,3.683,0.161,0.234,eccentric_rotor,2000.0
25145,2026-05-14 00:59:49.223523+00:00,0.0768,1.951,69.12,20.62,0.1252,3.182,0.656,0.833,61.0,34.1,0.134,0.158,2.779,3.045,4.017,3.531,0.1086,2.759,0.1771,4.5,0.163,0.236,eccentric_rotor,2000.0
25167,2026-05-14 01:00:33.226119+00:00,0.0657,1.669,69.22,20.67,0.1041,2.645,0.534,0.838,12.2,34.1,0.118,0.117,2.647,2.985,3.272,3.541,0.0929,2.361,0.1472,3.74,0.163,0.236,eccentric_rotor,2000.0
25179,2026-05-14 01:00:57.227945+00:00,0.065,1.651,69.35,20.75,0.1093,2.777,0.543,0.853,61.0,34.1,0.12,0.14,2.732,3.017,3.356,3.533,0.0919,2.335,0.1546,3.927,0.161,0.241,eccentric_rotor,2000.0
25267,2026-05-14 01:03:53.238235+00:00,0.0659,1.675,70.74,21.52,0.114,2.896,0.611,1.181,61.0,34.1,0.115,0.133,2.734,3.255,3.795,4.853,0.0932,2.369,0.1612,4.095,0.161,0.243,eccentric_rotor,2000.0
25305,2026-05-14 01:05:09.242724+00:00,0.0692,1.759,70.0,21.11,0.1099,2.792,0.479,1.04,9.7,34.1,0.121,0.142,2.682,3.043,2.996,4.121,0.0979,2.487,0.1554,3.948,0.16,0.252,eccentric_rotor,2000.0
25311,2026-05-14 01:05:21.243297+00:00,0.0674,1.712,70.19,21.21,0.114,2.896,0.677,0.889,61.0,34.1,0.127,0.146,2.849,3.271,4.219,3.778,0.0953,2.421,0.1612,4.096,0.16,0.235,eccentric_rotor,2000.0
25314,2026-05-14 01:05:27.243900+00:00,0.0708,1.798,70.61,21.45,0.1123,2.853,0.574,1.123,61.0,34.1,0.131,0.135,2.671,3.396,3.52,4.551,0.1001,2.543,0.1588,4.035,0.163,0.246,eccentric_rotor,2000.0
25380,2026-05-14 01:07:39.251396+00:00,0.0663,1.685,70.98,21.65,0.1156,2.937,0.594,0.896,61.0,34.1,0.128,0.136,2.829,3.014,3.657,3.596,0.0938,2.383,0.1635,4.154,0.162,0.249,eccentric_rotor,2000.0
25428,2026-05-14 01:09:15.256353+00:00,0.0598,1.52,70.51,21.39,0.105,2.668,0.521,1.014,61.0,34.1,0.112,0.133,2.739,3.188,3.228,4.08,0.0846,2.15,0.1485,3.773,0.161,0.248,eccentric_rotor,2000.0
25432,2026-05-14 01:09:23.257661+00:00,0.0663,1.686,70.7,21.5,0.121,3.075,0.519,0.864,58.5,34.1,0.119,0.137,2.668,2.951,3.262,3.492,0.0938,2.384,0.1712,4.348,0.159,0.247,eccentric_rotor,2000.0
25474,2026-05-14 01:10:47.262783+00:00,0.0618,1.569,71.86,22.14,0.1003,2.549,0.626,0.975,61.0,34.1,0.111,0.128,2.729,3.045,4.039,3.914,0.0874,2.22,0.1419,3.605,0.155,0.249,eccentric_rotor,2000.0
25479,2026-05-14 01:10:57.263199+00:00,0.0541,1.376,70.84,21.57,0.1087,2.762,0.532,0.941,61.0,34.1,0.111,0.127,2.709,3.177,3.366,3.806,0.0766,1.946,0.1538,3.906,0.158,0.247,eccentric_rotor,2000.0
25481,2026-05-14 01:11:01.263398+00:00,0.0571,1.451,70.7,21.5,0.1129,2.869,0.609,0.961,61.0,34.1,0.119,0.128,2.805,3.01,3.826,3.882,0.0807,2.052,0.1597,4.057,0.159,0.247,eccentric_rotor,2000.0
25571,2026-05-14 01:14:01.274135+00:00,0.0605,1.539,71.91,22.17,0.1105,2.807,0.528,0.89,61.0,34.1,0.13,0.145,2.74,3.196,3.349,3.67,0.0856,2.176,0.1563,3.97,0.157,0.242,eccentric_rotor,2000.0
25623,2026-05-14 01:15:45.280508+00:00,0.0619,1.574,72.7,22.61,0.1153,2.929,0.564,0.809,61.0,34.1,0.121,0.123,2.713,2.915,3.632,3.401,0.0876,2.226,0.163,4.142,0.155,0.237,eccentric_rotor,2000.0
25629,2026-05-14 01:15:57.281293+00:00,0.062,1.575,71.3,21.83,0.1102,2.801,0.564,0.912,61.0,34.1,0.115,0.131,2.854,2.976,3.65,3.738,0.0877,2.228,0.1559,3.961,0.154,0.243,eccentric_rotor,2000.0
25641,2026-05-14 01:16:21.282613+00:00,0.0605,1.536,71.58,21.99,0.1103,2.802,0.733,0.845,61.0,34.1,0.117,0.135,2.916,2.856,4.637,3.39,0.0855,2.173,0.156,3.962,0.158,0.249,eccentric_rotor,2000.0
25776,2026-05-14 02:42:05.790133+00:00,0.0598,1.521,78.09,25.6,0.1106,2.811,0.462,0.515,58.5,56.1,0.075,0.126,2.367,2.592,3.742,3.845,0.0846,2.151,0.1565,3.975,0.123,0.134,eccentric_rotor,500.0
25816,2026-05-14 02:43:25.794701+00:00,0.0583,1.482,78.8,26.0,0.1119,2.844,0.486,0.543,58.5,56.1,0.076,0.125,2.385,2.694,3.984,4.041,0.0825,2.095,0.1583,4.022,0.122,0.134,eccentric_rotor,500.0
25832,2026-05-14 02:43:57.796444+00:00,0.0594,1.51,77.9,25.5,0.1158,2.943,0.514,0.594,58.5,56.1,0.078,0.13,2.428,2.698,4.167,4.38,0.0841,2.136,0.1638,4.162,0.123,0.135,eccentric_rotor,500.0
25842,2026-05-14 02:44:17.797830+00:00,0.0586,1.488,78.14,25.63,0.0869,2.209,0.49,0.544,61.0,56.1,0.075,0.11,2.385,2.696,4.009,3.969,0.0828,2.105,0.1229,3.124,0.122,0.137,eccentric_rotor,500.0
25845,2026-05-14 02:44:23.795967+00:00,0.0568,1.444,79.13,26.18,0.084,2.134,0.37,0.532,61.0,56.1,0.074,0.106,2.262,2.697,3.013,3.948,0.0804,2.043,0.1188,3.018,0.123,0.134,eccentric_rotor,500.0
25871,2026-05-14 02:45:15.801527+00:00,0.0586,1.488,78.47,25.81,0.0929,2.361,0.435,0.552,9.7,56.1,0.076,0.114,2.454,2.747,3.506,4.117,0.0829,2.105,0.1314,3.339,0.124,0.134,eccentric_rotor,500.0
25889,2026-05-14 02:45:51.803513+00:00,0.0574,1.459,78.47,25.81,0.1069,2.717,0.404,0.511,61.0,56.1,0.073,0.12,2.309,2.525,3.337,3.835,0.0812,2.063,0.1512,3.842,0.121,0.133,eccentric_rotor,500.0
25906,2026-05-14 02:46:25.805620+00:00,0.0559,1.422,79.27,26.26,0.0967,2.457,0.431,0.454,61.0,56.1,0.075,0.107,2.262,2.542,3.53,3.375,0.0791,2.011,0.1368,3.475,0.122,0.134,eccentric_rotor,500.0
26013,2026-05-14 02:49:59.818524+00:00,0.0585,1.487,79.51,26.39,0.091,2.312,0.391,0.599,61.0,56.1,0.075,0.107,2.371,2.696,3.169,4.463,0.0828,2.103,0.1287,3.269,0.123,0.134,eccentric_rotor,500.0
26036,2026-05-14 02:50:45.821179+00:00,0.053,1.348,78.85,26.02,0.0988,2.51,0.455,0.513,61.0,56.1,0.077,0.113,2.502,2.727,3.715,3.823,0.075,1.906,0.1397,3.55,0.122,0.134,eccentric_rotor,500.0
26039,2026-05-14 02:50:51.821466+00:00,0.0544,1.382,79.04,26.13,0.1,2.541,0.468,0.513,61.0,56.1,0.078,0.117,2.382,2.671,3.818,3.808,0.0769,1.955,0.1415,3.594,0.122,0.134,eccentric_rotor,500.0
26060,2026-05-14 02:51:33.824172+00:00,0.0501,1.274,78.66,25.92,0.0997,2.532,0.45,0.482,61.0,56.1,0.073,0.118,2.436,2.552,3.715,3.587,0.0709,1.802,0.141,3.581,0.121,0.134,eccentric_rotor,500.0
26076,2026-05-14 02:52:05.825871+00:00,0.0607,1.543,78.8,26.0,0.1102,2.799,0.432,0.527,58.5,58.5,0.079,0.128,2.425,2.695,3.485,3.901,0.0859,2.183,0.1558,3.958,0.124,0.135,eccentric_rotor,500.0
26130,2026-05-14 02:53:53.832381+00:00,0.0606,1.539,79.04,26.13,0.1048,2.663,0.471,0.441,58.5,56.1,0.078,0.122,2.391,2.621,3.849,3.259,0.0857,2.177,0.1482,3.766,0.122,0.135,eccentric_rotor,500.0
26159,2026-05-14 02:54:51.835884+00:00,0.0616,1.566,78.85,26.02,0.1169,2.97,0.425,0.572,58.5,56.1,0.08,0.13,2.464,2.72,3.485,4.349,0.0872,2.215,0.1654,4.201,0.121,0.131,eccentric_rotor,500.0
26162,2026-05-14 02:54:57.836274+00:00,0.0582,1.479,79.18,26.21,0.0987,2.507,0.485,0.536,61.0,56.1,0.072,0.111,2.319,2.437,4.069,4.067,0.0823,2.091,0.1395,3.545,0.119,0.131,eccentric_rotor,500.0
26307,2026-05-14 02:59:47.853274+00:00,0.0622,1.58,78.89,26.05,0.1102,2.8,0.579,0.573,58.5,56.1,0.078,0.121,2.598,2.601,4.707,4.292,0.088,2.235,0.1559,3.96,0.123,0.133,eccentric_rotor,500.0
26308,2026-05-14 02:59:49.853354+00:00,0.0612,1.555,80.03,26.68,0.1157,2.938,0.46,0.473,61.0,56.1,0.072,0.121,2.315,2.584,3.84,3.581,0.0865,2.199,0.1636,4.156,0.119,0.132,eccentric_rotor,500.0
26313,2026-05-14 02:59:59.853909+00:00,0.0569,1.445,78.89,26.05,0.1178,2.994,0.476,0.571,58.5,58.5,0.074,0.129,2.398,2.827,3.936,4.205,0.0805,2.044,0.1667,4.234,0.121,0.135,eccentric_rotor,500.0
26317,2026-05-14 03:00:07.854377+00:00,0.0551,1.401,78.94,26.08,0.0909,2.309,0.475,0.507,61.0,56.1,0.077,0.109,2.352,2.585,3.863,3.776,0.078,1.981,0.1285,3.265,0.123,0.134,eccentric_rotor,500.0
26397,2026-05-14 03:02:47.864130+00:00,0.0595,1.511,78.89,26.05,0.1188,3.019,0.496,0.47,58.5,56.1,0.084,0.129,2.418,2.645,4.112,3.524,0.0841,2.138,0.1681,4.27,0.12,0.133,eccentric_rotor,500.0
26415,2026-05-14 03:03:23.866200+00:00,0.0542,1.377,80.27,26.82,0.1029,2.614,0.484,0.514,61.0,56.1,0.07,0.114,2.285,2.569,4.041,3.869,0.0767,1.948,0.1455,3.697,0.119,0.132,eccentric_rotor,500.0
26441,2026-05-14 03:04:15.869769+00:00,0.0537,1.364,78.94,26.08,0.1033,2.625,0.48,0.671,61.0,56.1,0.073,0.114,2.348,2.624,3.975,5.032,0.0759,1.928,0.1462,3.713,0.12,0.133,eccentric_rotor,500.0
26459,2026-05-14 03:04:51.871902+00:00,0.0562,1.427,78.94,26.08,0.1081,2.747,0.422,0.567,58.5,56.1,0.077,0.12,2.387,2.602,3.485,4.2,0.0794,2.019,0.1529,3.886,0.121,0.135,eccentric_rotor,500.0
26465,2026-05-14 03:05:03.872572+00:00,0.0668,1.697,78.94,26.08,0.1113,2.828,0.436,0.667,58.5,56.1,0.08,0.131,2.489,2.677,3.532,4.966,0.0944,2.4,0.1574,4.0,0.123,0.134,eccentric_rotor,500.0
26506,2026-05-14 03:06:25.877040+00:00,0.0646,1.641,79.04,26.13,0.117,2.972,0.55,0.551,9.7,56.1,0.077,0.13,2.511,2.527,4.528,4.152,0.0913,2.321,0.1655,4.204,0.121,0.132,eccentric_rotor,500.0
26552,2026-05-14 03:07:57.882647+00:00,0.0709,1.801,78.99,26.1,0.1085,2.756,0.439,0.488,9.7,56.1,0.075,0.12,2.353,2.652,3.623,3.627,0.1002,2.547,0.1534,3.898,0.121,0.134,eccentric_rotor,500.0
26561,2026-05-14 03:08:15.885767+00:00,0.0534,1.356,78.94,26.08,0.0986,2.504,0.458,0.707,58.5,56.1,0.075,0.119,2.358,2.664,3.722,5.251,0.0755,1.918,0.1394,3.542,0.123,0.134,eccentric_rotor,500.0
26615,2026-05-14 03:10:03.889913+00:00,0.0608,1.545,78.94,26.08,0.1131,2.873,0.457,0.488,58.5,56.1,0.075,0.127,2.347,2.689,3.725,3.616,0.086,2.186,0.16,4.064,0.122,0.135,eccentric_rotor,500.0
26640,2026-05-14 03:10:53.893038+00:00,0.0584,1.483,79.51,26.39,0.1013,2.575,0.48,0.44,61.0,56.1,0.074,0.116,2.354,2.535,3.937,3.306,0.0826,2.098,0.1433,3.642,0.121,0.133,eccentric_rotor,500.0
26683,2026-05-14 03:12:19.898119+00:00,0.0589,1.497,78.99,26.1,0.1205,3.061,0.411,0.577,58.5,56.1,0.078,0.134,2.33,2.711,3.349,4.247,0.0833,2.117,0.1704,4.329,0.122,0.135,eccentric_rotor,500.0
26715,2026-05-14 05:36:11.624612+00:00,0.0559,1.42,78.33,25.73,0.0866,2.2,0.521,0.547,61.0,61.0,0.084,0.106,2.562,2.791,4.095,3.767,0.0791,2.009,0.1224,3.111,0.127,0.145,eccentric_rotor,1000.0
26726,2026-05-14 05:36:33.625938+00:00,0.0652,1.657,77.85,25.47,0.0903,2.293,0.573,0.547,61.0,61.0,0.101,0.122,2.525,2.763,4.555,3.827,0.0923,2.344,0.1277,3.244,0.125,0.143,eccentric_rotor,1000.0
26731,2026-05-14 05:36:43.624844+00:00,0.0689,1.75,79.42,26.34,0.0763,1.94,0.43,0.551,61.0,61.0,0.09,0.118,2.356,2.825,3.363,3.723,0.0974,2.474,0.108,2.744,0.127,0.148,eccentric_rotor,1000.0
26748,2026-05-14 05:37:17.628525+00:00,0.0616,1.565,78.8,26.0,0.085,2.159,0.496,0.59,58.5,61.0,0.089,0.109,2.614,2.814,3.887,4.015,0.0871,2.213,0.1202,3.054,0.127,0.147,eccentric_rotor,1000.0
26799,2026-05-14 05:38:59.631331+00:00,0.0699,1.776,77.1,25.05,0.0825,2.097,0.536,0.547,61.0,61.0,0.092,0.113,2.467,2.711,4.196,3.718,0.0989,2.512,0.1168,2.966,0.127,0.147,eccentric_rotor,1000.0
26814,2026-05-14 05:39:29.636445+00:00,0.056,1.424,77.76,25.42,0.0818,2.079,0.536,0.537,61.0,61.0,0.089,0.109,2.408,2.745,4.241,3.671,0.0793,2.014,0.1157,2.94,0.126,0.146,eccentric_rotor,1000.0
26831,2026-05-14 05:40:03.638510+00:00,0.0693,1.76,77.1,25.05,0.075,1.907,0.459,0.552,17.0,61.0,0.091,0.112,2.49,2.726,3.647,3.823,0.098,2.489,0.1061,2.697,0.125,0.144,eccentric_rotor,1000.0
26972,2026-05-14 05:44:45.654418+00:00,0.0625,1.589,76.77,24.87,0.0782,1.987,0.578,0.529,61.0,61.0,0.098,0.125,2.466,2.741,4.611,3.62,0.0885,2.247,0.1106,2.81,0.125,0.146,eccentric_rotor,1000.0
27002,2026-05-14 05:45:45.657817+00:00,0.0604,1.534,77.19,25.11,0.0843,2.141,0.438,0.54,61.0,61.0,0.086,0.108,2.453,2.833,3.435,3.624,0.0854,2.169,0.1192,3.028,0.127,0.149,eccentric_rotor,1000.0
27040,2026-05-14 05:47:01.662582+00:00,0.0662,1.682,76.3,24.61,0.0873,2.217,0.585,0.606,61.0,61.0,0.089,0.115,2.695,2.649,4.462,4.157,0.0936,2.379,0.1234,3.135,0.131,0.145,eccentric_rotor,1000.0
27057,2026-05-14 05:47:35.664669+00:00,0.0587,1.493,76.3,24.61,0.0801,2.035,0.466,0.574,58.5,61.0,0.087,0.114,2.555,2.774,3.682,3.915,0.0831,2.111,0.1133,2.878,0.126,0.146,eccentric_rotor,1000.0
27176,2026-05-14 05:51:33.679046+00:00,0.0698,1.774,76.63,24.79,0.0723,1.837,0.467,0.622,17.0,61.0,0.088,0.103,2.452,2.678,3.684,4.278,0.0987,2.508,0.1023,2.599,0.126,0.145,eccentric_rotor,1000.0
27183,2026-05-14 05:51:47.679916+00:00,0.0693,1.761,76.58,24.77,0.0799,2.03,0.491,0.593,58.5,61.0,0.092,0.113,2.518,2.779,3.858,4.07,0.098,2.491,0.113,2.871,0.127,0.145,eccentric_rotor,1000.0
27230,2026-05-14 05:53:21.685415+00:00,0.0777,1.975,76.16,24.53,0.0762,1.936,0.436,0.708,17.0,61.0,0.093,0.111,2.38,2.863,3.426,4.798,0.11,2.794,0.1078,2.738,0.127,0.147,eccentric_rotor,1000.0
27283,2026-05-14 05:55:07.692089+00:00,0.0578,1.468,77.19,25.11,0.0846,2.15,0.495,0.518,61.0,61.0,0.089,0.106,2.455,2.643,3.932,3.453,0.0817,2.077,0.1197,3.041,0.126,0.15,eccentric_rotor,1000.0
27339,2026-05-14 05:56:59.698380+00:00,0.0594,1.509,76.16,24.53,0.0734,1.864,0.471,0.555,61.0,58.5,0.085,0.108,2.493,2.765,3.607,3.719,0.084,2.134,0.1038,2.636,0.13,0.149,eccentric_rotor,1000.0
27340,2026-05-14 05:57:01.698474+00:00,0.0594,1.509,76.02,24.45,0.0734,1.864,0.471,0.555,61.0,58.5,0.085,0.108,2.493,2.765,3.607,3.719,0.084,2.134,0.1038,2.636,0.13,0.149,eccentric_rotor,1000.0
27377,2026-05-14 05:58:15.702846+00:00,0.0659,1.675,76.02,24.45,0.0697,1.77,0.428,0.488,61.0,61.0,0.093,0.106,2.365,2.612,3.322,3.339,0.0932,2.369,0.0985,2.504,0.128,0.146,eccentric_rotor,1000.0
27379,2026-05-14 05:58:19.703185+00:00,0.0725,1.842,76.06,24.48,0.0831,2.113,0.466,0.484,14.6,61.0,0.091,0.117,2.428,2.662,3.693,3.319,0.1025,2.605,0.1176,2.988,0.126,0.145,eccentric_rotor,1000.0
27398,2026-05-14 05:58:57.705336+00:00,0.0636,1.615,75.97,24.43,0.0796,2.024,0.538,0.56,61.0,61.0,0.083,0.111,2.498,2.779,4.211,3.814,0.0899,2.285,0.1127,2.862,0.127,0.146,eccentric_rotor,1000.0
27430,2026-05-14 06:00:01.709249+00:00,0.0673,1.711,76.58,24.77,0.0786,1.998,0.463,0.645,58.5,61.0,0.088,0.114,2.48,2.741,3.647,4.346,0.0952,2.419,0.1112,2.826,0.127,0.148,eccentric_rotor,1000.0
27434,2026-05-14 06:00:09.709468+00:00,0.0668,1.698,75.92,24.4,0.0896,2.276,0.457,0.591,61.0,61.0,0.095,0.116,2.463,2.766,3.517,3.94,0.0945,2.402,0.1267,3.219,0.13,0.149,eccentric_rotor,1000.0
27464,2026-05-14 06:01:09.713229+00:00,0.064,1.627,75.83,24.35,0.0802,2.037,0.444,0.802,17.0,61.0,0.087,0.109,2.492,2.836,3.419,5.35,0.0905,2.301,0.1134,2.881,0.13,0.149,eccentric_rotor,1000.0
27569,2026-05-14 06:04:39.725668+00:00,0.057,1.448,75.88,24.37,0.0772,1.961,0.495,0.519,61.0,61.0,0.09,0.113,2.475,2.685,3.911,3.428,0.0806,2.049,0.1092,2.774,0.126,0.151,eccentric_rotor,1000.0
27609,2026-05-14 06:05:59.730486+00:00,0.0648,1.647,76.82,24.9,0.0777,1.974,0.491,0.577,61.0,61.0,0.094,0.108,2.549,2.762,3.812,3.89,0.0917,2.329,0.1099,2.792,0.128,0.148,eccentric_rotor,1000.0
27630,2026-05-14 06:06:41.733022+00:00,0.0612,1.555,75.83,24.35,0.0817,2.077,0.469,0.604,61.0,61.0,0.092,0.11,2.5,2.71,3.636,4.059,0.0866,2.2,0.1156,2.938,0.129,0.148,eccentric_rotor,1000.0
27642,2026-05-14 06:07:05.734357+00:00,0.0631,1.604,76.16,24.53,0.0847,2.153,0.48,0.605,61.0,61.0,0.092,0.121,2.536,2.701,3.729,4.116,0.0893,2.268,0.1198,3.045,0.128,0.147,eccentric_rotor,1000.0
27672,2026-05-14 06:08:05.738033+00:00,0.063,1.601,77.0,25.0,0.078,1.982,0.494,0.525,61.0,58.5,0.09,0.112,2.514,2.656,3.835,3.613,0.0891,2.264,0.1104,2.804,0.128,0.145,eccentric_rotor,1000.0
27718,2026-05-14 06:51:55.139647+00:00,0.0616,1.566,63.45,17.47,0.0814,2.068,0.44,0.646,61.0,61.0,0.07,0.1,2.371,2.542,3.338,4.485,0.0872,2.215,0.1151,2.924,0.131,0.144,eccentric_rotor,500.0
27728,2026-05-14 06:52:15.141745+00:00,0.084,2.134,63.49,17.49,0.1116,2.834,0.447,0.485,9.7,58.5,0.072,0.106,2.366,2.374,3.411,3.429,0.1188,3.017,0.1578,4.008,0.131,0.141,eccentric_rotor,500.0
27780,2026-05-14 06:53:59.147767+00:00,0.0559,1.421,64.14,17.85,0.1056,2.683,0.437,0.598,61.0,58.5,0.075,0.101,2.42,2.586,3.193,3.991,0.0791,2.01,0.1494,3.794,0.137,0.149,eccentric_rotor,500.0
27807,2026-05-14 06:54:53.149928+00:00,0.062,1.577,64.23,17.9,0.0995,2.529,0.422,0.517,9.7,12.2,0.072,0.095,2.337,2.492,3.218,3.56,0.0878,2.23,0.1408,3.577,0.131,0.145,eccentric_rotor,500.0
27811,2026-05-14 06:55:01.151398+00:00,0.0676,1.718,64.28,17.93,0.1119,2.844,0.464,0.549,58.5,58.5,0.069,0.106,2.304,2.448,3.515,3.789,0.0956,2.43,0.1583,4.022,0.132,0.145,eccentric_rotor,500.0
27827,2026-05-14 06:55:33.153389+00:00,0.0518,1.318,66.35,19.08,0.0621,1.578,0.429,0.515,61.0,61.0,0.07,0.087,2.321,2.386,3.235,3.561,0.0733,1.864,0.0879,2.232,0.132,0.144,eccentric_rotor,500.0
27837,2026-05-14 06:55:53.154655+00:00,0.08,2.033,64.51,18.06,0.0931,2.365,0.469,0.5,14.6,58.5,0.076,0.102,2.398,2.43,3.487,3.429,0.1132,2.875,0.1317,3.345,0.134,0.145,eccentric_rotor,500.0
27934,2026-05-14 06:59:07.166033+00:00,0.0627,1.594,67.09,19.49,0.0976,2.48,0.583,0.551,61.0,58.5,0.074,0.108,2.537,2.476,4.273,3.708,0.0887,2.255,0.1381,3.507,0.136,0.148,eccentric_rotor,500.0
27952,2026-05-14 06:59:43.168100+00:00,0.0732,1.86,66.58,19.21,0.0849,2.158,0.421,0.525,9.7,9.7,0.072,0.095,2.435,2.514,3.067,3.494,0.1035,2.63,0.1201,3.051,0.137,0.15,eccentric_rotor,500.0
27953,2026-05-14 06:59:45.168323+00:00,0.0827,2.101,66.08,18.93,0.0906,2.301,0.495,0.496,12.2,58.5,0.078,0.108,2.454,2.521,3.653,3.338,0.1169,2.971,0.1281,3.254,0.135,0.148,eccentric_rotor,500.0
27987,2026-05-14 07:00:53.172339+00:00,0.0637,1.618,66.4,19.11,0.0721,1.832,0.463,0.507,9.7,61.0,0.07,0.095,2.319,2.36,3.563,3.528,0.0901,2.289,0.102,2.591,0.13,0.143,eccentric_rotor,500.0
28024,2026-05-14 07:02:07.175327+00:00,0.0599,1.522,66.91,19.39,0.0724,1.84,0.555,0.474,61.0,61.0,0.071,0.088,2.371,2.429,4.319,3.352,0.0847,2.153,0.1024,2.603,0.128,0.141,eccentric_rotor,500.0
28165,2026-05-14 07:06:49.193835+00:00,0.0604,1.535,68.48,20.26,0.0705,1.791,0.403,0.457,9.7,61.0,0.068,0.094,2.333,2.43,3.071,3.165,0.0855,2.171,0.0997,2.533,0.131,0.144,eccentric_rotor,500.0
28171,2026-05-14 07:07:01.194391+00:00,0.0559,1.42,69.12,20.62,0.0679,1.725,0.386,0.469,61.0,61.0,0.068,0.09,2.423,2.422,2.944,3.271,0.079,2.009,0.096,2.44,0.131,0.143,eccentric_rotor,500.0
28203,2026-05-14 07:08:05.198162+00:00,0.0581,1.477,68.8,20.44,0.1005,2.555,0.406,0.456,61.0,58.5,0.076,0.116,2.403,2.497,3.078,3.122,0.0822,2.089,0.1422,3.613,0.131,0.146,eccentric_rotor,500.0
28249,2026-05-14 07:09:37.203852+00:00,0.0555,1.411,70.65,21.47,0.0931,2.366,0.57,0.651,61.0,58.5,0.076,0.105,2.563,2.613,4.219,4.389,0.0785,1.996,0.1317,3.346,0.135,0.148,eccentric_rotor,500.0
28262,2026-05-14 07:10:03.205522+00:00,0.0655,1.665,70.33,21.29,0.089,2.263,0.42,0.567,9.7,58.5,0.072,0.112,2.487,2.566,3.132,3.834,0.0927,2.356,0.126,3.2,0.134,0.148,eccentric_rotor,500.0
28323,2026-05-14 07:12:05.212740+00:00,0.0703,1.787,69.86,21.03,0.1011,2.569,0.417,0.472,61.0,58.5,0.071,0.118,2.446,2.466,3.125,3.234,0.0995,2.528,0.143,3.634,0.133,0.146,eccentric_rotor,500.0
28328,2026-05-14 07:12:15.213260+00:00,0.0712,1.81,70.14,21.19,0.1085,2.757,0.453,0.574,9.7,58.5,0.077,0.11,2.466,2.638,3.37,3.906,0.1008,2.56,0.1535,3.9,0.134,0.147,eccentric_rotor,500.0
28359,2026-05-14 07:13:17.217078+00:00,0.0623,1.582,70.23,21.24,0.0723,1.837,0.54,0.656,61.0,61.0,0.072,0.093,2.58,2.657,3.995,4.478,0.0881,2.238,0.1022,2.597,0.135,0.146,eccentric_rotor,500.0
28495,2026-05-14 07:17:49.233687+00:00,0.0657,1.669,71.21,21.78,0.0921,2.339,0.498,0.615,9.7,58.5,0.072,0.119,2.468,2.611,3.832,4.325,0.0929,2.361,0.1302,3.308,0.13,0.142,eccentric_rotor,500.0
28498,2026-05-14 07:17:55.234052+00:00,0.061,1.551,71.21,21.78,0.0844,2.145,0.543,0.529,9.7,58.5,0.072,0.104,2.44,2.524,4.264,3.735,0.0863,2.193,0.1194,3.033,0.127,0.141,eccentric_rotor,500.0
28531,2026-05-14 07:19:01.237943+00:00,0.0678,1.723,71.67,22.04,0.0698,1.772,0.499,0.556,9.7,61.0,0.076,0.094,2.453,2.757,3.849,3.929,0.0959,2.437,0.0987,2.507,0.129,0.141,eccentric_rotor,500.0
28548,2026-05-14 07:19:35.239890+00:00,0.0624,1.586,71.58,21.99,0.1003,2.548,0.492,0.479,58.5,58.5,0.074,0.112,2.469,2.584,3.763,3.328,0.0883,2.243,0.1418,3.603,0.13,0.144,eccentric_rotor,500.0
28601,2026-05-14 07:21:21.246395+00:00,0.082,2.084,73.21,22.89,0.0909,2.309,0.449,0.483,9.7,58.5,0.076,0.111,2.573,2.528,3.384,3.332,0.116,2.947,0.1285,3.266,0.132,0.144,eccentric_rotor,500.0
28611,2026-05-14 07:21:41.247605+00:00,0.0644,1.636,72.23,22.35,0.1004,2.551,0.484,0.54,9.7,58.5,0.075,0.115,2.555,2.549,3.623,3.692,0.0911,2.314,0.142,3.607,0.133,0.146,eccentric_rotor,500.0
28622,2026-05-14 07:22:03.248915+00:00,0.0554,1.408,72.14,22.3,0.0678,1.723,0.467,0.478,61.0,61.0,0.072,0.094,2.507,2.648,3.487,3.192,0.0784,1.991,0.0959,2.437,0.134,0.15,eccentric_rotor,500.0
28663,2026-05-14 07:23:25.253983+00:00,0.061,1.549,72.19,22.32,0.0666,1.694,0.459,0.595,61.0,61.0,0.072,0.092,2.548,2.671,3.38,4.001,0.0862,2.191,0.0943,2.395,0.136,0.148,eccentric_rotor,500.0
28715,2026-05-14 08:21:14.467979+00:00,0.0565,1.437,75.78,24.32,0.0717,1.823,0.443,0.498,61.0,58.5,0.087,0.107,2.596,2.642,3.467,3.41,0.08,2.032,0.1015,2.578,0.127,0.146,eccentric_rotor,1000.0
28758,2026-05-14 08:22:40.474316+00:00,0.0575,1.461,75.36,24.09,0.0713,1.811,0.481,0.475,61.0,61.0,0.089,0.115,2.434,2.585,3.785,3.295,0.0813,2.066,0.1008,2.562,0.127,0.144,eccentric_rotor,1000.0
28775,2026-05-14 08:23:14.476535+00:00,0.0647,1.643,75.69,24.27,0.0784,1.992,0.535,0.67,61.0,61.0,0.086,0.107,2.64,2.773,4.191,4.583,0.0915,2.324,0.1109,2.817,0.127,0.146,eccentric_rotor,1000.0
28844,2026-05-14 08:25:32.485084+00:00,0.0599,1.523,74.94,23.85,0.0702,1.785,0.409,0.534,61.0,61.0,0.09,0.106,2.493,2.721,3.143,3.501,0.0848,2.153,0.0994,2.524,0.13,0.152,eccentric_rotor,1000.0
28851,2026-05-14 08:25:46.485746+00:00,0.0622,1.581,75.41,24.11,0.0811,2.06,0.44,0.573,61.0,58.5,0.085,0.11,2.604,2.785,3.386,3.922,0.088,2.236,0.1147,2.913,0.129,0.146,eccentric_rotor,1000.0
28869,2026-05-14 08:26:22.488046+00:00,0.0572,1.453,74.84,23.8,0.0837,2.128,0.459,0.586,58.5,61.0,0.091,0.12,2.621,2.731,3.564,3.894,0.0809,2.055,0.1185,3.01,0.128,0.15,eccentric_rotor,1000.0
28883,2026-05-14 08:26:50.489464+00:00,0.0679,1.726,75.13,23.96,0.0866,2.2,0.408,0.531,17.0,61.0,0.093,0.122,2.444,2.698,3.095,3.496,0.0961,2.441,0.1225,3.112,0.131,0.152,eccentric_rotor,1000.0
28913,2026-05-14 08:27:50.493195+00:00,0.0595,1.512,75.17,23.98,0.0836,2.123,0.409,0.602,58.5,61.0,0.092,0.117,2.595,2.774,3.097,3.914,0.0842,2.138,0.1182,3.003,0.132,0.153,eccentric_rotor,1000.0
28915,2026-05-14 08:27:54.493411+00:00,0.0634,1.611,74.84,23.8,0.0758,1.927,0.423,0.504,58.5,61.0,0.093,0.107,2.537,2.763,3.18,3.217,0.0897,2.279,0.1073,2.725,0.133,0.156,eccentric_rotor,1000.0
28922,2026-05-14 08:28:08.494087+00:00,0.056,1.422,74.75,23.75,0.0904,2.298,0.489,0.529,61.0,9.7,0.085,0.107,2.625,2.727,3.627,3.486,0.0792,2.012,0.1279,3.25,0.134,0.151,eccentric_rotor,1000.0
28924,2026-05-14 08:28:12.494306+00:00,0.064,1.625,75.08,23.93,0.0852,2.164,0.458,0.576,17.0,61.0,0.085,0.11,2.592,2.655,3.418,3.73,0.0905,2.298,0.1204,3.06,0.134,0.154,eccentric_rotor,1000.0
28958,2026-05-14 08:29:20.498332+00:00,0.0647,1.645,74.99,23.88,0.0826,2.099,0.444,0.544,61.0,61.0,0.09,0.114,2.415,2.617,3.503,3.702,0.0916,2.327,0.1169,2.969,0.127,0.147,eccentric_rotor,1000.0
28985,2026-05-14 08:30:14.501503+00:00,0.0593,1.508,75.36,24.09,0.0744,1.891,0.582,0.575,61.0,61.0,0.089,0.104,2.54,2.729,4.481,3.903,0.0839,2.133,0.1052,2.674,0.13,0.147,eccentric_rotor,1000.0
29011,2026-05-14 08:31:06.504663+00:00,0.0606,1.541,74.8,23.77,0.078,1.982,0.449,0.559,58.5,61.0,0.083,0.103,2.379,2.678,3.54,3.732,0.0858,2.179,0.1103,2.803,0.127,0.15,eccentric_rotor,1000.0
29059,2026-05-14 08:32:42.510276+00:00,0.0641,1.629,74.75,23.75,0.0815,2.072,0.41,0.551,61.0,61.0,0.094,0.111,2.408,2.567,3.169,3.748,0.0907,2.304,0.1153,2.93,0.129,0.147,eccentric_rotor,1000.0
29102,2026-05-14 08:34:08.515375+00:00,0.0649,1.649,74.8,23.77,0.0774,1.968,0.525,0.57,61.0,61.0,0.094,0.11,2.578,2.711,4.012,3.795,0.0918,2.333,0.1095,2.783,0.13,0.15,eccentric_rotor,1000.0
29182,2026-05-14 08:36:48.524977+00:00,0.0646,1.642,75.17,23.98,0.0719,1.827,0.413,0.543,61.0,61.0,0.086,0.107,2.33,2.709,3.249,3.63,0.0914,2.322,0.1017,2.584,0.127,0.149,eccentric_rotor,1000.0
29237,2026-05-14 08:38:38.531690+00:00,0.0584,1.485,74.61,23.67,0.0792,2.011,0.451,0.645,61.0,58.5,0.087,0.117,2.382,2.657,3.562,4.512,0.0827,2.1,0.112,2.845,0.126,0.143,eccentric_rotor,1000.0
29241,2026-05-14 08:38:46.532232+00:00,0.0597,1.518,75.17,23.98,0.0759,1.929,0.523,0.548,61.0,61.0,0.087,0.112,2.587,2.717,4.051,3.696,0.0845,2.147,0.1074,2.728,0.129,0.148,eccentric_rotor,1000.0
29297,2026-05-14 08:40:38.537729+00:00,0.0627,1.594,74.56,23.64,0.086,2.184,0.445,0.568,61.0,61.0,0.091,0.115,2.5,2.692,3.549,3.796,0.0887,2.255,0.1216,3.089,0.125,0.149,eccentric_rotor,1000.0
29298,2026-05-14 08:40:40.538776+00:00,0.07,1.78,74.61,23.67,0.076,1.93,0.419,0.603,61.0,61.0,0.094,0.111,2.466,2.791,3.254,3.998,0.0991,2.518,0.1074,2.73,0.129,0.15,eccentric_rotor,1000.0
29305,2026-05-14 08:40:54.539851+00:00,0.0692,1.757,74.66,23.7,0.0816,2.074,0.463,0.586,17.0,61.0,0.087,0.119,2.48,2.669,3.536,3.899,0.0978,2.486,0.1154,2.933,0.131,0.15,eccentric_rotor,1000.0
29324,2026-05-14 08:41:32.542170+00:00,0.0536,1.361,74.61,23.67,0.0774,1.967,0.455,0.628,61.0,61.0,0.089,0.115,2.434,2.687,3.504,4.18,0.0758,1.925,0.1095,2.782,0.129,0.15,eccentric_rotor,1000.0
29362,2026-05-14 08:42:48.546713+00:00,0.0808,2.053,74.61,23.67,0.0852,2.165,0.425,0.504,17.0,61.0,0.088,0.111,2.567,2.703,3.199,3.352,0.1143,2.904,0.1205,3.062,0.132,0.15,eccentric_rotor,1000.0
29370,2026-05-14 08:43:04.548439+00:00,0.0721,1.833,75.36,24.09,0.0818,2.079,0.443,0.589,61.0,61.0,0.091,0.116,2.521,2.773,3.323,3.82,0.102,2.592,0.1157,2.94,0.133,0.154,eccentric_rotor,1000.0
29377,2026-05-14 08:43:18.548457+00:00,0.0626,1.591,74.66,23.7,0.0836,2.124,0.503,0.598,61.0,61.0,0.09,0.116,2.589,2.848,3.746,3.848,0.0886,2.251,0.1182,3.004,0.134,0.155,eccentric_rotor,1000.0
29390,2026-05-14 08:43:44.550032+00:00,0.058,1.475,74.56,23.64,0.0763,1.938,0.413,0.496,58.5,61.0,0.087,0.109,2.551,2.589,3.066,3.21,0.0821,2.086,0.1079,2.741,0.134,0.154,eccentric_rotor,1000.0
29408,2026-05-14 08:44:20.552227+00:00,0.0582,1.48,75.69,24.27,0.0778,1.976,0.538,0.545,58.5,58.5,0.084,0.106,2.581,2.744,4.041,3.629,0.0824,2.093,0.11,2.795,0.133,0.15,eccentric_rotor,1000.0
29411,2026-05-14 08:44:26.549275+00:00,0.0557,1.416,74.75,23.75,0.0728,1.849,0.472,0.592,61.0,61.0,0.093,0.112,2.56,2.67,3.481,3.87,0.0788,2.003,0.1029,2.615,0.135,0.153,eccentric_rotor,1000.0
29505,2026-05-14 08:47:34.563552+00:00,0.0631,1.603,75.59,24.22,0.0756,1.922,0.517,0.556,61.0,61.0,0.089,0.107,2.48,2.648,4.051,3.846,0.0892,2.268,0.107,2.718,0.127,0.144,eccentric_rotor,1000.0
29531,2026-05-14 08:48:26.565808+00:00,0.0647,1.644,74.99,23.88,0.0794,2.018,0.423,0.521,14.6,58.5,0.082,0.11,2.384,2.547,3.329,3.516,0.0915,2.325,0.1123,2.854,0.127,0.148,eccentric_rotor,1000.0
29584,2026-05-14 08:50:12.572654+00:00,0.0624,1.587,74.75,23.75,0.0716,1.819,0.481,0.478,61.0,61.0,0.09,0.108,2.568,2.548,3.732,3.27,0.0883,2.244,0.1012,2.572,0.129,0.146,eccentric_rotor,1000.0
29612,2026-05-14 08:51:08.576398+00:00,0.0584,1.485,74.7,23.72,0.0859,2.183,0.546,0.635,61.0,61.0,0.089,0.113,2.619,2.778,4.018,4.04,0.0827,2.101,0.1215,3.088,0.136,0.157,eccentric_rotor,1000.0
29749,2026-05-14 09:47:14.812056+00:00,0.0714,1.815,73.3,22.94,0.1111,2.824,0.544,0.899,61.0,34.1,0.132,0.15,2.676,3.089,3.478,3.919,0.101,2.567,0.1572,3.993,0.156,0.229,eccentric_rotor,2000.0
29797,2026-05-14 09:48:50.815621+00:00,0.0628,1.597,73.3,22.94,0.1045,2.655,0.531,0.779,58.5,34.1,0.135,0.142,2.843,2.791,3.423,3.187,0.0889,2.259,0.1478,3.755,0.155,0.244,eccentric_rotor,2000.0
29833,2026-05-14 09:50:02.820790+00:00,0.0622,1.581,72.88,22.71,0.1138,2.891,0.529,0.842,61.0,31.7,0.129,0.141,2.661,2.904,3.436,3.545,0.088,2.235,0.1609,4.088,0.153,0.237,eccentric_rotor,2000.0
29837,2026-05-14 09:50:10.821006+00:00,0.0622,1.58,72.88,22.71,0.1101,2.798,0.527,0.916,61.0,34.1,0.12,0.124,2.697,2.916,3.444,3.755,0.088,2.235,0.1558,3.957,0.153,0.244,eccentric_rotor,2000.0
29845,2026-05-14 09:50:26.822862+00:00,0.0624,1.586,73.68,23.15,0.1223,3.107,0.568,0.882,61.0,34.1,0.113,0.132,2.708,3.115,3.657,3.75,0.0883,2.243,0.1729,4.394,0.155,0.235,eccentric_rotor,2000.0
29853,2026-05-14 09:50:42.824237+00:00,0.0628,1.597,73.63,23.13,0.1077,2.738,0.549,0.865,61.0,58.5,0.134,0.146,2.689,2.984,3.593,3.626,0.0889,2.258,0.1524,3.872,0.153,0.238,eccentric_rotor,2000.0
29899,2026-05-14 09:52:14.829162+00:00,0.0572,1.453,72.88,22.71,0.1208,3.07,0.554,0.939,61.0,9.7,0.113,0.137,2.67,2.951,3.558,3.838,0.0809,2.055,0.1709,4.342,0.155,0.244,eccentric_rotor,2000.0
29913,2026-05-14 09:52:42.830784+00:00,0.0696,1.767,72.88,22.71,0.1088,2.763,0.55,0.777,61.0,61.0,0.13,0.145,2.796,2.89,3.638,3.267,0.0984,2.5,0.1538,3.908,0.151,0.238,eccentric_rotor,2000.0
29933,2026-05-14 09:53:22.833355+00:00,0.0678,1.724,72.88,22.71,0.1061,2.696,0.503,0.959,61.0,34.1,0.132,0.138,2.582,3.216,3.258,4.123,0.096,2.438,0.1501,3.813,0.154,0.232,eccentric_rotor,2000.0
29946,2026-05-14 09:53:48.834702+00:00,0.0694,1.764,73.07,22.81,0.1113,2.828,0.556,0.892,58.5,58.5,0.136,0.152,2.743,2.992,3.597,3.722,0.0982,2.495,0.1574,4.0,0.154,0.239,eccentric_rotor,2000.0
29958,2026-05-14 09:54:12.836076+00:00,0.0717,1.822,72.98,22.76,0.1017,2.585,0.478,0.814,61.0,61.0,0.116,0.126,2.63,3.022,3.183,3.505,0.1014,2.577,0.1439,3.655,0.15,0.232,eccentric_rotor,2000.0
30063,2026-05-14 09:57:42.848721+00:00,0.065,1.651,72.93,22.74,0.1054,2.677,0.644,0.905,61.0,58.5,0.126,0.127,2.792,2.969,4.207,3.811,0.0919,2.335,0.149,3.786,0.153,0.237,eccentric_rotor,2000.0
30068,2026-05-14 09:57:52.849195+00:00,0.0714,1.814,72.98,22.76,0.1181,2.999,0.563,0.951,9.7,34.1,0.126,0.14,2.802,2.896,3.624,4.024,0.101,2.565,0.167,4.242,0.155,0.236,eccentric_rotor,2000.0
30102,2026-05-14 09:59:00.853423+00:00,0.0662,1.682,73.12,22.84,0.1137,2.889,0.525,0.851,61.0,34.1,0.124,0.136,2.687,2.929,3.394,3.546,0.0937,2.38,0.1608,4.085,0.154,0.24,eccentric_rotor,2000.0
30177,2026-05-14 10:01:30.861930+00:00,0.0631,1.602,73.12,22.84,0.1106,2.81,0.508,0.966,61.0,61.0,0.124,0.138,2.635,3.109,3.291,3.892,0.0892,2.266,0.1565,3.975,0.154,0.248,eccentric_rotor,2000.0
30187,2026-05-14 10:01:50.862962+00:00,0.0621,1.578,73.26,22.92,0.1167,2.966,0.523,0.936,61.0,34.1,0.125,0.148,2.742,2.903,3.349,3.815,0.0878,2.232,0.1651,4.194,0.156,0.245,eccentric_rotor,2000.0
30296,2026-05-14 10:05:28.875630+00:00,0.0671,1.706,73.44,23.02,0.11,2.795,0.493,0.934,58.5,58.5,0.132,0.139,2.774,2.996,3.293,3.838,0.0949,2.412,0.1556,3.954,0.149,0.243,eccentric_rotor,2000.0
30306,2026-05-14 10:05:48.875282+00:00,0.0605,1.537,73.02,22.79,0.092,2.337,0.538,0.95,61.0,34.1,0.116,0.118,2.703,3.013,3.556,3.997,0.0855,2.174,0.1301,3.305,0.151,0.237,eccentric_rotor,2000.0
30369,2026-05-14 10:07:54.883848+00:00,0.0609,1.547,73.68,23.15,0.1111,2.822,0.524,0.995,58.5,34.1,0.126,0.144,2.755,3.104,3.402,4.235,0.0861,2.188,0.1571,3.991,0.154,0.234,eccentric_rotor,2000.0
30388,2026-05-14 10:08:32.886254+00:00,0.0608,1.544,73.12,22.84,0.1145,2.909,0.535,0.875,61.0,34.1,0.137,0.149,2.822,2.872,3.525,3.685,0.086,2.184,0.162,4.115,0.151,0.237,eccentric_rotor,2000.0
30438,2026-05-14 10:10:12.891022+00:00,0.0673,1.71,73.54,23.07,0.1143,2.905,0.538,0.838,61.0,61.0,0.124,0.138,2.671,2.967,3.487,3.525,0.0952,2.419,0.1617,4.108,0.154,0.237,eccentric_rotor,2000.0
30546,2026-05-14 10:13:48.905746+00:00,0.0645,1.639,73.3,22.94,0.1139,2.893,0.544,0.838,61.0,34.1,0.129,0.14,2.712,2.95,3.612,3.547,0.0912,2.318,0.161,4.091,0.15,0.236,eccentric_rotor,2000.0
30563,2026-05-14 10:14:22.907732+00:00,0.078,1.982,73.21,22.89,0.1146,2.911,0.686,0.968,9.7,34.1,0.13,0.142,2.753,3.052,4.383,4.015,0.1103,2.803,0.1621,4.117,0.156,0.241,eccentric_rotor,2000.0
30686,2026-05-14 10:18:28.921994+00:00,0.0624,1.585,73.3,22.94,0.1132,2.877,0.531,0.838,58.5,34.1,0.134,0.14,2.72,3.004,3.488,3.616,0.0882,2.241,0.1602,4.069,0.152,0.231,eccentric_rotor,2000.0
30743,2026-05-14 12:14:25.471071+00:00,0.0643,1.635,64.14,17.85,0.0805,2.046,0.457,0.514,61.0,61.0,0.088,0.11,2.407,2.548,3.411,3.41,0.091,2.313,0.1139,2.893,0.134,0.15,eccentric_rotor,1000.0
30820,2026-05-14 12:16:59.480421+00:00,0.0698,1.774,65.06,18.37,0.0723,1.836,0.695,0.524,9.7,61.0,0.088,0.105,2.59,2.524,5.223,3.46,0.0988,2.509,0.1022,2.597,0.133,0.151,eccentric_rotor,1000.0
30822,2026-05-14 12:17:03.480692+00:00,0.0629,1.6,65.02,18.34,0.0698,1.775,0.466,0.478,61.0,61.0,0.081,0.096,2.403,2.557,3.456,3.121,0.089,2.262,0.0988,2.51,0.134,0.153,eccentric_rotor,1000.0
30838,2026-05-14 12:17:35.482356+00:00,0.0593,1.507,65.29,18.49,0.0773,1.963,0.428,0.469,61.0,61.0,0.08,0.106,2.354,2.521,3.203,3.127,0.0839,2.131,0.1093,2.777,0.133,0.15,eccentric_rotor,1000.0
30890,2026-05-14 12:19:19.488486+00:00,0.0593,1.507,65.94,18.85,0.0803,2.041,0.406,0.546,61.0,61.0,0.078,0.105,2.362,2.722,3.02,3.606,0.0839,2.132,0.1136,2.886,0.134,0.151,eccentric_rotor,1000.0
30910,2026-05-14 12:19:59.490975+00:00,0.0601,1.527,66.12,18.95,0.0884,2.247,0.472,0.541,61.0,61.0,0.077,0.114,2.462,2.592,3.544,3.579,0.085,2.159,0.1251,3.178,0.133,0.151,eccentric_rotor,1000.0
30911,2026-05-14 12:20:01.490996+00:00,0.0601,1.527,66.17,18.98,0.0884,2.247,0.472,0.541,61.0,61.0,0.077,0.114,2.462,2.592,3.544,3.579,0.085,2.159,0.1251,3.178,0.133,0.151,eccentric_rotor,1000.0
30926,2026-05-14 12:20:31.492556+00:00,0.0576,1.464,66.54,19.18,0.0748,1.9,0.52,0.596,61.0,61.0,0.074,0.097,2.545,2.558,3.88,3.906,0.0815,2.071,0.1058,2.688,0.134,0.152,eccentric_rotor,1000.0
30943,2026-05-14 12:21:05.494822+00:00,0.064,1.628,66.58,19.21,0.0881,2.238,0.49,0.49,61.0,9.7,0.081,0.096,2.343,2.621,3.71,3.255,0.0906,2.302,0.1246,3.165,0.132,0.15,eccentric_rotor,1000.0
30965,2026-05-14 12:21:49.497381+00:00,0.0632,1.606,67.09,19.49,0.0938,2.383,0.463,0.588,61.0,61.0,0.075,0.106,2.33,2.546,3.504,3.809,0.0894,2.272,0.1326,3.37,0.132,0.154,eccentric_rotor,1000.0
30995,2026-05-14 12:22:49.501030+00:00,0.0632,1.607,67.09,19.49,0.0765,1.943,0.477,0.675,17.0,61.0,0.081,0.101,2.402,2.64,3.543,4.428,0.0895,2.273,0.1082,2.748,0.134,0.152,eccentric_rotor,1000.0
31011,2026-05-14 12:23:21.502848+00:00,0.0633,1.607,67.32,19.62,0.0879,2.234,0.426,0.509,9.7,61.0,0.077,0.099,2.353,2.525,3.169,3.334,0.0895,2.273,0.1244,3.16,0.134,0.152,eccentric_rotor,1000.0
31016,2026-05-14 12:23:31.503471+00:00,0.0742,1.885,68.24,20.13,0.0761,1.934,0.487,0.561,9.7,61.0,0.082,0.103,2.505,2.597,3.628,3.695,0.1049,2.666,0.1077,2.736,0.134,0.151,eccentric_rotor,1000.0
31021,2026-05-14 12:23:41.504033+00:00,0.0593,1.508,67.55,19.75,0.0797,2.026,0.416,0.519,61.0,58.5,0.078,0.102,2.409,2.502,3.148,3.425,0.0839,2.132,0.1128,2.865,0.132,0.151,eccentric_rotor,1000.0
31148,2026-05-14 12:27:55.518877+00:00,0.05,1.272,68.61,20.34,0.0726,1.845,0.38,0.545,61.0,61.0,0.078,0.095,2.346,2.579,2.938,3.669,0.0708,1.799,0.1027,2.609,0.129,0.148,eccentric_rotor,1000.0
31241,2026-05-14 12:31:01.529791+00:00,0.078,1.982,69.31,20.72,0.0904,2.296,0.463,0.503,17.0,61.0,0.087,0.105,2.384,2.562,3.49,3.363,0.1104,2.804,0.1278,3.248,0.132,0.149,eccentric_rotor,1000.0
31280,2026-05-14 12:32:19.534427+00:00,0.055,1.397,70.19,21.21,0.0801,2.035,0.457,0.59,61.0,61.0,0.077,0.105,2.477,2.625,3.5,3.917,0.0777,1.975,0.1133,2.878,0.13,0.15,eccentric_rotor,1000.0
31295,2026-05-14 12:32:49.536180+00:00,0.0626,1.591,71.49,21.94,0.0718,1.825,0.418,0.519,58.5,58.5,0.081,0.107,2.379,2.648,3.215,3.503,0.0886,2.25,0.1016,2.582,0.13,0.148,eccentric_rotor,1000.0
31296,2026-05-14 12:32:51.536142+00:00,0.0634,1.612,70.05,21.14,0.0785,1.994,0.474,0.491,61.0,61.0,0.082,0.104,2.372,2.495,3.62,3.263,0.0897,2.28,0.111,2.82,0.13,0.15,eccentric_rotor,1000.0
31301,2026-05-14 12:33:01.536951+00:00,0.0547,1.389,70.98,21.65,0.0682,1.733,0.46,0.523,61.0,61.0,0.078,0.098,2.443,2.676,3.498,3.383,0.0773,1.965,0.0965,2.451,0.131,0.154,eccentric_rotor,1000.0
31302,2026-05-14 12:33:03.537050+00:00,0.0505,1.284,69.91,21.06,0.0765,1.943,0.478,0.569,61.0,61.0,0.075,0.105,2.408,2.592,3.606,3.812,0.0715,1.817,0.1082,2.748,0.132,0.149,eccentric_rotor,1000.0
31335,2026-05-14 12:34:09.540872+00:00,0.0563,1.432,70.1,21.16,0.0676,1.718,0.449,0.614,58.5,61.0,0.081,0.095,2.366,2.614,3.418,4.096,0.0797,2.025,0.0956,2.43,0.131,0.149,eccentric_rotor,1000.0
31351,2026-05-14 12:34:41.542844+00:00,0.0601,1.528,71.67,22.04,0.0741,1.882,0.472,0.655,58.5,58.5,0.082,0.102,2.425,2.707,3.593,4.342,0.0851,2.161,0.1047,2.661,0.131,0.15,eccentric_rotor,1000.0
31459,2026-05-14 12:38:17.555162+00:00,0.0495,1.258,70.79,21.55,0.0761,1.934,0.492,0.484,58.5,58.5,0.081,0.097,2.388,2.512,3.83,3.296,0.07,1.779,0.1076,2.735,0.128,0.147,eccentric_rotor,1000.0
31469,2026-05-14 12:38:37.556462+00:00,0.0609,1.547,70.88,21.6,0.0787,2.001,0.503,0.634,58.5,61.0,0.086,0.112,2.433,2.683,3.9,4.295,0.0861,2.189,0.1114,2.83,0.129,0.147,eccentric_rotor,1000.0
31481,2026-05-14 12:39:01.557697+00:00,0.0592,1.505,70.93,21.63,0.0736,1.869,0.404,0.512,61.0,61.0,0.085,0.104,2.326,2.519,3.156,3.412,0.0838,2.129,0.104,2.644,0.128,0.15,eccentric_rotor,1000.0
31490,2026-05-14 12:39:19.558826+00:00,0.0592,1.504,71.26,21.81,0.0804,2.042,0.409,0.529,61.0,61.0,0.087,0.105,2.461,2.594,3.123,3.443,0.0837,2.127,0.1137,2.889,0.131,0.153,eccentric_rotor,1000.0
31498,2026-05-14 12:39:35.557406+00:00,0.0659,1.674,71.12,21.73,0.0897,2.279,0.386,0.529,61.0,9.7,0.083,0.102,2.338,2.53,2.962,3.529,0.0932,2.368,0.1269,3.223,0.13,0.149,eccentric_rotor,1000.0
31499,2026-05-14 12:39:37.560037+00:00,0.0538,1.368,71.16,21.75,0.0791,2.011,0.434,0.636,61.0,61.0,0.085,0.106,2.438,2.635,3.297,4.248,0.0761,1.935,0.1119,2.844,0.131,0.149,eccentric_rotor,1000.0
31533,2026-05-14 12:40:45.561618+00:00,0.0556,1.412,71.21,21.78,0.0801,2.036,0.509,0.519,61.0,61.0,0.083,0.11,2.458,2.618,3.873,3.477,0.0786,1.997,0.1133,2.88,0.131,0.149,eccentric_rotor,1000.0
31543,2026-05-14 12:41:05.565078+00:00,0.0598,1.519,71.21,21.78,0.0708,1.799,0.45,0.493,61.0,61.0,0.083,0.101,2.484,2.521,3.409,3.32,0.0846,2.149,0.1002,2.545,0.132,0.148,eccentric_rotor,1000.0
31567,2026-05-14 12:41:53.567902+00:00,0.0577,1.466,72.42,22.45,0.0749,1.903,0.449,0.551,58.5,61.0,0.087,0.103,2.436,2.604,3.455,3.657,0.0816,2.074,0.1059,2.692,0.13,0.15,eccentric_rotor,1000.0
31572,2026-05-14 12:42:03.568500+00:00,0.0599,1.522,71.49,21.94,0.0809,2.055,0.447,0.562,61.0,61.0,0.081,0.114,2.4,2.65,3.515,3.868,0.0847,2.152,0.1144,2.907,0.127,0.145,eccentric_rotor,1000.0
31632,2026-05-14 12:44:03.575663+00:00,0.0641,1.629,71.58,21.99,0.0719,1.827,0.424,0.52,17.0,61.0,0.077,0.103,2.411,2.648,3.249,3.511,0.0907,2.304,0.1017,2.584,0.13,0.148,eccentric_rotor,1000.0
31634,2026-05-14 12:44:07.575924+00:00,0.059,1.498,71.86,22.14,0.0782,1.987,0.482,0.593,61.0,61.0,0.079,0.106,2.483,2.577,3.698,4.006,0.0834,2.119,0.1106,2.811,0.13,0.148,eccentric_rotor,1000.0
31703,2026-05-14 13:37:54.611308+00:00,0.0561,1.425,73.16,22.87,0.1031,2.62,0.491,0.909,58.5,34.1,0.121,0.125,2.733,2.995,3.217,3.958,0.0793,2.015,0.1458,3.705,0.152,0.229,eccentric_rotor,2000.0
31721,2026-05-14 13:38:30.613343+00:00,0.0634,1.61,72.88,22.71,0.1133,2.879,0.563,0.882,61.0,34.1,0.123,0.137,2.783,3.091,3.727,3.797,0.0896,2.277,0.1603,4.072,0.151,0.232,eccentric_rotor,2000.0
31725,2026-05-14 13:38:38.613961+00:00,0.0579,1.471,72.93,22.74,0.1091,2.772,0.615,0.877,61.0,34.1,0.118,0.127,2.714,2.906,4.002,3.631,0.0819,2.08,0.1543,3.92,0.153,0.241,eccentric_rotor,2000.0
31750,2026-05-14 13:39:28.616476+00:00,0.064,1.628,72.56,22.53,0.1111,2.822,0.566,0.839,61.0,34.1,0.121,0.137,2.694,2.979,3.698,3.662,0.0906,2.302,0.1571,3.991,0.153,0.229,eccentric_rotor,2000.0
31758,2026-05-14 13:39:44.617347+00:00,0.0624,1.587,72.79,22.66,0.1009,2.563,0.532,0.914,61.0,34.1,0.119,0.122,2.613,2.967,3.525,3.812,0.0883,2.244,0.1427,3.625,0.151,0.239,eccentric_rotor,2000.0
31827,2026-05-14 13:42:02.625444+00:00,0.0611,1.552,72.56,22.53,0.1067,2.711,0.511,0.908,61.0,34.1,0.122,0.128,2.617,3.004,3.343,3.805,0.0864,2.194,0.1509,3.835,0.152,0.238,eccentric_rotor,2000.0
31928,2026-05-14 13:45:24.638089+00:00,0.064,1.625,73.86,23.25,0.1233,3.132,0.543,0.889,61.0,34.1,0.123,0.144,2.73,3.044,3.556,3.832,0.0905,2.299,0.1744,4.43,0.152,0.231,eccentric_rotor,2000.0
32113,2026-05-14 13:51:34.660234+00:00,0.0638,1.622,72.6,22.56,0.101,2.567,0.478,0.841,61.0,34.1,0.13,0.125,2.707,3.024,3.132,3.428,0.0903,2.294,0.1429,3.631,0.152,0.245,eccentric_rotor,2000.0
32130,2026-05-14 13:52:08.662402+00:00,0.0664,1.686,73.3,22.94,0.1137,2.889,0.589,0.822,58.5,34.1,0.133,0.141,2.738,2.992,3.818,3.494,0.0939,2.385,0.1608,4.085,0.154,0.235,eccentric_rotor,2000.0
32153,2026-05-14 13:52:54.665132+00:00,0.0676,1.719,72.65,22.58,0.1122,2.85,0.566,0.927,61.0,34.1,0.14,0.146,2.859,3.175,3.626,4.069,0.0957,2.431,0.1587,4.031,0.156,0.227,eccentric_rotor,2000.0
32238,2026-05-14 13:55:44.675288+00:00,0.0658,1.673,72.56,22.53,0.1124,2.856,0.586,0.856,61.0,34.1,0.124,0.139,2.716,2.939,3.803,3.73,0.0931,2.367,0.159,4.04,0.154,0.229,eccentric_rotor,2000.0
32260,2026-05-14 13:56:28.676618+00:00,0.0732,1.86,72.7,22.61,0.1112,2.825,0.53,0.919,61.0,31.7,0.132,0.14,2.726,3.081,3.472,3.857,0.1035,2.63,0.1573,3.995,0.152,0.238,eccentric_rotor,2000.0
32269,2026-05-14 13:56:46.679144+00:00,0.0781,1.984,72.7,22.61,0.1286,3.266,0.456,0.879,9.7,41.5,0.141,0.159,2.668,2.94,3.064,3.67,0.1105,2.806,0.1818,4.619,0.148,0.239,eccentric_rotor,2000.0
32271,2026-05-14 13:56:50.677192+00:00,0.0658,1.671,72.6,22.56,0.111,2.82,0.565,0.85,61.0,58.5,0.129,0.14,2.713,2.96,3.59,3.564,0.093,2.363,0.157,3.989,0.157,0.238,eccentric_rotor,2000.0
32281,2026-05-14 13:57:10.680493+00:00,0.0684,1.737,72.65,22.58,0.1087,2.763,0.542,0.937,61.0,34.1,0.128,0.127,2.717,3.025,3.53,3.909,0.0967,2.457,0.1538,3.907,0.153,0.239,eccentric_rotor,2000.0
32283,2026-05-14 13:57:14.680675+00:00,0.058,1.474,73.63,23.13,0.118,2.998,0.581,0.999,61.0,58.5,0.13,0.139,2.727,2.964,3.818,4.097,0.082,2.084,0.1669,4.24,0.152,0.243,eccentric_rotor,2000.0
32351,2026-05-14 13:59:30.688903+00:00,0.0622,1.581,72.84,22.68,0.1063,2.702,0.493,0.912,61.0,34.1,0.122,0.135,2.707,2.96,3.289,3.959,0.088,2.236,0.1504,3.821,0.149,0.23,eccentric_rotor,2000.0
32365,2026-05-14 13:59:58.690374+00:00,0.0626,1.592,72.74,22.63,0.122,3.1,0.53,0.862,61.0,34.1,0.118,0.138,2.696,2.939,3.5,3.707,0.0886,2.251,0.1726,4.384,0.151,0.232,eccentric_rotor,2000.0
32388,2026-05-14 14:00:44.693219+00:00,0.0589,1.498,74.14,23.41,0.1185,3.01,0.519,0.821,61.0,34.1,0.121,0.139,2.557,3.084,3.398,3.478,0.0834,2.118,0.1675,4.256,0.152,0.236,eccentric_rotor,2000.0
32410,2026-05-14 14:01:28.695767+00:00,0.064,1.627,73.21,22.89,0.1141,2.899,0.55,0.831,61.0,34.1,0.143,0.151,2.752,2.892,3.628,3.55,0.0905,2.301,0.1614,4.1,0.151,0.234,eccentric_rotor,2000.0
32437,2026-05-14 14:02:22.699123+00:00,0.0625,1.59,74.42,23.57,0.1058,2.688,0.518,0.898,61.0,34.1,0.128,0.145,2.606,3.172,3.359,3.784,0.0885,2.248,0.1496,3.801,0.154,0.237,eccentric_rotor,2000.0
32466,2026-05-14 14:03:20.702568+00:00,0.0637,1.618,72.79,22.66,0.1158,2.943,0.601,0.812,61.0,34.1,0.133,0.151,2.833,2.86,3.914,3.405,0.0901,2.289,0.1638,4.162,0.153,0.238,eccentric_rotor,2000.0
32474,2026-05-14 14:03:36.703695+00:00,0.0642,1.633,73.3,22.94,0.1008,2.561,0.603,0.913,61.0,34.1,0.128,0.123,2.666,3.041,3.856,3.823,0.0909,2.309,0.1426,3.622,0.156,0.238,eccentric_rotor,2000.0
32487,2026-05-14 14:04:02.705254+00:00,0.0644,1.638,73.02,22.79,0.1061,2.697,0.571,0.743,58.5,61.0,0.113,0.131,2.705,2.866,3.75,3.153,0.0912,2.316,0.1501,3.814,0.152,0.235,eccentric_rotor,2000.0
32510,2026-05-14 14:04:48.707831+00:00,0.0653,1.659,73.02,22.79,0.1106,2.81,0.626,0.837,61.0,61.0,0.117,0.134,2.765,2.898,4.142,3.54,0.0924,2.347,0.1564,3.974,0.151,0.236,eccentric_rotor,2000.0
32518,2026-05-14 14:05:04.708716+00:00,0.0618,1.571,72.74,22.63,0.1194,3.034,0.554,0.78,61.0,34.1,0.131,0.142,2.762,2.815,3.584,3.284,0.0875,2.222,0.1689,4.291,0.154,0.237,eccentric_rotor,2000.0
32538,2026-05-14 14:05:44.709712+00:00,0.065,1.652,73.21,22.89,0.1032,2.622,0.674,0.9,61.0,34.1,0.126,0.136,2.846,2.989,4.408,3.845,0.092,2.336,0.146,3.709,0.152,0.234,eccentric_rotor,2000.0
32573,2026-05-14 14:06:54.715317+00:00,0.0631,1.603,72.84,22.68,0.1092,2.774,0.548,0.876,61.0,34.1,0.126,0.142,2.784,3.053,3.594,3.729,0.0892,2.267,0.1544,3.923,0.152,0.234,eccentric_rotor,2000.0
32585,2026-05-14 14:07:18.716816+00:00,0.0667,1.696,72.88,22.71,0.1043,2.651,0.497,0.959,61.0,61.0,0.134,0.145,2.699,2.968,3.258,4.115,0.0944,2.399,0.1476,3.749,0.152,0.233,eccentric_rotor,2000.0
32745,2026-05-14 15:14:59.568198+00:00,0.0572,1.452,76.91,24.95,0.1083,2.751,0.459,0.453,61.0,56.1,0.072,0.113,2.356,2.478,3.702,3.339,0.0808,2.054,0.1532,3.891,0.123,0.135,eccentric_rotor,500.0
32755,2026-05-14 15:15:19.569387+00:00,0.0623,1.582,76.16,24.53,0.1213,3.082,0.411,0.546,58.5,56.1,0.077,0.131,2.365,2.503,3.314,4.058,0.0881,2.238,0.1716,4.359,0.124,0.134,eccentric_rotor,500.0
32782,2026-05-14 15:16:13.572475+00:00,0.0534,1.358,77.66,25.37,0.1192,3.028,0.408,0.497,61.0,56.1,0.078,0.131,2.411,2.482,3.354,3.664,0.0756,1.92,0.1686,4.282,0.121,0.135,eccentric_rotor,500.0
32792,2026-05-14 15:16:33.573722+00:00,0.072,1.829,77.66,25.37,0.1123,2.854,0.473,0.566,9.7,56.1,0.075,0.124,2.469,2.705,3.835,4.16,0.1018,2.587,0.1589,4.037,0.123,0.136,eccentric_rotor,500.0
32814,2026-05-14 15:17:17.576347+00:00,0.0704,1.789,77.76,25.42,0.1122,2.851,0.451,0.464,9.7,53.7,0.076,0.121,2.42,2.521,3.669,3.449,0.0996,2.53,0.1587,4.032,0.122,0.134,eccentric_rotor,500.0
32816,2026-05-14 15:17:21.576587+00:00,0.0574,1.459,77.29,25.16,0.1163,2.956,0.436,0.555,58.5,56.1,0.075,0.128,2.465,2.65,3.555,4.127,0.0812,2.063,0.1645,4.18,0.122,0.134,eccentric_rotor,500.0
32833,2026-05-14 15:17:55.578658+00:00,0.0526,1.337,77.48,25.26,0.1119,2.842,0.429,0.524,61.0,56.1,0.075,0.123,2.424,2.678,3.527,3.983,0.0744,1.891,0.1582,4.02,0.121,0.131,eccentric_rotor,500.0
32839,2026-05-14 15:18:07.579198+00:00,0.05,1.271,77.9,25.5,0.1006,2.556,0.55,0.603,61.0,53.7,0.073,0.116,2.454,2.504,4.486,4.453,0.0707,1.797,0.1423,3.615,0.122,0.135,eccentric_rotor,500.0
32865,2026-05-14 15:18:59.582411+00:00,0.0614,1.559,77.9,25.5,0.1131,2.873,0.501,0.593,61.0,56.1,0.075,0.127,2.441,2.879,4.11,4.416,0.0868,2.206,0.16,4.064,0.121,0.134,eccentric_rotor,500.0
32895,2026-05-14 15:19:59.585865+00:00,0.0667,1.695,78.99,26.1,0.1131,2.875,0.398,0.464,61.0,56.1,0.082,0.125,2.347,2.512,3.304,3.501,0.0944,2.398,0.16,4.065,0.12,0.132,eccentric_rotor,500.0
32905,2026-05-14 15:20:19.587126+00:00,0.0636,1.616,79.08,26.16,0.1249,3.172,0.428,0.625,58.5,56.1,0.079,0.136,2.332,2.667,3.456,4.632,0.09,2.286,0.1766,4.486,0.123,0.135,eccentric_rotor,500.0
32917,2026-05-14 15:20:43.588314+00:00,0.066,1.678,78.18,25.66,0.1153,2.929,0.53,0.486,9.7,56.1,0.078,0.127,2.496,2.518,4.298,3.604,0.0934,2.373,0.1631,4.142,0.123,0.134,eccentric_rotor,500.0
32941,2026-05-14 15:21:31.577993+00:00,0.0629,1.6,78.37,25.76,0.1175,2.986,0.427,0.463,9.7,56.1,0.073,0.128,2.275,2.43,3.515,3.508,0.089,2.263,0.1662,4.223,0.121,0.132,eccentric_rotor,500.0
32949,2026-05-14 15:21:47.592143+00:00,0.0631,1.603,78.89,26.05,0.1123,2.854,0.508,0.529,9.7,56.1,0.078,0.128,2.367,2.468,4.216,4.086,0.0892,2.267,0.1589,4.036,0.12,0.129,eccentric_rotor,500.0
32987,2026-05-18 19:51:23.434319+00:00,0.0574,1.459,78.47,25.81,0.1198,3.045,0.439,0.543,58.5,56.1,0.076,0.128,2.389,2.704,3.584,4.005,0.0812,2.064,0.1695,4.306,0.122,0.135,eccentric_rotor,500.0
33016,2026-05-18 19:52:21.438070+00:00,0.0573,1.457,78.56,25.87,0.1179,2.995,0.505,0.618,58.5,56.1,0.071,0.123,2.482,2.669,4.149,4.716,0.0811,2.061,0.1667,4.236,0.121,0.131,eccentric_rotor,500.0
33064,2026-05-18 19:53:57.430402+00:00,0.0624,1.586,78.71,25.95,0.1119,2.842,0.513,0.472,9.7,56.1,0.07,0.116,2.443,2.529,4.234,3.586,0.0883,2.243,0.1582,4.019,0.121,0.131,eccentric_rotor,500.0
33119,2026-05-18 19:55:47.450188+00:00,0.0623,1.582,78.71,25.95,0.0977,2.483,0.409,0.451,9.7,56.1,0.07,0.113,2.323,2.474,3.375,3.419,0.0881,2.238,0.1382,3.511,0.121,0.132,eccentric_rotor,500.0
33158,2026-05-18 19:57:05.453980+00:00,0.0562,1.429,78.75,25.97,0.107,2.718,0.456,0.504,61.0,53.7,0.069,0.117,2.411,2.637,3.739,3.714,0.0795,2.021,0.1513,3.844,0.121,0.135,eccentric_rotor,500.0
33201,2026-05-18 19:58:31.460043+00:00,0.0531,1.35,78.8,26.0,0.1195,3.035,0.597,0.586,61.0,56.1,0.076,0.123,2.581,2.547,4.874,4.311,0.0751,1.909,0.169,4.293,0.122,0.136,eccentric_rotor,500.0
33222,2026-05-18 19:59:13.462786+00:00,0.0638,1.622,80.51,26.95,0.1134,2.882,0.523,0.497,61.0,56.1,0.076,0.127,2.583,2.607,4.26,3.657,0.0903,2.294,0.1604,4.076,0.122,0.135,eccentric_rotor,500.0
33256,2026-05-18 20:00:21.465271+00:00,0.0554,1.408,79.18,26.21,0.1118,2.84,0.447,0.5,58.5,56.1,0.074,0.125,2.389,2.505,3.648,3.76,0.0784,1.991,0.1581,4.017,0.122,0.133,eccentric_rotor,500.0
33317,2026-05-18 20:02:23.474432+00:00,0.0502,1.276,78.85,26.02,0.0949,2.411,0.419,0.489,61.0,56.1,0.072,0.109,2.28,2.644,3.433,3.669,0.071,1.804,0.1342,3.41,0.122,0.133,eccentric_rotor,500.0
33363,2026-05-18 20:03:55.479803+00:00,0.0541,1.375,78.85,26.02,0.1043,2.651,0.424,0.52,61.0,53.7,0.078,0.123,2.311,2.563,3.48,3.953,0.0765,1.945,0.1476,3.749,0.121,0.131,eccentric_rotor,500.0
33407,2026-05-18 20:05:23.484857+00:00,0.0568,1.443,78.89,26.05,0.1052,2.672,0.587,0.615,9.7,53.7,0.07,0.122,2.667,2.827,4.699,4.512,0.0803,2.041,0.1487,3.779,0.124,0.136,eccentric_rotor,500.0
33417,2026-05-18 20:05:43.480291+00:00,0.0541,1.375,79.32,26.29,0.109,2.771,0.439,0.628,61.0,53.7,0.071,0.117,2.375,2.702,3.611,4.667,0.0765,1.945,0.1542,3.918,0.121,0.134,eccentric_rotor,500.0
33449,2026-05-18 20:06:47.489732+00:00,0.0569,1.446,80.08,26.71,0.1039,2.64,0.504,0.525,61.0,56.1,0.074,0.117,2.402,2.502,4.161,3.986,0.0805,2.046,0.147,3.734,0.121,0.131,eccentric_rotor,500.0
33486,2026-05-18 20:08:01.494798+00:00,0.0562,1.427,78.94,26.08,0.1171,2.974,0.466,0.558,58.5,56.1,0.076,0.127,2.373,2.728,3.842,4.13,0.0794,2.018,0.1656,4.206,0.121,0.135,eccentric_rotor,500.0
33536,2026-05-18 21:08:28.429852+00:00,0.0592,1.505,74.1,23.38,0.0966,2.454,0.567,0.77,61.0,58.5,0.107,0.136,2.661,3.021,3.308,3.24,0.0837,2.128,0.1366,3.471,0.171,0.237,cocked_rotor,2000.0
33548,2026-05-18 21:08:52.431233+00:00,0.0595,1.513,73.07,22.81,0.0679,1.725,0.796,0.901,61.0,61.0,0.103,0.113,2.895,3.071,4.437,3.814,0.0842,2.139,0.096,2.44,0.179,0.236,cocked_rotor,2000.0
33592,2026-05-18 21:10:20.436293+00:00,0.056,1.424,71.44,21.91,0.0913,2.319,0.589,0.927,61.0,61.0,0.103,0.13,2.769,3.015,3.401,3.834,0.0792,2.013,0.1291,3.28,0.173,0.241,cocked_rotor,2000.0
33603,2026-05-18 21:10:42.437568+00:00,0.0659,1.674,71.21,21.78,0.0879,2.232,0.624,1.066,61.0,61.0,0.101,0.121,2.974,3.144,3.618,4.401,0.0932,2.368,0.1243,3.157,0.172,0.242,cocked_rotor,2000.0
33627,2026-05-18 21:11:30.440601+00:00,0.062,1.577,70.84,21.57,0.0832,2.113,0.764,0.879,58.5,61.0,0.102,0.123,2.886,3.14,4.461,3.695,0.0878,2.23,0.1176,2.989,0.171,0.238,cocked_rotor,2000.0
33668,2026-05-18 21:12:52.445104+00:00,0.0651,1.655,72.28,22.37,0.0801,2.036,0.576,0.912,9.7,61.0,0.094,0.12,2.761,3.124,3.375,3.84,0.0921,2.341,0.1133,2.879,0.17,0.237,cocked_rotor,2000.0
33704,2026-05-18 21:14:04.447862+00:00,0.0603,1.532,71.53,21.96,0.0975,2.477,0.656,0.991,58.5,61.0,0.1,0.122,2.829,2.961,3.887,3.951,0.0853,2.166,0.1379,3.504,0.168,0.25,cocked_rotor,2000.0
33727,2026-05-18 21:14:50.451945+00:00,0.0568,1.443,70.84,21.57,0.0929,2.361,0.592,0.978,61.0,61.0,0.103,0.122,2.764,3.063,3.51,4.054,0.0803,2.041,0.1315,3.34,0.168,0.241,cocked_rotor,2000.0
33741,2026-05-18 21:15:18.452444+00:00,0.0639,1.625,70.79,21.55,0.0945,2.4,0.563,0.906,61.0,61.0,0.1,0.128,2.729,3.049,3.259,3.719,0.0905,2.298,0.1336,3.395,0.172,0.243,cocked_rotor,2000.0
33795,2026-05-18 21:17:06.459920+00:00,0.0585,1.487,71.02,21.68,0.0885,2.25,0.607,1.063,61.0,58.5,0.104,0.124,2.817,3.041,3.514,4.179,0.0828,2.103,0.1252,3.182,0.172,0.254,cocked_rotor,2000.0
33827,2026-05-18 21:18:10.463657+00:00,0.0576,1.463,71.16,21.75,0.0761,1.933,0.628,0.852,61.0,61.0,0.106,0.111,2.958,2.915,3.666,3.37,0.0814,2.069,0.1076,2.734,0.171,0.252,cocked_rotor,2000.0
33853,2026-05-18 21:19:02.466832+00:00,0.0601,1.528,71.35,21.86,0.0957,2.433,0.601,0.991,58.5,58.5,0.104,0.126,2.876,3.135,3.434,3.879,0.085,2.161,0.1354,3.44,0.175,0.255,cocked_rotor,2000.0
33974,2026-05-18 21:23:04.480622+00:00,0.0579,1.472,71.81,22.12,0.0914,2.321,0.6,0.791,61.0,61.0,0.099,0.124,2.841,2.762,3.518,3.103,0.0819,2.081,0.1292,3.283,0.17,0.255,cocked_rotor,2000.0
33989,2026-05-18 21:23:34.482422+00:00,0.054,1.373,72.32,22.4,0.0848,2.154,0.687,0.941,61.0,61.0,0.097,0.112,2.801,2.939,3.956,3.742,0.0764,1.942,0.1199,3.046,0.173,0.251,cocked_rotor,2000.0
33992,2026-05-18 21:23:40.482553+00:00,0.059,1.499,72.6,22.56,0.0932,2.369,0.69,0.922,61.0,61.0,0.104,0.121,2.879,3.05,3.914,3.683,0.0835,2.121,0.1319,3.351,0.176,0.25,cocked_rotor,2000.0
33993,2026-05-18 21:23:42.482637+00:00,0.0661,1.681,72.6,22.56,0.0944,2.399,0.565,0.998,58.5,58.5,0.101,0.124,2.845,2.89,3.323,3.889,0.0936,2.377,0.1335,3.392,0.17,0.256,cocked_rotor,2000.0
34042,2026-05-18 21:25:20.486183+00:00,0.0545,1.384,71.91,22.17,0.0895,2.273,0.616,0.928,61.0,61.0,0.099,0.12,2.77,2.986,3.612,3.597,0.077,1.957,0.1265,3.215,0.17,0.257,cocked_rotor,2000.0
34073,2026-05-18 21:26:22.491895+00:00,0.0615,1.562,71.91,22.17,0.0955,2.428,0.643,0.925,61.0,58.5,0.104,0.135,2.929,2.949,3.727,3.611,0.087,2.209,0.1351,3.433,0.172,0.256,cocked_rotor,2000.0
34211,2026-05-18 21:30:58.507526+00:00,0.0561,1.425,72.46,22.48,0.0836,2.125,0.636,0.978,61.0,61.0,0.102,0.117,2.849,2.917,3.719,3.819,0.0793,2.015,0.1183,3.005,0.171,0.256,cocked_rotor,2000.0
34240,2026-05-18 21:31:56.511125+00:00,0.0628,1.597,72.65,22.58,0.0914,2.323,0.57,1.103,61.0,61.0,0.103,0.12,2.883,3.284,3.467,4.422,0.0889,2.258,0.1293,3.285,0.164,0.249,cocked_rotor,2000.0
34342,2026-05-18 21:35:20.522657+00:00,0.0597,1.518,72.7,22.61,0.0941,2.39,0.626,0.911,61.0,58.5,0.109,0.128,2.859,3.013,3.657,3.534,0.0845,2.147,0.1331,3.38,0.171,0.257,cocked_rotor,2000.0
34443,2026-05-18 21:38:42.534045+00:00,0.056,1.422,72.79,22.66,0.1052,2.674,0.568,0.902,61.0,9.7,0.106,0.135,2.7,2.922,3.427,3.63,0.0791,2.011,0.1488,3.781,0.165,0.248,cocked_rotor,2000.0
34520,2026-05-18 21:41:59.439875+00:00,0.0504,1.282,73.91,23.28,0.0772,1.961,0.535,0.55,61.0,61.0,0.082,0.105,2.501,2.73,4.101,3.677,0.0713,1.813,0.1092,2.774,0.13,0.149,cocked_rotor,1000.0
34600,2026-05-18 21:44:39.449110+00:00,0.0654,1.662,75.03,23.9,0.0795,2.02,0.441,0.538,61.0,61.0,0.093,0.114,2.44,2.551,3.391,3.716,0.0925,2.351,0.1125,2.857,0.13,0.144,cocked_rotor,1000.0
34618,2026-05-18 21:45:15.451290+00:00,0.0534,1.357,74.94,23.85,0.0734,1.865,0.526,0.537,61.0,61.0,0.086,0.105,2.478,2.653,4.146,3.738,0.0755,1.919,0.1038,2.638,0.126,0.143,cocked_rotor,1000.0
34685,2026-05-18 21:47:29.458918+00:00,0.0608,1.544,75.22,24.01,0.0818,2.079,0.524,0.531,61.0,61.0,0.085,0.115,2.438,2.596,4.088,3.679,0.086,2.184,0.1157,2.941,0.128,0.144,cocked_rotor,1000.0
34686,2026-05-18 21:47:31.458984+00:00,0.0608,1.544,76.02,24.45,0.0818,2.079,0.524,0.531,61.0,61.0,0.085,0.115,2.438,2.596,4.088,3.679,0.086,2.184,0.1157,2.941,0.128,0.144,cocked_rotor,1000.0
34702,2026-05-18 21:48:03.460716+00:00,0.0539,1.371,77.05,25.03,0.0719,1.826,0.427,0.591,61.0,61.0,0.089,0.107,2.447,2.662,3.306,4.08,0.0763,1.939,0.1016,2.582,0.129,0.145,cocked_rotor,1000.0
34757,2026-05-18 21:49:53.466910+00:00,0.0542,1.376,75.31,24.06,0.0957,2.432,0.47,0.571,61.0,61.0,0.083,0.113,2.548,2.624,3.691,3.844,0.0766,1.947,0.1354,3.439,0.127,0.148,cocked_rotor,1000.0
34793,2026-05-18 21:51:05.471251+00:00,0.0587,1.492,75.41,24.11,0.0801,2.035,0.52,0.536,61.0,61.0,0.08,0.108,2.494,2.647,4.029,3.646,0.0831,2.111,0.1133,2.878,0.129,0.147,cocked_rotor,1000.0
34797,2026-05-18 21:51:13.470922+00:00,0.0597,1.518,75.5,24.16,0.08,2.033,0.46,0.553,61.0,61.0,0.084,0.109,2.459,2.682,3.582,3.725,0.0845,2.147,0.1132,2.876,0.128,0.148,cocked_rotor,1000.0
34813,2026-05-18 21:51:45.473649+00:00,0.0558,1.419,75.41,24.11,0.0728,1.85,0.514,0.583,61.0,61.0,0.08,0.107,2.562,2.73,3.99,3.883,0.079,2.007,0.103,2.616,0.129,0.15,cocked_rotor,1000.0
34951,2026-05-18 21:56:21.490054+00:00,0.0537,1.364,75.41,24.11,0.076,1.932,0.531,0.567,61.0,61.0,0.083,0.104,2.492,2.64,4.094,3.913,0.0759,1.929,0.1075,2.732,0.129,0.144,cocked_rotor,1000.0
34998,2026-05-18 21:57:55.495394+00:00,0.0559,1.421,76.11,24.5,0.0707,1.798,0.441,0.558,61.0,61.0,0.082,0.103,2.41,2.582,3.416,3.81,0.0791,2.009,0.1001,2.542,0.129,0.146,cocked_rotor,1000.0
35045,2026-05-18 21:59:29.500753+00:00,0.057,1.449,75.5,24.16,0.0788,2.001,0.508,0.508,58.5,61.0,0.087,0.107,2.507,2.644,3.968,3.492,0.0806,2.049,0.1114,2.831,0.128,0.145,cocked_rotor,1000.0
35080,2026-05-18 22:00:39.504062+00:00,0.052,1.321,75.27,24.03,0.0838,2.129,0.553,0.573,58.5,61.0,0.083,0.111,2.561,2.826,4.264,3.84,0.0735,1.868,0.1185,3.01,0.129,0.149,cocked_rotor,1000.0
35131,2026-05-18 22:02:21.510425+00:00,0.0563,1.43,75.31,24.06,0.0783,1.991,0.489,0.5,61.0,61.0,0.086,0.107,2.402,2.562,3.782,3.42,0.0796,2.022,0.1108,2.815,0.129,0.146,cocked_rotor,1000.0
35141,2026-05-18 22:02:41.511666+00:00,0.056,1.424,75.41,24.11,0.0801,2.036,0.467,0.507,61.0,61.0,0.083,0.109,2.37,2.524,3.686,3.46,0.0793,2.014,0.1133,2.879,0.126,0.146,cocked_rotor,1000.0
35190,2026-05-18 22:04:19.516825+00:00,0.0514,1.307,75.36,24.09,0.0813,2.066,0.472,0.583,61.0,61.0,0.083,0.111,2.483,2.597,3.677,3.912,0.0728,1.849,0.115,2.922,0.128,0.149,cocked_rotor,1000.0
35203,2026-05-18 22:04:45.518551+00:00,0.0532,1.352,75.22,24.01,0.0856,2.175,0.484,0.574,61.0,61.0,0.087,0.11,2.499,2.702,3.763,3.844,0.0753,1.913,0.1211,3.076,0.128,0.149,cocked_rotor,1000.0
35206,2026-05-18 22:04:51.518729+00:00,0.052,1.321,75.5,24.16,0.0775,1.97,0.412,0.51,61.0,58.5,0.088,0.116,2.427,2.599,3.204,3.412,0.0735,1.869,0.1097,2.787,0.128,0.149,cocked_rotor,1000.0
35255,2026-05-18 22:06:29.524241+00:00,0.0593,1.506,75.27,24.03,0.0763,1.939,0.5,0.529,61.0,61.0,0.09,0.113,2.554,2.577,3.831,3.566,0.0838,2.13,0.1079,2.742,0.13,0.148,cocked_rotor,1000.0
35308,2026-05-18 22:08:15.556488+00:00,0.0509,1.295,75.97,24.43,0.0929,2.361,0.506,0.557,58.5,61.0,0.083,0.11,2.433,2.607,3.933,3.78,0.0721,1.831,0.1314,3.339,0.128,0.147,cocked_rotor,1000.0
35329,2026-05-18 22:08:57.558561+00:00,0.0615,1.562,76.06,24.48,0.0801,2.036,0.417,0.571,61.0,61.0,0.083,0.106,2.407,2.624,3.257,3.913,0.087,2.209,0.1133,2.879,0.128,0.146,cocked_rotor,1000.0
35347,2026-05-18 22:09:33.557969+00:00,0.0592,1.506,75.78,24.32,0.0834,2.12,0.566,0.493,61.0,61.0,0.092,0.109,2.503,2.62,4.423,3.361,0.0838,2.13,0.118,2.999,0.127,0.146,cocked_rotor,1000.0
35361,2026-05-18 22:10:01.564418+00:00,0.0565,1.436,75.74,24.3,0.08,2.032,0.5,0.567,61.0,61.0,0.087,0.112,2.46,2.631,3.884,3.873,0.0799,2.031,0.1131,2.874,0.128,0.146,cocked_rotor,1000.0
35380,2026-05-18 22:10:39.569068+00:00,0.0504,1.282,75.41,24.11,0.0802,2.038,0.385,0.547,61.0,61.0,0.086,0.111,2.381,2.658,3.029,3.787,0.0714,1.813,0.1134,2.882,0.127,0.144,cocked_rotor,1000.0
35459,2026-05-18 22:13:17.579685+00:00,0.0526,1.337,76.35,24.63,0.0751,1.908,0.453,0.492,61.0,61.0,0.087,0.108,2.467,2.556,3.526,3.398,0.0744,1.891,0.1062,2.699,0.128,0.144,cocked_rotor,1000.0
35468,2026-05-18 22:13:35.580182+00:00,0.0631,1.603,75.31,24.06,0.0777,1.975,0.451,0.508,61.0,61.0,0.087,0.11,2.432,2.619,3.554,3.508,0.0893,2.268,0.1099,2.793,0.126,0.145,cocked_rotor,1000.0
35485,2026-05-18 22:14:09.583664+00:00,0.0512,1.301,75.31,24.06,0.0718,1.824,0.459,0.5,61.0,61.0,0.084,0.101,2.435,2.6,3.571,3.422,0.0724,1.841,0.1015,2.58,0.128,0.146,cocked_rotor,1000.0
35492,2026-05-18 22:14:23.584521+00:00,0.0554,1.407,75.41,24.11,0.0814,2.07,0.482,0.719,61.0,61.0,0.082,0.108,2.464,2.677,3.715,4.903,0.0783,1.991,0.1152,2.927,0.13,0.146,cocked_rotor,1000.0
35499,2026-05-18 22:15:50.726759+00:00,0.0565,1.436,75.55,24.19,0.0971,2.468,0.448,0.561,61.0,53.7,0.068,0.108,2.394,2.483,3.604,4.084,0.0799,2.031,0.1374,3.491,0.124,0.137,cocked_rotor,500.0
35501,2026-05-18 22:15:54.727659+00:00,0.0556,1.413,75.59,24.22,0.1088,2.765,0.464,0.519,61.0,56.1,0.07,0.117,2.433,2.527,3.662,3.779,0.0786,1.998,0.1539,3.91,0.126,0.137,cocked_rotor,500.0
35503,2026-05-18 22:15:58.727719+00:00,0.059,1.499,75.59,24.22,0.112,2.846,0.409,0.527,61.0,56.1,0.069,0.121,2.274,2.496,3.327,3.845,0.0834,2.12,0.1584,4.025,0.123,0.137,cocked_rotor,500.0
35505,2026-05-18 22:16:02.727999+00:00,0.062,1.575,75.59,24.22,0.1092,2.775,0.415,0.44,61.0,56.1,0.072,0.12,2.367,2.445,3.283,3.235,0.0877,2.228,0.1545,3.925,0.126,0.136,cocked_rotor,500.0
35509,2026-05-18 22:16:10.728456+00:00,0.0632,1.605,75.78,24.32,0.1014,2.576,0.495,0.564,9.7,56.1,0.072,0.116,2.468,2.608,3.937,4.104,0.0893,2.27,0.1434,3.643,0.125,0.137,cocked_rotor,500.0
35550,2026-05-18 22:17:32.733140+00:00,0.059,1.501,76.58,24.77,0.0968,2.46,0.45,0.57,61.0,53.7,0.068,0.112,2.33,2.474,3.633,4.22,0.0835,2.122,0.137,3.48,0.123,0.135,cocked_rotor,500.0
35558,2026-05-18 22:17:48.734124+00:00,0.055,1.397,76.53,24.74,0.1127,2.863,0.441,0.544,58.5,56.1,0.074,0.127,2.427,2.61,3.482,3.95,0.0778,1.976,0.1594,4.049,0.126,0.137,cocked_rotor,500.0
35562,2026-05-18 22:17:56.721529+00:00,0.0535,1.36,76.58,24.77,0.1082,2.75,0.456,0.512,61.0,56.1,0.071,0.12,2.417,2.575,3.661,3.867,0.0757,1.923,0.1531,3.889,0.124,0.132,cocked_rotor,500.0
35566,2026-05-18 22:18:04.734838+00:00,0.0513,1.305,76.53,24.74,0.1142,2.901,0.398,0.648,61.0,56.1,0.068,0.126,2.367,2.505,3.18,4.767,0.0726,1.845,0.1615,4.103,0.125,0.136,cocked_rotor,500.0
35576,2026-05-18 22:18:24.736192+00:00,0.0496,1.262,76.72,24.84,0.1187,3.015,0.497,0.476,61.0,56.1,0.071,0.128,2.431,2.557,4.013,3.535,0.0702,1.784,0.1679,4.265,0.124,0.134,cocked_rotor,500.0
35577,2026-05-18 22:18:26.736352+00:00,0.057,1.449,76.72,24.84,0.1114,2.832,0.403,0.496,61.0,56.1,0.073,0.127,2.351,2.519,3.257,3.631,0.0807,2.05,0.1576,4.005,0.123,0.136,cocked_rotor,500.0
35589,2026-05-18 22:18:50.737684+00:00,0.0648,1.647,76.91,24.95,0.1227,3.117,0.424,0.663,9.7,56.1,0.073,0.127,2.312,2.679,3.456,4.889,0.0917,2.33,0.1736,4.409,0.122,0.135,cocked_rotor,500.0
35721,2026-05-18 22:23:14.754122+00:00,0.055,1.398,77.66,25.37,0.1008,2.561,0.431,0.508,61.0,53.7,0.07,0.115,2.36,2.595,3.53,3.776,0.0778,1.977,0.1426,3.622,0.122,0.134,cocked_rotor,500.0
35729,2026-05-18 22:23:30.755104+00:00,0.0527,1.338,78.42,25.79,0.0994,2.526,0.517,0.516,61.0,56.1,0.071,0.112,2.418,2.627,4.156,3.779,0.0745,1.893,0.1406,3.573,0.124,0.136,cocked_rotor,500.0
35774,2026-05-18 22:25:00.761020+00:00,0.0505,1.284,77.71,25.39,0.1084,2.754,0.401,0.522,61.0,56.1,0.069,0.119,2.303,2.47,3.275,3.873,0.0715,1.816,0.1533,3.895,0.122,0.134,cocked_rotor,500.0
35781,2026-05-18 22:25:14.761738+00:00,0.0551,1.399,77.76,25.42,0.1197,3.042,0.39,0.414,61.0,56.1,0.076,0.125,2.265,2.381,3.211,3.086,0.0779,1.979,0.1694,4.303,0.121,0.134,cocked_rotor,500.0
35791,2026-05-18 22:25:34.763354+00:00,0.062,1.575,78.47,25.81,0.107,2.719,0.379,0.479,61.0,56.1,0.073,0.12,2.308,2.456,3.073,3.494,0.0876,2.227,0.1513,3.845,0.123,0.137,cocked_rotor,500.0
35830,2026-05-18 22:26:52.768058+00:00,0.0511,1.299,77.76,25.42,0.1006,2.556,0.407,0.561,61.0,53.7,0.069,0.115,2.385,2.715,3.304,4.15,0.0723,1.837,0.1423,3.614,0.123,0.135,cocked_rotor,500.0
35886,2026-05-18 22:28:44.775657+00:00,0.0525,1.333,77.9,25.5,0.0982,2.495,0.495,0.497,61.0,53.7,0.071,0.111,2.437,2.43,4.019,3.672,0.0742,1.886,0.1389,3.528,0.123,0.135,cocked_rotor,500.0
35909,2026-05-18 22:29:30.780306+00:00,0.0537,1.364,78.04,25.58,0.1097,2.787,0.49,0.501,61.0,56.1,0.073,0.119,2.494,2.617,3.894,3.677,0.0759,1.929,0.1552,3.942,0.125,0.136,cocked_rotor,500.0
35957,2026-05-18 22:31:06.781510+00:00,0.0599,1.523,78.89,26.05,0.1077,2.736,0.463,0.576,61.0,56.1,0.075,0.123,2.476,2.624,3.77,4.307,0.0848,2.153,0.1523,3.869,0.122,0.133,cocked_rotor,500.0
35980,2026-05-18 22:31:52.790090+00:00,0.0484,1.229,78.85,26.02,0.1089,2.767,0.425,0.497,61.0,56.1,0.069,0.117,2.337,2.546,3.411,3.597,0.0684,1.739,0.1541,3.914,0.124,0.138,cocked_rotor,500.0
35988,2026-05-18 22:32:08.791150+00:00,0.0549,1.396,77.9,25.5,0.1059,2.69,0.544,0.446,58.5,56.1,0.074,0.12,2.485,2.393,4.436,3.282,0.0777,1.974,0.1498,3.805,0.122,0.136,cocked_rotor,500.0
36046,2026-05-18 22:34:04.798411+00:00,0.0629,1.597,77.85,25.47,0.1011,2.569,0.42,0.542,9.7,56.1,0.07,0.108,2.395,2.66,3.44,4.043,0.0889,2.259,0.143,3.633,0.122,0.134,cocked_rotor,500.0
36052,2026-05-18 22:34:16.799113+00:00,0.0591,1.502,77.9,25.5,0.1117,2.838,0.501,0.593,58.5,56.1,0.075,0.126,2.384,2.655,4.151,4.299,0.0836,2.125,0.158,4.014,0.12,0.138,cocked_rotor,500.0
36091,2026-05-18 22:35:34.803491+00:00,0.0538,1.367,78.0,25.55,0.0997,2.534,0.436,0.487,61.0,53.7,0.074,0.114,2.4,2.474,3.573,3.638,0.0761,1.933,0.141,3.583,0.122,0.133,cocked_rotor,500.0
36183,2026-05-18 22:38:38.813960+00:00,0.0513,1.303,77.95,25.52,0.1128,2.865,0.447,0.568,61.0,56.1,0.072,0.126,2.397,2.707,3.696,4.191,0.0725,1.842,0.1595,4.052,0.121,0.135,cocked_rotor,500.0
36205,2026-05-18 22:39:22.816141+00:00,0.062,1.575,78.0,25.55,0.0984,2.501,0.577,0.529,61.0,53.7,0.074,0.114,2.423,2.491,4.733,3.89,0.0877,2.228,0.1392,3.538,0.122,0.135,cocked_rotor,500.0
36234,2026-05-18 22:40:20.819350+00:00,0.0524,1.331,78.09,25.6,0.0977,2.483,0.47,0.492,61.0,53.7,0.072,0.112,2.498,2.56,3.803,3.639,0.0741,1.882,0.1382,3.511,0.123,0.135,cocked_rotor,500.0
36235,2026-05-18 22:40:22.819437+00:00,0.0524,1.331,78.09,25.6,0.0977,2.483,0.47,0.492,61.0,53.7,0.072,0.112,2.498,2.56,3.803,3.639,0.0741,1.882,0.1382,3.511,0.123,0.135,cocked_rotor,500.0
36264,2026-05-18 22:41:20.822728+00:00,0.0522,1.326,78.04,25.58,0.0977,2.483,0.465,0.609,61.0,56.1,0.069,0.116,2.403,2.603,3.825,4.526,0.0738,1.875,0.1382,3.512,0.121,0.134,cocked_rotor,500.0
36269,2026-05-18 22:41:30.823190+00:00,0.0509,1.293,77.95,25.52,0.0982,2.495,0.418,0.534,61.0,56.1,0.067,0.113,2.43,2.511,3.375,3.949,0.072,1.829,0.1389,3.529,0.123,0.135,cocked_rotor,500.0
36422,2026-05-18 22:46:36.841941+00:00,0.0494,1.257,78.04,25.58,0.0991,2.517,0.514,0.503,61.0,53.7,0.07,0.113,2.476,2.629,4.123,3.683,0.07,1.778,0.1401,3.559,0.124,0.136,cocked_rotor,500.0
36428,2026-05-18 22:46:48.842566+00:00,0.0584,1.484,78.94,26.08,0.1129,2.869,0.428,0.501,58.5,56.1,0.073,0.124,2.349,2.573,3.544,3.706,0.0826,2.099,0.1597,4.058,0.12,0.135,cocked_rotor,500.0
36440,2026-05-18 22:47:12.844238+00:00,0.0586,1.49,78.04,25.58,0.0957,2.433,0.467,0.507,61.0,53.7,0.071,0.111,2.384,2.453,3.819,3.771,0.083,2.108,0.1354,3.441,0.122,0.134,cocked_rotor,500.0
36441,2026-05-18 22:47:14.844386+00:00,0.0576,1.463,78.42,25.79,0.0996,2.531,0.437,0.687,61.0,56.1,0.071,0.111,2.4,2.771,3.535,5.004,0.0814,2.069,0.1409,3.579,0.123,0.137,cocked_rotor,500.0
36463,2026-05-18 22:47:58.847729+00:00,0.0589,1.498,78.04,25.58,0.1134,2.881,0.451,0.55,61.0,56.1,0.075,0.123,2.418,2.695,3.656,4.04,0.0834,2.118,0.1604,4.074,0.123,0.136,cocked_rotor,500.0
36507,2026-05-18 23:20:13.323234+00:00,0.0596,1.516,62.76,17.09,0.1022,2.597,0.46,0.523,58.5,58.5,0.07,0.11,2.371,2.432,3.479,3.671,0.0844,2.144,0.1446,3.672,0.132,0.142,cocked_rotor,500.0
36529,2026-05-18 23:20:57.326442+00:00,0.0633,1.607,62.71,17.06,0.0927,2.354,0.459,0.482,61.0,58.5,0.072,0.106,2.28,2.302,3.499,3.378,0.0895,2.274,0.1311,3.33,0.131,0.142,cocked_rotor,500.0
36552,2026-05-18 23:21:43.328925+00:00,0.0582,1.48,62.8,17.11,0.0818,2.078,0.39,0.497,9.7,61.0,0.067,0.094,2.292,2.362,3.004,3.502,0.0824,2.093,0.1157,2.939,0.129,0.141,cocked_rotor,500.0
36561,2026-05-18 23:22:01.330081+00:00,0.061,1.551,62.94,17.19,0.0704,1.788,0.477,0.56,61.0,61.0,0.075,0.093,2.449,2.458,3.566,3.836,0.0863,2.193,0.0996,2.529,0.133,0.146,cocked_rotor,500.0
36567,2026-05-18 23:22:13.330833+00:00,0.0552,1.404,62.99,17.21,0.0857,2.177,0.429,0.455,58.5,12.2,0.069,0.091,2.288,2.345,3.301,3.195,0.0781,1.986,0.1212,3.079,0.13,0.142,cocked_rotor,500.0
36638,2026-05-18 23:24:35.338953+00:00,0.0648,1.646,64.14,17.85,0.0901,2.289,0.347,0.526,9.7,61.0,0.075,0.096,2.228,2.45,2.694,3.687,0.0916,2.328,0.1274,3.238,0.128,0.142,cocked_rotor,500.0
36712,2026-05-18 23:27:03.347793+00:00,0.0644,1.636,64.28,17.93,0.1032,2.621,0.408,0.572,61.0,61.0,0.066,0.098,2.289,2.42,3.134,4.01,0.0911,2.314,0.1459,3.707,0.13,0.142,cocked_rotor,500.0
36744,2026-05-18 23:28:07.351728+00:00,0.0729,1.853,65.15,18.42,0.1079,2.74,0.446,0.57,58.5,58.5,0.079,0.114,2.303,2.478,3.402,3.967,0.1032,2.621,0.1526,3.876,0.131,0.143,cocked_rotor,500.0
36757,2026-05-18 23:28:33.353263+00:00,0.0627,1.592,65.29,18.49,0.0957,2.433,0.517,0.562,61.0,58.5,0.084,0.114,2.483,2.404,3.909,3.925,0.0886,2.252,0.1354,3.44,0.132,0.143,cocked_rotor,500.0
36800,2026-05-18 23:29:59.358387+00:00,0.0765,1.944,65.29,18.49,0.0985,2.503,0.397,0.531,61.0,58.5,0.079,0.109,2.29,2.452,3.066,3.741,0.1082,2.75,0.1393,3.539,0.129,0.142,cocked_rotor,500.0
36806,2026-05-18 23:30:11.359031+00:00,0.0818,2.08,65.38,18.54,0.0797,2.025,0.546,0.506,9.7,61.0,0.078,0.099,2.422,2.435,4.181,3.486,0.1158,2.941,0.1127,2.863,0.13,0.145,cocked_rotor,500.0
36817,2026-05-18 23:30:33.360218+00:00,0.0835,2.122,65.43,18.57,0.1222,3.104,0.495,0.572,9.7,9.7,0.075,0.115,2.43,2.513,3.74,3.914,0.1181,3.002,0.1728,4.389,0.132,0.146,cocked_rotor,500.0
36841,2026-05-18 23:31:21.363336+00:00,0.0569,1.447,66.44,19.13,0.1025,2.605,0.456,0.554,61.0,58.5,0.079,0.113,2.441,2.513,3.461,3.801,0.0805,2.046,0.145,3.684,0.131,0.145,cocked_rotor,500.0
36872,2026-05-18 23:32:23.366762+00:00,0.0605,1.537,66.12,18.95,0.0946,2.403,0.532,0.629,58.5,9.7,0.077,0.105,2.439,2.664,4.025,4.371,0.0856,2.174,0.1337,3.398,0.132,0.144,cocked_rotor,500.0
36908,2026-05-18 23:33:35.370969+00:00,0.0575,1.462,66.95,19.42,0.1143,2.903,0.448,0.558,58.5,58.5,0.077,0.125,2.495,2.576,3.395,3.904,0.0814,2.068,0.1616,4.106,0.131,0.143,cocked_rotor,500.0
36977,2026-05-18 23:35:53.379935+00:00,0.0746,1.897,67.14,19.52,0.1215,3.088,0.421,0.643,12.2,9.7,0.073,0.115,2.35,2.552,3.218,4.436,0.1056,2.683,0.1719,4.367,0.13,0.144,cocked_rotor,500.0
37069,2026-05-18 23:38:57.390817+00:00,0.0653,1.66,68.2,20.11,0.1004,2.55,0.399,0.5,58.5,58.5,0.079,0.117,2.348,2.487,3.057,3.547,0.0924,2.348,0.142,3.607,0.13,0.141,cocked_rotor,500.0
37130,2026-05-18 23:40:59.398107+00:00,0.065,1.651,69.82,21.01,0.1081,2.746,0.498,0.513,58.5,58.5,0.085,0.124,2.408,2.64,3.832,3.604,0.0919,2.336,0.1529,3.884,0.129,0.142,cocked_rotor,500.0
37194,2026-05-18 23:43:07.405642+00:00,0.0707,1.798,69.31,20.72,0.1048,2.663,0.45,0.498,9.7,58.5,0.085,0.119,2.468,2.482,3.474,3.512,0.1001,2.542,0.1482,3.766,0.129,0.142,cocked_rotor,500.0
37197,2026-05-18 23:43:13.405933+00:00,0.0607,1.541,69.45,20.8,0.0698,1.773,0.394,0.571,61.0,61.0,0.077,0.099,2.303,2.527,3.08,4.013,0.0858,2.18,0.0987,2.507,0.127,0.142,cocked_rotor,500.0
37224,2026-05-18 23:44:07.409113+00:00,0.0641,1.629,69.59,20.88,0.1068,2.713,0.472,0.57,58.5,58.5,0.081,0.118,2.479,2.559,3.666,4.018,0.0907,2.304,0.151,3.837,0.128,0.142,cocked_rotor,500.0
37241,2026-05-18 23:44:41.411076+00:00,0.056,1.423,70.37,21.32,0.0681,1.731,0.576,0.545,61.0,61.0,0.08,0.095,2.73,2.651,4.435,3.806,0.0792,2.013,0.0963,2.448,0.129,0.143,cocked_rotor,500.0
37264,2026-05-18 23:45:27.413834+00:00,0.0692,1.758,69.73,20.96,0.0916,2.326,0.443,0.651,58.5,58.5,0.09,0.116,2.426,2.632,3.468,4.55,0.0979,2.487,0.1295,3.29,0.127,0.143,cocked_rotor,500.0
37305,2026-05-18 23:46:49.418707+00:00,0.0584,1.484,70.1,21.16,0.1067,2.71,0.412,0.499,58.5,58.5,0.078,0.119,2.342,2.452,3.251,3.582,0.0826,2.1,0.1509,3.833,0.127,0.139,cocked_rotor,500.0
37319,2026-05-18 23:47:17.420219+00:00,0.0574,1.458,70.23,21.24,0.0641,1.629,0.455,0.464,61.0,61.0,0.073,0.096,2.345,2.472,3.546,3.295,0.0812,2.063,0.0907,2.304,0.128,0.14,cocked_rotor,500.0
37380,2026-05-18 23:49:19.427553+00:00,0.058,1.474,72.32,22.4,0.0938,2.384,0.451,0.558,61.0,58.5,0.079,0.114,2.411,2.595,3.504,3.924,0.0821,2.085,0.1327,3.372,0.128,0.142,cocked_rotor,500.0
37406,2026-05-18 23:50:11.430596+00:00,0.062,1.576,70.7,21.5,0.0877,2.227,0.519,0.635,61.0,58.5,0.077,0.11,2.408,2.591,4.1,4.544,0.0877,2.229,0.124,3.15,0.126,0.139,cocked_rotor,500.0
37410,2026-05-18 23:50:19.430044+00:00,0.0595,1.513,72.14,22.3,0.0906,2.302,0.456,0.504,61.0,58.5,0.078,0.11,2.355,2.595,3.633,3.597,0.0842,2.139,0.1282,3.256,0.125,0.14,cocked_rotor,500.0
37456,2026-05-18 23:51:51.432878+00:00,0.07,1.778,71.07,21.7,0.0879,2.232,0.404,0.585,9.7,58.5,0.081,0.109,2.377,2.664,3.154,4.203,0.099,2.515,0.1243,3.157,0.128,0.139,cocked_rotor,500.0
37478,2026-05-18 23:52:35.438877+00:00,0.0485,1.231,71.21,21.78,0.0714,1.814,0.382,0.464,61.0,61.0,0.071,0.095,2.31,2.462,3.056,3.308,0.0685,1.742,0.101,2.566,0.125,0.14,cocked_rotor,500.0
37488,2026-05-18 23:52:55.440117+00:00,0.0659,1.675,72.98,22.76,0.0993,2.523,0.59,0.533,9.7,58.5,0.077,0.115,2.487,2.46,4.638,3.87,0.0932,2.369,0.1405,3.569,0.127,0.137,cocked_rotor,500.0
37501,2026-05-18 23:53:51.653115+00:00,0.0588,1.496,71.3,21.83,0.0926,2.352,0.477,0.58,61.0,61.0,0.084,0.104,2.455,2.735,3.663,3.954,0.0832,2.115,0.1309,3.326,0.13,0.146,cocked_rotor,1000.0
37583,2026-05-18 23:56:35.662901+00:00,0.0571,1.451,70.98,21.65,0.0756,1.922,0.497,0.559,61.0,61.0,0.083,0.101,2.508,2.644,3.772,3.75,0.0807,2.052,0.107,2.718,0.131,0.149,cocked_rotor,1000.0
37591,2026-05-18 23:56:51.663753+00:00,0.0528,1.341,71.26,21.81,0.0891,2.265,0.48,0.552,61.0,61.0,0.083,0.121,2.445,2.587,3.656,3.71,0.0746,1.897,0.1261,3.203,0.131,0.148,cocked_rotor,1000.0
37605,2026-05-18 23:57:19.665382+00:00,0.059,1.499,70.79,21.55,0.0805,2.046,0.507,0.495,61.0,61.0,0.087,0.1,2.376,2.596,3.868,3.38,0.0834,2.12,0.1139,2.894,0.131,0.146,cocked_rotor,1000.0
37658,2026-05-18 23:59:05.671907+00:00,0.0575,1.461,71.81,22.12,0.0817,2.075,0.45,0.584,58.5,61.0,0.084,0.112,2.395,2.676,3.5,3.945,0.0813,2.066,0.1155,2.935,0.128,0.148,cocked_rotor,1000.0
37710,2026-05-19 00:00:49.678116+00:00,0.0521,1.324,71.3,21.83,0.0801,2.035,0.539,0.493,61.0,61.0,0.085,0.113,2.477,2.668,4.103,3.309,0.0737,1.873,0.1133,2.878,0.131,0.149,cocked_rotor,1000.0
37770,2026-05-19 00:02:49.684992+00:00,0.0643,1.634,71.3,21.83,0.0801,2.035,0.461,0.473,61.0,61.0,0.089,0.113,2.369,2.601,3.587,3.201,0.0909,2.311,0.1133,2.879,0.128,0.147,cocked_rotor,1000.0
37775,2026-05-19 00:02:59.685761+00:00,0.0608,1.545,71.3,21.83,0.079,2.007,0.397,0.537,9.7,61.0,0.086,0.104,2.415,2.619,3.085,3.67,0.086,2.185,0.1117,2.839,0.128,0.146,cocked_rotor,1000.0
37812,2026-05-19 00:04:13.688985+00:00,0.0581,1.476,71.49,21.94,0.0782,1.987,0.435,0.602,58.5,58.5,0.088,0.113,2.452,2.66,3.356,4.037,0.0822,2.088,0.1106,2.811,0.129,0.149,cocked_rotor,1000.0
37831,2026-05-19 00:04:51.692281+00:00,0.0566,1.44,72.14,22.3,0.0913,2.319,0.406,0.5,61.0,61.0,0.092,0.11,2.425,2.617,3.169,3.413,0.0801,2.036,0.1291,3.28,0.128,0.146,cocked_rotor,1000.0
37902,2026-05-19 00:07:13.701366+00:00,0.0555,1.412,71.72,22.06,0.0749,1.903,0.54,0.576,61.0,61.0,0.085,0.108,2.473,2.659,4.197,3.859,0.0786,1.997,0.106,2.692,0.128,0.149,cocked_rotor,1000.0
37905,2026-05-19 00:07:19.701771+00:00,0.0611,1.552,71.67,22.04,0.0828,2.103,0.503,0.641,61.0,61.0,0.09,0.112,2.525,2.821,3.85,4.233,0.0864,2.195,0.1171,2.974,0.13,0.151,cocked_rotor,1000.0
37910,2026-05-19 00:07:29.702538+00:00,0.0574,1.46,72.09,22.27,0.0716,1.82,0.522,0.584,58.5,61.0,0.093,0.11,2.409,2.686,4.123,4.002,0.0813,2.065,0.1013,2.573,0.126,0.145,cocked_rotor,1000.0
38002,2026-05-19 00:10:33.713900+00:00,0.0511,1.299,72.6,22.56,0.0823,2.091,0.499,0.493,61.0,58.5,0.086,0.111,2.512,2.57,3.851,3.35,0.0723,1.837,0.1164,2.957,0.129,0.147,cocked_rotor,1000.0
38014,2026-05-19 00:10:57.715456+00:00,0.053,1.346,72.88,22.71,0.0773,1.963,0.536,0.566,58.5,61.0,0.089,0.111,2.449,2.632,4.161,3.769,0.0749,1.904,0.1093,2.777,0.128,0.15,cocked_rotor,1000.0
38029,2026-05-19 00:11:27.716215+00:00,0.0558,1.419,71.95,22.19,0.0754,1.915,0.438,0.533,61.0,61.0,0.082,0.113,2.502,2.5,3.439,3.64,0.079,2.007,0.1066,2.709,0.127,0.146,cocked_rotor,1000.0
38073,2026-05-19 00:12:55.722631+00:00,0.0545,1.385,72.19,22.32,0.0806,2.048,0.441,0.542,61.0,61.0,0.083,0.107,2.401,2.647,3.384,3.598,0.0771,1.959,0.114,2.896,0.13,0.15,cocked_rotor,1000.0
38084,2026-05-19 00:13:17.724012+00:00,0.0571,1.45,72.14,22.3,0.082,2.084,0.518,0.542,61.0,61.0,0.093,0.119,2.496,2.701,3.985,3.665,0.0807,2.051,0.116,2.947,0.13,0.147,cocked_rotor,1000.0
38131,2026-05-19 00:14:51.729663+00:00,0.0571,1.451,72.14,22.3,0.0836,2.125,0.534,0.551,61.0,61.0,0.088,0.109,2.497,2.526,4.161,3.745,0.0808,2.052,0.1183,3.006,0.128,0.147,cocked_rotor,1000.0
38136,2026-05-19 00:15:01.729573+00:00,0.0632,1.606,72.19,22.32,0.085,2.16,0.457,0.599,61.0,9.7,0.089,0.102,2.41,2.778,3.547,4.03,0.0894,2.272,0.1202,3.055,0.128,0.148,cocked_rotor,1000.0
38140,2026-05-19 00:15:09.730910+00:00,0.0572,1.455,72.0,22.22,0.0789,2.004,0.612,0.581,61.0,61.0,0.085,0.111,2.651,2.649,4.695,3.946,0.081,2.057,0.1116,2.835,0.13,0.147,cocked_rotor,1000.0
38208,2026-05-19 00:17:25.739296+00:00,0.052,1.32,73.02,22.79,0.0783,1.989,0.431,0.525,61.0,61.0,0.09,0.114,2.479,2.652,3.31,3.497,0.0735,1.867,0.1107,2.813,0.13,0.15,cocked_rotor,1000.0
38211,2026-05-19 00:17:31.739599+00:00,0.0556,1.414,72.28,22.37,0.08,2.033,0.443,0.52,61.0,61.0,0.089,0.104,2.38,2.596,3.427,3.53,0.0787,1.999,0.1132,2.876,0.129,0.147,cocked_rotor,1000.0
38292,2026-05-19 00:20:13.749171+00:00,0.054,1.373,73.63,23.13,0.0783,1.989,0.463,0.614,61.0,61.0,0.091,0.11,2.525,2.57,3.563,4.163,0.0764,1.941,0.1107,2.812,0.13,0.147,cocked_rotor,1000.0
38331,2026-05-19 00:21:31.753870+00:00,0.0566,1.439,72.37,22.43,0.0752,1.912,0.43,0.607,61.0,61.0,0.083,0.101,2.487,2.655,3.315,4.061,0.0801,2.035,0.1064,2.704,0.129,0.149,cocked_rotor,1000.0
38336,2026-05-19 00:21:41.753699+00:00,0.0606,1.539,72.51,22.5,0.0776,1.973,0.544,0.598,61.0,61.0,0.089,0.106,2.437,2.543,4.213,4.0,0.0857,2.177,0.1098,2.79,0.129,0.149,cocked_rotor,1000.0
38338,2026-05-19 00:21:45.754770+00:00,0.055,1.397,72.51,22.5,0.0772,1.962,0.421,0.574,58.5,61.0,0.084,0.11,2.356,2.669,3.325,3.906,0.0777,1.975,0.1092,2.775,0.126,0.147,cocked_rotor,1000.0
38382,2026-05-19 00:23:13.759048+00:00,0.0561,1.426,73.4,23.0,0.0867,2.204,0.523,0.472,58.5,61.0,0.086,0.108,2.432,2.549,4.073,3.263,0.0794,2.017,0.1227,3.117,0.128,0.144,cocked_rotor,1000.0
38408,2026-05-19 00:24:05.763044+00:00,0.0593,1.508,72.74,22.63,0.0808,2.053,0.552,0.593,58.5,61.0,0.087,0.116,2.544,2.649,4.299,3.976,0.0839,2.133,0.1143,2.903,0.128,0.149,cocked_rotor,1000.0
38554,2026-05-19 00:29:35.296899+00:00,0.0664,1.686,71.72,22.06,0.0951,2.417,0.5,0.909,61.0,61.0,0.112,0.132,2.738,2.92,3.22,3.856,0.0939,2.385,0.1346,3.419,0.155,0.235,cocked_rotor,2000.0
38567,2026-05-19 00:30:01.298558+00:00,0.0652,1.658,71.39,21.88,0.1051,2.669,0.621,0.931,61.0,58.5,0.118,0.142,2.807,2.973,3.9,3.966,0.0923,2.345,0.1486,3.775,0.159,0.234,cocked_rotor,2000.0
38569,2026-05-19 00:30:05.298782+00:00,0.0613,1.558,71.91,22.17,0.0989,2.514,0.674,0.773,61.0,58.5,0.108,0.133,2.898,3.066,4.347,3.294,0.0867,2.204,0.1399,3.555,0.155,0.234,cocked_rotor,2000.0
38573,2026-05-19 00:30:13.299360+00:00,0.0586,1.489,71.3,21.83,0.0987,2.508,0.597,0.873,58.5,61.0,0.117,0.144,2.75,3.037,3.744,3.649,0.0829,2.106,0.1396,3.547,0.159,0.239,cocked_rotor,2000.0
38637,2026-05-19 00:32:21.306607+00:00,0.0552,1.402,71.39,21.88,0.0907,2.304,0.575,0.884,61.0,58.5,0.109,0.13,2.806,3.093,3.719,3.774,0.0781,1.983,0.1282,3.258,0.154,0.234,cocked_rotor,2000.0
38640,2026-05-19 00:32:27.306796+00:00,0.0602,1.53,71.21,21.78,0.0974,2.475,0.543,0.93,61.0,61.0,0.108,0.132,2.81,2.856,3.494,3.924,0.0852,2.164,0.1378,3.5,0.155,0.237,cocked_rotor,2000.0
38643,2026-05-19 00:32:33.307161+00:00,0.0575,1.462,70.98,21.65,0.0875,2.223,0.558,0.843,61.0,58.5,0.102,0.122,2.867,2.898,3.46,3.528,0.0814,2.068,0.1237,3.144,0.161,0.239,cocked_rotor,2000.0
38680,2026-05-19 00:33:47.311573+00:00,0.0677,1.721,71.21,21.78,0.1015,2.58,0.558,0.817,61.0,58.5,0.111,0.135,2.727,2.897,3.566,3.512,0.0958,2.434,0.1436,3.648,0.156,0.232,cocked_rotor,2000.0
38694,2026-05-19 00:34:15.313172+00:00,0.0654,1.663,71.3,21.83,0.1011,2.57,0.474,1.053,61.0,61.0,0.123,0.142,2.71,3.04,3.042,4.502,0.0926,2.352,0.1431,3.634,0.155,0.233,cocked_rotor,2000.0
38730,2026-05-19 00:35:27.317559+00:00,0.0573,1.456,71.35,21.86,0.0989,2.513,0.542,0.877,61.0,58.5,0.095,0.122,2.783,2.989,3.39,3.715,0.081,2.059,0.1399,3.554,0.16,0.236,cocked_rotor,2000.0
38752,2026-05-19 00:36:11.319993+00:00,0.0611,1.554,71.16,21.75,0.0925,2.351,0.57,0.849,61.0,61.0,0.113,0.136,2.737,2.895,3.562,3.543,0.0865,2.198,0.1309,3.325,0.16,0.239,cocked_rotor,2000.0
38792,2026-05-19 00:37:31.325028+00:00,0.06,1.525,72.46,22.48,0.0839,2.131,0.549,0.769,61.0,61.0,0.115,0.125,2.793,2.863,3.439,3.251,0.0849,2.158,0.1186,3.014,0.159,0.236,cocked_rotor,2000.0
38811,2026-05-19 00:38:09.327379+00:00,0.0614,1.559,72.56,22.53,0.1053,2.676,0.551,0.835,58.5,61.0,0.103,0.133,2.708,3.011,3.472,3.528,0.0868,2.206,0.149,3.785,0.158,0.236,cocked_rotor,2000.0
38898,2026-05-19 00:41:03.337438+00:00,0.0613,1.557,71.39,21.88,0.0938,2.383,0.524,0.935,61.0,61.0,0.104,0.128,2.694,2.975,3.272,3.985,0.0867,2.203,0.1326,3.37,0.16,0.234,cocked_rotor,2000.0
38918,2026-05-19 00:41:43.339672+00:00,0.061,1.549,71.81,22.12,0.0977,2.483,0.555,0.963,61.0,61.0,0.109,0.134,2.787,3.237,3.427,4.057,0.0862,2.191,0.1382,3.511,0.162,0.237,cocked_rotor,2000.0
38960,2026-05-19 00:43:07.344528+00:00,0.0659,1.676,71.95,22.19,0.0854,2.171,0.791,0.834,61.0,61.0,0.109,0.125,2.968,2.898,4.957,3.464,0.0933,2.37,0.1209,3.07,0.159,0.24,cocked_rotor,2000.0
39024,2026-05-19 00:45:15.352090+00:00,0.0621,1.578,71.39,21.88,0.0998,2.535,0.527,0.862,58.5,61.0,0.115,0.146,2.732,2.95,3.247,3.602,0.0879,2.232,0.1411,3.586,0.162,0.239,cocked_rotor,2000.0
39033,2026-05-19 00:45:33.353063+00:00,0.0625,1.589,72.65,22.58,0.086,2.185,0.624,0.893,61.0,61.0,0.099,0.119,2.711,2.874,3.881,3.693,0.0884,2.247,0.1216,3.09,0.16,0.241,cocked_rotor,2000.0
39036,2026-05-19 00:45:39.353517+00:00,0.0577,1.467,71.72,22.06,0.0997,2.533,0.551,0.835,61.0,58.5,0.113,0.141,2.722,2.858,3.383,3.446,0.0816,2.074,0.141,3.583,0.163,0.242,cocked_rotor,2000.0
39045,2026-05-19 00:45:57.354454+00:00,0.0605,1.538,71.39,21.88,0.0957,2.431,0.618,0.909,61.0,58.5,0.119,0.131,2.877,2.978,3.79,3.785,0.0856,2.175,0.1354,3.439,0.163,0.24,cocked_rotor,2000.0
39074,2026-05-19 00:46:55.357645+00:00,0.0589,1.496,72.74,22.63,0.0807,2.05,0.601,0.881,61.0,61.0,0.102,0.116,2.727,2.8,3.672,3.597,0.0833,2.116,0.1141,2.899,0.163,0.245,cocked_rotor,2000.0
39112,2026-05-19 00:48:11.362234+00:00,0.0598,1.519,71.63,22.01,0.1021,2.595,0.591,0.836,61.0,58.5,0.106,0.134,2.778,2.847,3.681,3.527,0.0846,2.149,0.1445,3.67,0.16,0.237,cocked_rotor,2000.0
39165,2026-05-19 00:49:57.368424+00:00,0.0627,1.593,72.65,22.58,0.0988,2.511,0.537,0.892,61.0,58.5,0.116,0.135,2.689,2.975,3.315,3.819,0.0887,2.253,0.1398,3.552,0.162,0.233,cocked_rotor,2000.0
39224,2026-05-19 00:51:55.375112+00:00,0.0585,1.486,71.53,21.96,0.0905,2.3,0.527,0.913,61.0,61.0,0.107,0.133,2.688,2.875,3.254,3.675,0.0827,2.101,0.1281,3.254,0.162,0.248,cocked_rotor,2000.0
39232,2026-05-19 00:52:11.376172+00:00,0.059,1.5,72.23,22.35,0.0998,2.535,0.661,0.938,61.0,61.0,0.109,0.126,2.725,3.123,4.094,3.874,0.0835,2.122,0.1411,3.585,0.161,0.242,cocked_rotor,2000.0
39281,2026-05-19 00:53:49.381905+00:00,0.0621,1.577,72.09,22.27,0.1126,2.861,0.575,1.015,61.0,61.0,0.116,0.136,2.722,3.126,3.536,4.114,0.0878,2.231,0.1593,4.046,0.162,0.246,cocked_rotor,2000.0
39341,2026-05-19 00:55:49.389079+00:00,0.064,1.626,72.56,22.53,0.0947,2.405,0.648,0.876,58.5,61.0,0.119,0.14,2.807,3.058,3.974,3.651,0.0905,2.3,0.1339,3.401,0.163,0.24,cocked_rotor,2000.0
39376,2026-05-19 00:56:59.393126+00:00,0.0656,1.668,71.77,22.09,0.0877,2.229,0.666,0.81,61.0,61.0,0.121,0.132,2.784,2.919,4.098,3.358,0.0928,2.359,0.1241,3.152,0.162,0.241,cocked_rotor,2000.0
39404,2026-05-19 00:57:55.396338+00:00,0.0774,1.967,72.88,22.71,0.1027,2.609,0.597,0.894,9.7,61.0,0.121,0.141,2.86,2.805,3.678,3.592,0.1095,2.781,0.1453,3.69,0.162,0.248,cocked_rotor,2000.0
39410,2026-05-19 00:58:07.397370+00:00,0.0595,1.512,72.6,22.56,0.0962,2.445,0.539,0.853,61.0,58.5,0.103,0.128,2.729,3.01,3.351,3.644,0.0842,2.138,0.1361,3.458,0.161,0.234,cocked_rotor,2000.0
39448,2026-05-19 00:59:23.401523+00:00,0.0659,1.676,71.72,22.06,0.0986,2.505,0.542,1.036,58.5,58.5,0.115,0.14,2.77,2.993,3.301,4.395,0.0933,2.37,0.1394,3.542,0.164,0.235,cocked_rotor,2000.0
39511,2026-05-19 04:40:49.173211+00:00,0.0644,1.637,65.66,18.7,0.0864,2.196,0.481,0.493,58.5,61.0,0.084,0.105,2.382,2.471,3.543,3.283,0.0911,2.316,0.1223,3.107,0.135,0.15,cocked_rotor,1000.0
39579,2026-05-19 04:43:05.180941+00:00,0.0654,1.661,66.31,19.06,0.1228,3.121,0.422,0.513,61.0,9.7,0.084,0.114,2.314,2.537,3.123,3.393,0.0925,2.349,0.1737,4.414,0.135,0.151,cocked_rotor,1000.0
39600,2026-05-19 04:43:47.183496+00:00,0.066,1.678,66.08,18.93,0.1077,2.737,0.411,0.484,12.2,9.7,0.079,0.111,2.321,2.479,3.058,3.276,0.0934,2.373,0.1524,3.871,0.134,0.147,cocked_rotor,1000.0
39609,2026-05-19 04:44:05.184377+00:00,0.0615,1.564,66.63,19.24,0.0714,1.813,0.465,0.486,58.5,58.5,0.085,0.099,2.353,2.484,3.469,3.19,0.0871,2.212,0.1009,2.564,0.134,0.152,cocked_rotor,1000.0
39640,2026-05-19 04:45:07.188195+00:00,0.0571,1.45,68.2,20.11,0.0857,2.177,0.476,0.413,58.5,61.0,0.08,0.103,2.39,2.378,3.539,2.751,0.0807,2.051,0.1212,3.079,0.134,0.15,cocked_rotor,1000.0
39688,2026-05-19 04:46:43.193552+00:00,0.0602,1.531,68.01,20.01,0.0844,2.145,0.563,0.517,61.0,61.0,0.077,0.104,2.381,2.556,4.256,3.429,0.0852,2.165,0.1194,3.034,0.132,0.15,cocked_rotor,1000.0
39711,2026-05-19 04:47:29.196183+00:00,0.0624,1.585,68.38,20.21,0.0744,1.89,0.454,0.49,61.0,61.0,0.087,0.103,2.326,2.489,3.386,3.246,0.0882,2.242,0.1052,2.674,0.134,0.151,cocked_rotor,1000.0
39771,2026-05-19 04:49:29.189941+00:00,0.0616,1.566,67.97,19.98,0.0841,2.137,0.48,0.513,61.0,61.0,0.088,0.109,2.465,2.495,3.567,3.412,0.0872,2.214,0.119,3.023,0.134,0.15,cocked_rotor,1000.0
39801,2026-05-19 04:50:29.206735+00:00,0.0552,1.404,67.88,19.93,0.0765,1.943,0.393,0.635,61.0,61.0,0.084,0.104,2.328,2.577,2.939,4.175,0.0781,1.985,0.1082,2.749,0.133,0.152,cocked_rotor,1000.0
39830,2026-05-19 04:51:27.210345+00:00,0.0577,1.467,68.06,20.03,0.0824,2.094,0.424,0.58,61.0,58.5,0.085,0.112,2.364,2.56,3.154,3.815,0.0816,2.074,0.1166,2.962,0.134,0.152,cocked_rotor,1000.0
39846,2026-05-19 04:51:59.209963+00:00,0.0515,1.309,68.48,20.26,0.076,1.931,0.42,0.538,58.5,61.0,0.08,0.11,2.448,2.525,3.155,3.59,0.0728,1.851,0.1075,2.731,0.133,0.149,cocked_rotor,1000.0
39879,2026-05-19 04:53:05.215922+00:00,0.0587,1.492,68.66,20.36,0.0812,2.062,0.482,0.619,58.5,58.5,0.085,0.108,2.369,2.586,3.605,4.089,0.083,2.11,0.1148,2.917,0.133,0.151,cocked_rotor,1000.0
39919,2026-05-19 04:54:25.220604+00:00,0.0555,1.41,68.85,20.47,0.073,1.855,0.449,0.499,61.0,61.0,0.085,0.101,2.367,2.469,3.39,3.353,0.0785,1.994,0.1033,2.623,0.132,0.148,cocked_rotor,1000.0
39928,2026-05-19 04:54:43.221947+00:00,0.0684,1.738,69.86,21.03,0.0768,1.95,0.463,0.525,9.7,58.5,0.087,0.107,2.391,2.654,3.483,3.499,0.0968,2.459,0.1086,2.759,0.132,0.15,cocked_rotor,1000.0
39959,2026-05-19 04:55:45.225618+00:00,0.0543,1.379,69.08,20.6,0.0775,1.969,0.419,0.557,61.0,58.5,0.089,0.112,2.407,2.551,3.215,3.803,0.0768,1.95,0.1096,2.785,0.13,0.146,cocked_rotor,1000.0
40010,2026-05-19 04:57:27.231719+00:00,0.0609,1.548,70.74,21.52,0.0828,2.103,0.44,0.657,61.0,58.5,0.083,0.108,2.428,2.656,3.368,4.396,0.0862,2.19,0.1171,2.974,0.13,0.149,cocked_rotor,1000.0
40016,2026-05-19 04:57:39.232502+00:00,0.0589,1.497,69.49,20.83,0.0827,2.101,0.393,0.505,61.0,61.0,0.089,0.117,2.321,2.671,3.031,3.369,0.0833,2.117,0.1169,2.971,0.129,0.149,cocked_rotor,1000.0
40056,2026-05-19 04:58:59.237272+00:00,0.0548,1.392,70.19,21.21,0.0744,1.891,0.471,0.648,58.5,58.5,0.085,0.109,2.401,2.539,3.602,4.3,0.0775,1.969,0.1052,2.674,0.13,0.15,cocked_rotor,1000.0
40072,2026-05-19 04:59:31.239302+00:00,0.0553,1.405,70.1,21.16,0.0859,2.182,0.469,0.528,61.0,58.5,0.096,0.117,2.442,2.596,3.532,3.555,0.0782,1.987,0.1215,3.086,0.132,0.148,cocked_rotor,1000.0
40082,2026-05-19 04:59:51.240192+00:00,0.0546,1.387,69.86,21.03,0.072,1.829,0.443,0.567,61.0,61.0,0.087,0.106,2.286,2.631,3.355,3.706,0.0772,1.962,0.1018,2.586,0.132,0.153,cocked_rotor,1000.0
40118,2026-05-19 05:01:03.244657+00:00,0.0567,1.44,70.65,21.47,0.0793,2.014,0.492,0.517,61.0,58.5,0.092,0.108,2.377,2.59,3.734,3.441,0.0802,2.037,0.1121,2.849,0.131,0.15,cocked_rotor,1000.0
40119,2026-05-19 05:01:05.244794+00:00,0.0551,1.4,70.1,21.16,0.0802,2.037,0.439,0.563,61.0,58.5,0.089,0.112,2.367,2.482,3.339,3.773,0.0779,1.98,0.1134,2.881,0.131,0.149,cocked_rotor,1000.0
40159,2026-05-19 05:02:25.249731+00:00,0.0531,1.35,70.74,21.52,0.0759,1.928,0.437,0.518,61.0,58.5,0.079,0.107,2.432,2.556,3.344,3.479,0.0751,1.909,0.1073,2.726,0.13,0.148,cocked_rotor,1000.0
40172,2026-05-19 05:02:51.251136+00:00,0.055,1.398,70.56,21.42,0.0836,2.125,0.428,0.507,61.0,61.0,0.093,0.116,2.372,2.587,3.273,3.338,0.0778,1.977,0.1183,3.006,0.131,0.152,cocked_rotor,1000.0
40226,2026-05-19 05:04:39.257612+00:00,0.0552,1.403,70.61,21.45,0.0841,2.136,0.421,0.502,58.5,61.0,0.085,0.114,2.422,2.541,3.189,3.369,0.0781,1.984,0.1189,3.021,0.132,0.149,cocked_rotor,1000.0
40380,2026-05-19 05:09:47.275632+00:00,0.0522,1.327,71.63,22.01,0.0846,2.151,0.478,0.527,58.5,61.0,0.089,0.111,2.434,2.667,3.644,3.601,0.0739,1.877,0.1197,3.042,0.131,0.146,cocked_rotor,1000.0
40387,2026-05-19 05:10:01.276492+00:00,0.0591,1.502,71.12,21.73,0.0698,1.775,0.57,0.613,58.5,58.5,0.084,0.102,2.656,2.715,4.315,4.037,0.0836,2.124,0.0988,2.51,0.132,0.151,cocked_rotor,1000.0
40475,2026-05-19 05:12:57.286591+00:00,0.0587,1.492,71.3,21.83,0.077,1.957,0.441,0.493,61.0,61.0,0.091,0.112,2.382,2.472,3.374,3.321,0.0831,2.111,0.1089,2.768,0.13,0.148,cocked_rotor,1000.0
40498,2026-05-19 05:31:40.527768+00:00,0.0699,1.777,72.93,22.74,0.1119,2.843,0.451,0.454,9.7,56.1,0.074,0.123,2.336,2.462,3.625,3.319,0.0989,2.513,0.1583,4.021,0.124,0.137,cocked_rotor,500.0
40545,2026-05-19 05:33:14.545811+00:00,0.0578,1.47,73.68,23.15,0.1137,2.89,0.481,0.501,61.0,53.7,0.078,0.126,2.365,2.546,3.773,3.602,0.0818,2.078,0.1609,4.087,0.127,0.139,cocked_rotor,500.0
40557,2026-05-19 05:33:38.546957+00:00,0.0565,1.435,73.86,23.25,0.1063,2.701,0.429,0.521,61.0,53.7,0.078,0.118,2.252,2.523,3.432,3.799,0.0799,2.03,0.1504,3.821,0.125,0.137,cocked_rotor,500.0
40560,2026-05-19 05:33:44.547267+00:00,0.059,1.501,73.91,23.28,0.1225,3.113,0.49,0.545,58.5,56.1,0.079,0.135,2.494,2.566,3.813,3.906,0.0835,2.122,0.1733,4.403,0.128,0.139,cocked_rotor,500.0
40564,2026-05-19 05:33:52.547933+00:00,0.0577,1.466,73.91,23.28,0.1163,2.954,0.454,0.54,61.0,53.7,0.077,0.126,2.394,2.59,3.58,3.926,0.0816,2.073,0.1645,4.178,0.126,0.137,cocked_rotor,500.0
40598,2026-05-19 05:35:00.551831+00:00,0.057,1.45,74.28,23.49,0.1137,2.889,0.487,0.518,58.5,56.1,0.073,0.129,2.381,2.468,3.854,3.762,0.0807,2.05,0.1608,4.086,0.126,0.137,cocked_rotor,500.0
40648,2026-05-19 05:36:40.557639+00:00,0.0559,1.421,74.61,23.67,0.1163,2.955,0.452,0.586,61.0,53.7,0.076,0.125,2.421,2.6,3.582,4.23,0.0791,2.01,0.1645,4.179,0.126,0.138,cocked_rotor,500.0
40857,2026-05-19 05:43:38.581421+00:00,0.0554,1.408,75.27,24.03,0.1255,3.188,0.416,0.553,58.5,56.1,0.076,0.133,2.348,2.464,3.373,4.109,0.0784,1.992,0.1775,4.509,0.123,0.134,cocked_rotor,500.0
40897,2026-05-19 05:44:58.590275+00:00,0.0532,1.351,76.25,24.58,0.1042,2.648,0.465,0.584,61.0,56.1,0.076,0.121,2.306,2.628,3.793,4.291,0.0752,1.911,0.1474,3.746,0.122,0.136,cocked_rotor,500.0
40918,2026-05-19 05:45:40.592515+00:00,0.058,1.474,76.11,24.5,0.129,3.278,0.41,0.581,58.5,56.1,0.076,0.136,2.279,2.512,3.27,4.262,0.082,2.084,0.1825,4.637,0.125,0.136,cocked_rotor,500.0
40937,2026-05-19 05:46:18.594847+00:00,0.0571,1.451,75.74,24.3,0.1231,3.128,0.532,0.508,58.5,56.1,0.074,0.135,2.432,2.596,4.231,3.709,0.0808,2.052,0.1741,4.424,0.125,0.137,cocked_rotor,500.0
40967,2026-05-19 05:47:18.598469+00:00,0.0563,1.43,75.36,24.09,0.1053,2.675,0.412,0.469,61.0,56.1,0.074,0.117,2.287,2.491,3.336,3.391,0.0796,2.022,0.1489,3.783,0.123,0.138,cocked_rotor,500.0
40987,2026-05-19 05:47:58.600772+00:00,0.0561,1.426,75.45,24.14,0.112,2.846,0.456,0.534,58.5,56.1,0.079,0.127,2.352,2.52,3.697,3.88,0.0794,2.018,0.1584,4.025,0.123,0.137,cocked_rotor,500.0
41019,2026-05-19 05:49:02.604746+00:00,0.0631,1.604,75.55,24.19,0.1198,3.044,0.437,0.572,58.5,56.1,0.078,0.131,2.313,2.584,3.511,4.175,0.0893,2.268,0.1695,4.305,0.124,0.137,cocked_rotor,500.0
41081,2026-05-19 05:51:06.612046+00:00,0.0511,1.299,75.64,24.24,0.1101,2.798,0.443,0.61,61.0,56.1,0.074,0.123,2.419,2.516,3.548,4.466,0.0723,1.838,0.1558,3.957,0.124,0.136,cocked_rotor,500.0
41098,2026-05-19 05:51:40.613936+00:00,0.0529,1.345,75.97,24.43,0.1088,2.763,0.56,0.579,61.0,56.1,0.075,0.118,2.434,2.549,4.496,4.261,0.0749,1.903,0.1538,3.908,0.124,0.135,cocked_rotor,500.0
41120,2026-05-19 05:52:24.616526+00:00,0.0626,1.591,75.55,24.19,0.124,3.15,0.433,0.577,58.5,56.1,0.081,0.136,2.4,2.548,3.487,4.245,0.0886,2.25,0.1753,4.454,0.124,0.135,cocked_rotor,500.0
41122,2026-05-19 05:52:28.616871+00:00,0.0588,1.494,75.74,24.3,0.1182,3.004,0.488,0.573,58.5,56.1,0.08,0.128,2.429,2.523,3.922,4.251,0.0831,2.113,0.1672,4.249,0.124,0.134,cocked_rotor,500.0
41175,2026-05-19 05:54:14.623895+00:00,0.0575,1.461,75.59,24.22,0.1058,2.687,0.585,0.486,61.0,53.7,0.077,0.123,2.416,2.483,4.71,3.572,0.0813,2.067,0.1496,3.801,0.124,0.136,cocked_rotor,500.0
41250,2026-05-19 05:56:44.633014+00:00,0.0608,1.546,75.97,24.43,0.1187,3.017,0.48,0.535,58.5,56.1,0.081,0.13,2.287,2.495,3.889,3.99,0.0861,2.187,0.168,4.267,0.123,0.134,cocked_rotor,500.0
41252,2026-05-19 05:56:48.633364+00:00,0.0624,1.585,76.35,24.63,0.1214,3.083,0.394,0.561,58.5,56.1,0.075,0.128,2.293,2.466,3.207,4.159,0.0882,2.242,0.1717,4.361,0.123,0.135,cocked_rotor,500.0
41271,2026-05-19 05:57:26.635549+00:00,0.0539,1.371,75.69,24.27,0.1075,2.731,0.49,0.57,61.0,56.1,0.074,0.119,2.431,2.545,3.95,4.164,0.0763,1.939,0.1521,3.863,0.124,0.137,cocked_rotor,500.0
41287,2026-05-19 05:57:58.637375+00:00,0.0602,1.531,75.69,24.27,0.12,3.048,0.482,0.498,58.5,56.1,0.076,0.122,2.374,2.649,3.901,3.66,0.0852,2.165,0.1697,4.31,0.123,0.136,cocked_rotor,500.0
41301,2026-05-19 05:58:26.639057+00:00,0.0574,1.458,75.69,24.27,0.1257,3.194,0.43,0.495,58.5,56.1,0.077,0.138,2.322,2.563,3.446,3.627,0.0812,2.063,0.1778,4.517,0.124,0.136,cocked_rotor,500.0
41305,2026-05-19 05:58:34.639625+00:00,0.0566,1.438,75.59,24.22,0.1133,2.878,0.438,0.569,58.5,56.1,0.077,0.129,2.288,2.402,3.537,4.236,0.08,2.034,0.1602,4.071,0.123,0.134,cocked_rotor,500.0
41321,2026-05-19 05:59:06.641737+00:00,0.0527,1.339,75.69,24.27,0.1168,2.968,0.448,0.65,61.0,56.1,0.076,0.132,2.343,2.814,3.589,4.695,0.0746,1.894,0.1653,4.198,0.124,0.138,cocked_rotor,500.0
41330,2026-05-19 05:59:24.642880+00:00,0.0546,1.388,75.78,24.32,0.1159,2.944,0.504,0.534,61.0,56.1,0.073,0.126,2.515,2.696,3.987,3.852,0.0773,1.963,0.1639,4.164,0.126,0.138,cocked_rotor,500.0
41367,2026-05-19 06:00:38.647562+00:00,0.0574,1.459,76.3,24.61,0.1221,3.101,0.473,0.517,61.0,56.1,0.074,0.135,2.425,2.499,3.781,3.843,0.0812,2.064,0.1726,4.386,0.125,0.134,cocked_rotor,500.0
41387,2026-05-19 06:01:18.650018+00:00,0.0618,1.571,75.69,24.27,0.1157,2.94,0.471,0.46,58.5,56.1,0.077,0.132,2.355,2.452,3.779,3.405,0.0874,2.222,0.1637,4.159,0.124,0.135,cocked_rotor,500.0
41410,2026-05-19 06:02:04.652830+00:00,0.0537,1.365,76.49,24.71,0.1126,2.86,0.431,0.499,61.0,56.1,0.077,0.122,2.375,2.492,3.469,3.721,0.076,1.931,0.1592,4.045,0.124,0.134,cocked_rotor,500.0
41412,2026-05-19 06:02:08.653191+00:00,0.0549,1.394,75.78,24.32,0.1127,2.863,0.424,0.608,61.0,56.1,0.079,0.125,2.341,2.648,3.407,4.444,0.0776,1.972,0.1594,4.049,0.124,0.136,cocked_rotor,500.0
41418,2026-05-19 06:02:20.653843+00:00,0.0511,1.298,76.77,24.87,0.1087,2.762,0.493,0.514,61.0,53.7,0.075,0.121,2.489,2.545,3.963,3.774,0.0722,1.835,0.1537,3.906,0.124,0.136,cocked_rotor,500.0
41422,2026-05-19 06:02:28.654459+00:00,0.0601,1.528,75.83,24.35,0.1145,2.908,0.502,0.573,61.0,56.1,0.077,0.124,2.488,2.582,4.033,4.21,0.085,2.161,0.1619,4.113,0.124,0.136,cocked_rotor,500.0
41432,2026-05-19 06:02:48.655532+00:00,0.0583,1.482,75.83,24.35,0.1197,3.04,0.533,0.553,58.5,56.1,0.079,0.129,2.39,2.526,4.344,4.057,0.0825,2.096,0.1692,4.3,0.122,0.136,cocked_rotor,500.0
41446,2026-05-19 06:03:16.657374+00:00,0.0626,1.592,76.11,24.5,0.1226,3.115,0.44,0.576,58.5,56.1,0.081,0.133,2.435,2.677,3.494,4.176,0.0886,2.252,0.1734,4.406,0.126,0.138,cocked_rotor,500.0
41448,2026-05-19 06:03:20.657508+00:00,0.056,1.423,75.83,24.35,0.1218,3.094,0.412,0.551,61.0,56.1,0.077,0.136,2.318,2.435,3.316,4.097,0.0792,2.013,0.1723,4.376,0.124,0.134,cocked_rotor,500.0
41480,2026-05-19 06:04:24.661665+00:00,0.0558,1.419,75.88,24.37,0.1042,2.647,0.472,0.472,61.0,56.1,0.073,0.114,2.326,2.437,3.794,3.475,0.079,2.007,0.1474,3.744,0.124,0.136,cocked_rotor,500.0
41500,2026-05-19 06:40:44.986014+00:00,0.0537,1.365,76.11,24.5,0.0773,1.965,0.441,0.533,61.0,58.5,0.087,0.109,2.372,2.629,3.504,3.681,0.076,1.931,0.1094,2.779,0.125,0.144,cocked_rotor,1000.0
41554,2026-05-19 06:42:32.992312+00:00,0.0587,1.492,75.55,24.19,0.0782,1.988,0.446,0.596,58.5,61.0,0.095,0.112,2.379,2.741,3.474,4.019,0.0831,2.111,0.1106,2.811,0.128,0.148,cocked_rotor,1000.0
41556,2026-05-19 06:42:36.992752+00:00,0.0621,1.579,75.03,23.9,0.0764,1.941,0.567,0.524,61.0,58.5,0.085,0.107,2.476,2.504,4.375,3.62,0.0879,2.234,0.108,2.745,0.129,0.144,cocked_rotor,1000.0
41560,2026-05-19 06:42:44.993097+00:00,0.0556,1.413,75.36,24.09,0.0742,1.884,0.443,0.593,61.0,58.5,0.088,0.105,2.38,2.656,3.451,4.076,0.0787,1.999,0.1049,2.665,0.128,0.145,cocked_rotor,1000.0
41573,2026-05-19 06:43:10.994565+00:00,0.054,1.372,74.99,23.88,0.0811,2.06,0.46,0.52,58.5,61.0,0.087,0.104,2.462,2.583,3.578,3.497,0.0764,1.941,0.1147,2.913,0.128,0.148,cocked_rotor,1000.0
41607,2026-05-19 06:44:18.998509+00:00,0.052,1.321,74.61,23.67,0.0747,1.898,0.458,0.517,58.5,61.0,0.081,0.1,2.417,2.651,3.594,3.542,0.0735,1.868,0.1056,2.684,0.127,0.146,cocked_rotor,1000.0
41638,2026-05-19 06:45:21.002082+00:00,0.0525,1.335,74.42,23.57,0.0764,1.942,0.436,0.553,61.0,61.0,0.087,0.11,2.469,2.67,3.418,3.716,0.0743,1.888,0.1081,2.747,0.127,0.148,cocked_rotor,1000.0
41658,2026-05-19 06:46:01.004323+00:00,0.0582,1.48,75.13,23.96,0.08,2.032,0.497,0.538,61.0,61.0,0.084,0.111,2.478,2.557,3.834,3.656,0.0824,2.093,0.1131,2.873,0.129,0.147,cocked_rotor,1000.0
41661,2026-05-19 06:46:07.004754+00:00,0.0545,1.385,74.28,23.49,0.0799,2.031,0.435,0.506,61.0,61.0,0.086,0.112,2.425,2.535,3.38,3.489,0.0771,1.96,0.1131,2.873,0.128,0.145,cocked_rotor,1000.0
41667,2026-05-19 06:46:19.005019+00:00,0.0579,1.471,75.31,24.06,0.0786,1.997,0.437,0.48,61.0,61.0,0.087,0.11,2.42,2.573,3.394,3.227,0.0819,2.08,0.1112,2.825,0.128,0.148,cocked_rotor,1000.0
41685,2026-05-19 06:46:55.007578+00:00,0.0554,1.407,74.24,23.46,0.0726,1.846,0.442,0.619,61.0,61.0,0.084,0.108,2.437,2.536,3.429,4.206,0.0783,1.99,0.1028,2.611,0.129,0.147,cocked_rotor,1000.0
41723,2026-05-19 06:48:11.012158+00:00,0.052,1.323,74.61,23.67,0.0802,2.037,0.42,0.521,61.0,61.0,0.086,0.103,2.334,2.532,3.298,3.578,0.0736,1.871,0.1134,2.881,0.127,0.145,cocked_rotor,1000.0
41764,2026-05-19 06:49:33.016892+00:00,0.0518,1.317,73.96,23.31,0.0788,2.002,0.465,0.502,58.5,61.0,0.086,0.111,2.413,2.592,3.573,3.431,0.0733,1.863,0.1115,2.832,0.13,0.146,cocked_rotor,1000.0
41793,2026-05-19 06:50:31.020421+00:00,0.0555,1.411,74.33,23.51,0.074,1.88,0.455,0.507,58.5,58.5,0.087,0.108,2.364,2.52,3.559,3.481,0.0786,1.996,0.1046,2.659,0.127,0.145,cocked_rotor,1000.0
41808,2026-05-19 06:51:01.022054+00:00,0.0502,1.276,74.05,23.36,0.0848,2.156,0.485,0.573,58.5,61.0,0.087,0.112,2.406,2.689,3.791,3.919,0.071,1.804,0.12,3.049,0.128,0.146,cocked_rotor,1000.0
41816,2026-05-19 06:51:17.023127+00:00,0.0551,1.4,73.91,23.28,0.0776,1.971,0.484,0.515,61.0,61.0,0.082,0.107,2.484,2.556,3.715,3.531,0.0779,1.98,0.1097,2.787,0.13,0.145,cocked_rotor,1000.0
41822,2026-05-19 06:51:29.023789+00:00,0.0619,1.572,73.86,23.25,0.0722,1.835,0.427,0.512,61.0,61.0,0.094,0.108,2.363,2.595,3.352,3.333,0.0875,2.224,0.1022,2.596,0.127,0.153,cocked_rotor,1000.0
41842,2026-05-19 06:52:09.026128+00:00,0.0608,1.545,73.86,23.25,0.0816,2.073,0.465,0.626,58.5,61.0,0.089,0.117,2.39,2.72,3.646,4.195,0.086,2.185,0.1154,2.931,0.127,0.149,cocked_rotor,1000.0
41883,2026-05-19 06:53:31.031180+00:00,0.0583,1.482,75.22,24.01,0.0739,1.878,0.45,0.568,61.0,61.0,0.083,0.107,2.396,2.726,3.451,3.802,0.0825,2.096,0.1045,2.656,0.13,0.149,cocked_rotor,1000.0
41926,2026-05-19 06:54:57.036039+00:00,0.0539,1.371,74.28,23.49,0.0792,2.014,0.424,0.537,61.0,61.0,0.085,0.107,2.354,2.677,3.337,3.68,0.0763,1.939,0.1121,2.848,0.127,0.146,cocked_rotor,1000.0
42017,2026-05-19 06:57:59.046861+00:00,0.0504,1.281,73.96,23.31,0.0708,1.8,0.463,0.613,61.0,61.0,0.085,0.102,2.482,2.64,3.56,4.117,0.0713,1.811,0.1002,2.546,0.13,0.148,cocked_rotor,1000.0
42055,2026-05-19 06:59:15.051423+00:00,0.0658,1.671,73.82,23.23,0.0831,2.111,0.467,0.533,9.7,58.5,0.085,0.106,2.369,2.657,3.637,3.628,0.093,2.364,0.1175,2.985,0.128,0.146,cocked_rotor,1000.0
42174,2026-05-19 07:03:13.065560+00:00,0.0538,1.367,73.86,23.25,0.074,1.88,0.438,0.59,61.0,61.0,0.092,0.107,2.457,2.52,3.399,4.01,0.0761,1.933,0.1046,2.659,0.129,0.147,cocked_rotor,1000.0
42189,2026-05-19 07:03:43.067358+00:00,0.0503,1.279,74.19,23.44,0.0805,2.045,0.47,0.504,61.0,61.0,0.086,0.106,2.409,2.59,3.676,3.488,0.0712,1.809,0.1139,2.893,0.128,0.144,cocked_rotor,1000.0
42271,2026-05-19 07:06:27.077237+00:00,0.0529,1.345,74.38,23.54,0.0745,1.893,0.465,0.603,61.0,61.0,0.08,0.104,2.477,2.764,3.602,4.105,0.0749,1.903,0.1054,2.677,0.129,0.146,cocked_rotor,1000.0
42299,2026-05-19 07:07:23.080485+00:00,0.0543,1.381,74.56,23.64,0.0838,2.13,0.463,0.565,61.0,61.0,0.089,0.108,2.374,2.548,3.597,3.834,0.0769,1.953,0.1186,3.012,0.128,0.147,cocked_rotor,1000.0
42326,2026-05-19 07:08:17.083680+00:00,0.0556,1.412,73.82,23.23,0.0829,2.107,0.485,0.652,61.0,61.0,0.09,0.101,2.46,2.744,3.739,4.379,0.0786,1.997,0.1173,2.979,0.129,0.148,cocked_rotor,1000.0
42327,2026-05-19 07:08:19.083810+00:00,0.0538,1.368,75.36,24.09,0.0804,2.042,0.451,0.541,61.0,61.0,0.085,0.111,2.437,2.624,3.439,3.614,0.0762,1.935,0.1137,2.888,0.131,0.149,cocked_rotor,1000.0
42374,2026-05-19 07:09:53.089361+00:00,0.052,1.322,73.86,23.25,0.0787,1.999,0.602,0.56,58.5,61.0,0.086,0.107,2.57,2.653,4.623,3.793,0.0736,1.869,0.1113,2.827,0.13,0.147,cocked_rotor,1000.0
42445,2026-05-19 07:12:15.097654+00:00,0.0555,1.41,75.03,23.9,0.0768,1.952,0.485,0.644,61.0,61.0,0.087,0.106,2.496,2.736,3.735,4.367,0.0785,1.994,0.1087,2.761,0.13,0.147,cocked_rotor,1000.0
42481,2026-05-19 07:13:27.101939+00:00,0.0554,1.408,73.91,23.28,0.0817,2.075,0.466,0.734,61.0,61.0,0.081,0.103,2.463,2.895,3.599,4.958,0.0784,1.991,0.1155,2.935,0.129,0.148,cocked_rotor,1000.0
42525,2026-05-19 07:38:47.356478+00:00,0.053,1.347,77.66,25.37,0.0839,2.132,0.424,0.535,58.5,61.0,0.091,0.117,2.336,2.641,3.352,3.768,0.075,1.905,0.1187,3.016,0.126,0.141,rolamento_outer,1000.0
42527,2026-05-19 07:38:51.355309+00:00,0.0629,1.599,78.61,25.89,0.0804,2.043,0.48,0.494,61.0,61.0,0.096,0.121,2.413,2.553,3.827,3.587,0.089,2.261,0.1137,2.889,0.125,0.137,rolamento_outer,1000.0
42529,2026-05-19 07:38:55.356818+00:00,0.0571,1.452,78.23,25.68,0.0832,2.114,0.528,0.54,61.0,61.0,0.097,0.119,2.495,2.672,4.168,3.797,0.0808,2.053,0.1177,2.99,0.126,0.142,rolamento_outer,1000.0
42531,2026-05-19 07:38:59.357194+00:00,0.0626,1.592,77.71,25.39,0.0892,2.266,0.432,0.543,61.0,61.0,0.101,0.124,2.325,2.602,3.45,3.806,0.0886,2.251,0.1261,3.205,0.125,0.142,rolamento_outer,1000.0
42535,2026-05-19 07:39:07.357585+00:00,0.0673,1.709,77.76,25.42,0.0824,2.093,0.455,0.571,61.0,61.0,0.1,0.122,2.39,2.517,3.66,4.096,0.0952,2.418,0.1165,2.961,0.124,0.139,rolamento_outer,1000.0
42576,2026-05-19 20:08:01.645045+00:00,0.0664,1.687,75.41,24.11,0.0771,1.96,0.448,0.467,61.0,61.0,0.097,0.116,2.382,2.551,3.515,3.288,0.0939,2.386,0.1091,2.772,0.127,0.142,rolamento_outer,1000.0
42584,2026-05-19 20:08:17.645988+00:00,0.0566,1.439,75.17,23.98,0.0804,2.042,0.486,0.56,61.0,61.0,0.091,0.117,2.324,2.712,3.823,3.859,0.0801,2.035,0.1137,2.888,0.127,0.145,rolamento_outer,1000.0
42588,2026-05-19 20:08:25.648127+00:00,0.0513,1.304,75.5,24.16,0.0799,2.03,0.506,0.608,61.0,61.0,0.09,0.118,2.414,2.529,4.048,4.32,0.0726,1.845,0.113,2.871,0.125,0.14,rolamento_outer,1000.0
42592,2026-05-19 20:08:33.649486+00:00,0.0606,1.541,75.17,23.98,0.0799,2.029,0.489,0.583,61.0,61.0,0.101,0.118,2.455,2.588,3.889,4.07,0.0858,2.179,0.113,2.87,0.125,0.143,rolamento_outer,1000.0
42602,2026-05-19 20:08:53.651857+00:00,0.0575,1.462,74.47,23.59,0.082,2.083,0.482,0.531,58.5,61.0,0.088,0.113,2.521,2.503,3.72,3.726,0.0814,2.068,0.1159,2.945,0.129,0.142,rolamento_outer,1000.0
42603,2026-05-19 20:08:55.651982+00:00,0.0554,1.408,74.47,23.59,0.083,2.109,0.557,0.55,61.0,58.5,0.091,0.123,2.503,2.627,4.271,3.793,0.0784,1.992,0.1174,2.982,0.13,0.145,rolamento_outer,1000.0
42615,2026-05-19 20:09:19.653634+00:00,0.0574,1.458,74.28,23.49,0.0857,2.178,0.451,0.554,61.0,61.0,0.098,0.122,2.367,2.593,3.524,3.854,0.0812,2.062,0.1212,3.08,0.128,0.143,rolamento_outer,1000.0
42747,2026-05-19 20:13:43.670685+00:00,0.0569,1.445,73.12,22.84,0.0855,2.171,0.498,0.63,61.0,61.0,0.094,0.122,2.555,2.74,3.844,4.32,0.0804,2.044,0.1209,3.071,0.129,0.146,rolamento_outer,1000.0
42755,2026-05-19 20:13:59.671684+00:00,0.0696,1.769,74.38,23.54,0.0812,2.063,0.487,0.585,9.7,58.5,0.099,0.124,2.439,2.597,3.767,3.988,0.0985,2.502,0.1148,2.918,0.129,0.146,rolamento_outer,1000.0
42800,2026-05-19 20:15:29.677253+00:00,0.0573,1.456,73.49,23.05,0.0793,2.015,0.468,0.469,61.0,61.0,0.095,0.116,2.318,2.561,3.576,3.243,0.0811,2.06,0.1122,2.85,0.13,0.144,rolamento_outer,1000.0
42807,2026-05-19 20:15:43.678219+00:00,0.0577,1.466,74.61,23.67,0.077,1.956,0.502,0.602,58.5,61.0,0.095,0.112,2.453,2.662,3.84,4.104,0.0816,2.073,0.1089,2.767,0.13,0.146,rolamento_outer,1000.0
42817,2026-05-19 20:16:03.679310+00:00,0.0618,1.572,73.54,23.07,0.0796,2.023,0.451,0.676,61.0,61.0,0.095,0.123,2.385,2.767,3.515,4.566,0.0875,2.223,0.1126,2.862,0.128,0.148,rolamento_outer,1000.0
42856,2026-05-19 20:17:21.683155+00:00,0.0645,1.638,74.1,23.38,0.0794,2.018,0.425,0.474,61.0,61.0,0.099,0.116,2.294,2.486,3.3,3.284,0.0912,2.317,0.1124,2.855,0.128,0.144,rolamento_outer,1000.0
42912,2026-05-19 20:19:13.689656+00:00,0.0611,1.553,73.86,23.25,0.0769,1.954,0.486,0.535,61.0,61.0,0.104,0.119,2.464,2.62,3.715,3.63,0.0864,2.196,0.1088,2.764,0.13,0.147,rolamento_outer,1000.0
42935,2026-05-19 20:19:59.692655+00:00,0.0629,1.599,73.3,22.94,0.0778,1.977,0.436,0.499,58.5,61.0,0.098,0.115,2.387,2.542,3.413,3.416,0.089,2.261,0.11,2.796,0.127,0.146,rolamento_outer,1000.0
42983,2026-05-19 20:21:35.698481+00:00,0.0541,1.376,73.4,23.0,0.0817,2.075,0.391,0.506,61.0,58.5,0.101,0.115,2.316,2.494,3.03,3.519,0.0766,1.946,0.1155,2.934,0.129,0.143,rolamento_outer,1000.0
43006,2026-05-19 20:22:21.700971+00:00,0.0587,1.491,73.4,23.0,0.0819,2.082,0.618,0.488,61.0,58.5,0.096,0.123,2.443,2.484,4.717,3.38,0.083,2.109,0.1159,2.945,0.131,0.144,rolamento_outer,1000.0
43014,2026-05-19 20:22:37.701182+00:00,0.0565,1.436,73.49,23.05,0.0811,2.06,0.493,0.524,61.0,58.5,0.102,0.117,2.416,2.545,3.779,3.607,0.0799,2.031,0.1147,2.913,0.13,0.145,rolamento_outer,1000.0
43072,2026-05-19 20:24:33.709042+00:00,0.0535,1.359,73.54,23.07,0.0829,2.106,0.412,0.49,61.0,61.0,0.095,0.11,2.33,2.462,3.193,3.427,0.0757,1.923,0.1172,2.978,0.128,0.143,rolamento_outer,1000.0
43078,2026-05-19 20:24:45.709785+00:00,0.0589,1.498,73.58,23.1,0.0842,2.14,0.485,0.51,61.0,58.5,0.103,0.123,2.478,2.571,3.776,3.507,0.0834,2.118,0.1191,3.027,0.128,0.145,rolamento_outer,1000.0
43117,2026-05-19 20:26:03.713971+00:00,0.0641,1.628,73.68,23.15,0.0853,2.167,0.5,0.575,61.0,58.5,0.102,0.127,2.449,2.714,3.844,3.924,0.0906,2.303,0.1206,3.065,0.13,0.146,rolamento_outer,1000.0
43209,2026-05-19 20:29:07.724115+00:00,0.0563,1.431,73.82,23.23,0.0786,1.997,0.494,0.63,61.0,61.0,0.099,0.112,2.437,2.733,3.833,4.361,0.0797,2.024,0.1111,2.824,0.129,0.144,rolamento_outer,1000.0
43231,2026-05-19 20:29:51.726687+00:00,0.0547,1.39,73.86,23.25,0.079,2.006,0.455,0.585,61.0,61.0,0.091,0.11,2.412,2.652,3.48,3.99,0.0774,1.967,0.1117,2.838,0.13,0.146,rolamento_outer,1000.0
43260,2026-05-19 20:30:49.729866+00:00,0.0581,1.477,73.86,23.25,0.0819,2.08,0.547,0.571,61.0,61.0,0.104,0.12,2.527,2.657,4.214,3.96,0.0822,2.089,0.1158,2.942,0.129,0.144,rolamento_outer,1000.0
43261,2026-05-19 20:30:51.729891+00:00,0.0575,1.46,74.47,23.59,0.0908,2.308,0.4,0.607,61.0,61.0,0.093,0.121,2.305,2.735,3.102,4.103,0.0813,2.065,0.1285,3.264,0.129,0.147,rolamento_outer,1000.0
43290,2026-05-19 20:31:49.732930+00:00,0.0647,1.644,74.24,23.46,0.082,2.084,0.454,0.652,61.0,61.0,0.1,0.119,2.361,2.711,3.473,4.376,0.0915,2.325,0.116,2.947,0.13,0.149,rolamento_outer,1000.0
43295,2026-05-19 20:31:59.733369+00:00,0.0533,1.356,73.96,23.31,0.079,2.008,0.48,0.617,61.0,61.0,0.094,0.119,2.489,2.684,3.749,4.144,0.0755,1.918,0.1118,2.84,0.128,0.148,rolamento_outer,1000.0
43448,2026-05-19 20:37:05.752056+00:00,0.0532,1.351,75.31,24.06,0.0778,1.976,0.395,0.531,61.0,61.0,0.088,0.11,2.402,2.616,3.119,3.686,0.0752,1.911,0.11,2.795,0.126,0.144,rolamento_outer,1000.0
43454,2026-05-19 20:37:17.739655+00:00,0.0591,1.503,74.19,23.44,0.0851,2.162,0.494,0.575,58.5,61.0,0.102,0.12,2.456,2.616,3.789,3.971,0.0837,2.126,0.1204,3.058,0.13,0.144,rolamento_outer,1000.0
43466,2026-05-19 20:37:41.754208+00:00,0.0551,1.401,74.19,23.44,0.08,2.034,0.571,0.638,61.0,61.0,0.092,0.117,2.612,2.554,4.385,4.361,0.078,1.981,0.1132,2.877,0.13,0.146,rolamento_outer,1000.0
43467,2026-05-19 20:37:43.754240+00:00,0.064,1.626,74.61,23.67,0.084,2.134,0.572,0.5,61.0,61.0,0.103,0.132,2.593,2.61,4.38,3.419,0.0905,2.3,0.1188,3.019,0.13,0.146,rolamento_outer,1000.0
43489,2026-05-19 20:38:27.757290+00:00,0.0549,1.395,74.14,23.41,0.0864,2.196,0.546,0.569,61.0,61.0,0.098,0.117,2.425,2.622,4.229,3.869,0.0777,1.974,0.1223,3.106,0.129,0.147,rolamento_outer,1000.0
43552,2026-05-19 20:41:21.809240+00:00,0.0746,1.894,73.02,22.79,0.1171,2.974,0.608,0.852,58.5,61.0,0.172,0.173,2.674,2.94,3.632,3.442,0.1055,2.679,0.1656,4.206,0.167,0.247,rolamento_outer,2000.0
43564,2026-05-19 20:41:45.810710+00:00,0.0553,1.404,72.84,22.68,0.0822,2.088,0.63,0.942,61.0,61.0,0.152,0.131,2.871,2.968,3.798,3.92,0.0782,1.986,0.1162,2.952,0.165,0.24,rolamento_outer,2000.0
43608,2026-05-19 20:43:13.815898+00:00,0.0669,1.7,74.0,23.33,0.0934,2.374,0.593,0.807,61.0,61.0,0.159,0.153,2.843,2.849,3.599,3.238,0.0946,2.404,0.1321,3.357,0.164,0.249,rolamento_outer,2000.0
43619,2026-05-19 20:43:35.817229+00:00,0.0568,1.443,74.66,23.7,0.0905,2.299,0.605,0.956,61.0,61.0,0.156,0.141,2.753,2.92,3.616,3.806,0.0803,2.041,0.128,3.251,0.167,0.251,rolamento_outer,2000.0
43643,2026-05-19 20:44:23.819980+00:00,0.0628,1.597,72.56,22.53,0.0945,2.4,0.579,0.916,61.0,61.0,0.16,0.15,2.814,2.955,3.465,3.633,0.0889,2.258,0.1336,3.394,0.167,0.252,rolamento_outer,2000.0
43684,2026-05-19 20:45:45.823306+00:00,0.0624,1.585,73.96,23.31,0.0948,2.408,0.624,0.916,61.0,61.0,0.167,0.152,2.729,2.933,3.59,3.56,0.0882,2.242,0.1341,3.406,0.174,0.257,rolamento_outer,2000.0
43720,2026-05-19 20:46:57.829164+00:00,0.0669,1.7,72.32,22.4,0.1001,2.543,0.694,0.933,61.0,58.5,0.174,0.146,2.812,2.99,4.069,3.609,0.0947,2.405,0.1416,3.596,0.17,0.258,rolamento_outer,2000.0
43743,2026-05-19 20:47:43.831834+00:00,0.0652,1.656,72.46,22.48,0.0963,2.446,0.56,1.165,58.5,58.5,0.163,0.15,2.845,3.151,3.311,4.379,0.0922,2.342,0.1362,3.459,0.169,0.266,rolamento_outer,2000.0
43757,2026-05-19 20:48:11.833447+00:00,0.0708,1.798,72.42,22.45,0.1179,2.996,0.566,1.193,58.5,58.5,0.173,0.161,2.857,3.148,3.331,4.522,0.1001,2.544,0.1668,4.237,0.17,0.263,rolamento_outer,2000.0
43811,2026-05-19 20:49:59.839281+00:00,0.0637,1.619,72.42,22.45,0.0993,2.523,0.518,0.922,61.0,61.0,0.161,0.157,2.69,2.917,3.056,3.468,0.0901,2.289,0.1404,3.568,0.169,0.265,rolamento_outer,2000.0
43843,2026-05-19 20:51:03.842754+00:00,0.0626,1.591,73.96,23.31,0.0934,2.374,0.615,0.887,58.5,58.5,0.162,0.146,2.762,2.868,3.612,3.365,0.0886,2.25,0.1322,3.358,0.17,0.263,rolamento_outer,2000.0
43869,2026-05-19 20:51:55.845444+00:00,0.0756,1.92,72.56,22.53,0.1152,2.928,0.562,1.175,58.5,58.5,0.175,0.177,2.806,3.132,3.301,4.539,0.1069,2.716,0.163,4.141,0.17,0.258,rolamento_outer,2000.0
43990,2026-05-19 20:55:57.857295+00:00,0.0753,1.913,72.37,22.43,0.1049,2.665,0.632,0.91,58.5,58.5,0.182,0.161,2.748,3.065,3.65,3.389,0.1065,2.705,0.1484,3.769,0.173,0.268,rolamento_outer,2000.0
44005,2026-05-19 20:56:27.860870+00:00,0.0632,1.607,72.42,22.45,0.0971,2.467,0.666,1.02,58.5,61.0,0.161,0.152,2.808,3.072,3.848,3.759,0.0895,2.273,0.1373,3.489,0.173,0.271,rolamento_outer,2000.0
44008,2026-05-19 20:56:33.861199+00:00,0.0661,1.679,73.3,22.94,0.115,2.922,0.584,0.878,61.0,9.7,0.17,0.163,2.818,3.035,3.415,3.278,0.0934,2.374,0.1627,4.133,0.171,0.268,rolamento_outer,2000.0
44009,2026-05-19 20:56:35.861186+00:00,0.0641,1.629,73.3,22.94,0.086,2.186,0.602,0.962,61.0,61.0,0.169,0.138,2.777,2.882,3.485,3.588,0.0907,2.304,0.1217,3.091,0.172,0.268,rolamento_outer,2000.0
44058,2026-05-19 20:58:13.866746+00:00,0.0708,1.8,72.37,22.43,0.095,2.413,0.606,0.963,61.0,58.5,0.18,0.155,2.807,2.993,3.462,3.686,0.1002,2.546,0.1343,3.413,0.175,0.261,rolamento_outer,2000.0
44089,2026-05-19 20:59:15.870035+00:00,0.066,1.676,73.12,22.84,0.0843,2.141,0.591,0.888,61.0,61.0,0.177,0.157,2.715,2.868,3.325,3.354,0.0933,2.371,0.1192,3.028,0.177,0.264,rolamento_outer,2000.0
44227,2026-05-19 21:03:51.885879+00:00,0.067,1.701,72.56,22.53,0.094,2.389,0.571,0.921,61.0,61.0,0.166,0.14,2.771,2.801,3.373,3.498,0.0947,2.406,0.133,3.379,0.169,0.263,rolamento_outer,2000.0
44256,2026-05-19 21:04:49.888904+00:00,0.0674,1.713,73.35,22.97,0.099,2.516,0.659,0.884,61.0,58.5,0.185,0.153,2.806,2.872,3.784,3.358,0.0954,2.423,0.1401,3.558,0.174,0.263,rolamento_outer,2000.0
44358,2026-05-19 21:08:13.899695+00:00,0.0617,1.569,72.74,22.63,0.09,2.287,0.654,0.968,61.0,61.0,0.169,0.147,2.932,2.988,3.779,3.694,0.0873,2.219,0.1273,3.235,0.173,0.262,rolamento_outer,2000.0
44459,2026-05-19 21:11:35.912057+00:00,0.0695,1.767,72.46,22.48,0.0992,2.52,0.614,0.913,61.0,58.5,0.175,0.158,2.867,2.943,3.514,3.491,0.0983,2.499,0.1403,3.564,0.174,0.261,rolamento_outer,2000.0
44516,2026-05-19 21:28:38.614199+00:00,0.0553,1.404,74.52,23.62,0.1324,3.365,0.456,0.483,58.5,56.1,0.079,0.142,2.35,2.447,3.649,3.498,0.0782,1.986,0.1873,4.758,0.125,0.138,rolamento_outer,500.0
44563,2026-05-19 21:30:12.619059+00:00,0.0702,1.784,75.59,24.22,0.1257,3.193,0.381,0.502,58.5,56.1,0.085,0.141,2.288,2.509,3.071,3.68,0.0993,2.523,0.1778,4.516,0.124,0.136,rolamento_outer,500.0
44643,2026-05-19 21:32:52.627611+00:00,0.0618,1.571,76.63,24.79,0.1246,3.166,0.403,0.495,58.5,56.1,0.087,0.139,2.293,2.4,3.263,3.659,0.0875,2.222,0.1763,4.478,0.123,0.135,rolamento_outer,500.0
44661,2026-05-19 21:33:28.629570+00:00,0.057,1.449,76.77,24.87,0.1183,3.006,0.423,0.504,61.0,56.1,0.079,0.132,2.373,2.575,3.406,3.746,0.0806,2.049,0.1674,4.252,0.124,0.134,rolamento_outer,500.0
44728,2026-05-19 21:35:42.636325+00:00,0.0579,1.473,77.43,25.24,0.1099,2.791,0.588,0.632,61.0,53.7,0.088,0.13,2.486,2.608,4.781,4.763,0.082,2.083,0.1554,3.948,0.122,0.132,rolamento_outer,500.0
44729,2026-05-19 21:35:44.636333+00:00,0.0579,1.473,77.19,25.11,0.1099,2.791,0.588,0.632,61.0,53.7,0.088,0.13,2.486,2.608,4.781,4.763,0.082,2.083,0.1554,3.948,0.122,0.132,rolamento_outer,500.0
44745,2026-05-19 21:36:16.638326+00:00,0.0561,1.426,77.29,25.16,0.119,3.023,0.431,0.509,61.0,56.1,0.083,0.131,2.378,2.634,3.486,3.686,0.0794,2.017,0.1683,4.275,0.123,0.138,rolamento_outer,500.0
44800,2026-05-19 21:38:06.644202+00:00,0.0611,1.553,77.19,25.11,0.11,2.795,0.462,0.477,61.0,53.7,0.082,0.126,2.391,2.451,3.694,3.535,0.0865,2.197,0.1556,3.952,0.125,0.134,rolamento_outer,500.0
44836,2026-05-19 21:39:18.648643+00:00,0.0595,1.513,78.42,25.79,0.1129,2.869,0.456,0.523,61.0,56.1,0.081,0.126,2.252,2.502,3.677,3.831,0.0842,2.14,0.1597,4.057,0.124,0.136,rolamento_outer,500.0
44840,2026-05-19 21:39:26.648965+00:00,0.0575,1.461,77.38,25.21,0.1208,3.07,0.391,0.524,58.5,56.1,0.082,0.133,2.365,2.54,3.162,3.885,0.0813,2.067,0.1709,4.342,0.123,0.134,rolamento_outer,500.0
44856,2026-05-19 21:39:58.650690+00:00,0.0596,1.515,77.38,25.21,0.1209,3.071,0.53,0.576,61.0,56.1,0.083,0.134,2.421,2.551,4.325,4.24,0.0843,2.143,0.171,4.343,0.122,0.135,rolamento_outer,500.0
44994,2026-05-19 21:44:34.666805+00:00,0.056,1.423,77.43,25.24,0.1249,3.173,0.46,0.609,58.5,56.1,0.081,0.14,2.379,2.717,3.701,4.402,0.0792,2.013,0.1766,4.487,0.124,0.138,rolamento_outer,500.0
45041,2026-05-19 21:46:08.672215+00:00,0.054,1.373,77.38,25.21,0.1053,2.677,0.504,0.485,61.0,53.7,0.084,0.124,2.487,2.419,4.051,3.581,0.0764,1.942,0.149,3.785,0.124,0.135,rolamento_outer,500.0
45088,2026-05-19 21:47:42.676977+00:00,0.0596,1.515,77.33,25.18,0.1056,2.682,0.531,0.482,61.0,53.7,0.085,0.123,2.419,2.534,4.304,3.572,0.0843,2.142,0.1493,3.793,0.123,0.135,rolamento_outer,500.0
45123,2026-05-19 21:48:52.680613+00:00,0.0558,1.418,77.38,25.21,0.1133,2.878,0.447,0.701,61.0,53.7,0.083,0.128,2.268,2.598,3.65,5.237,0.0789,2.006,0.1602,4.07,0.122,0.134,rolamento_outer,500.0
45174,2026-05-19 21:50:34.686601+00:00,0.0583,1.481,78.99,26.1,0.1165,2.959,0.422,0.481,61.0,56.1,0.086,0.134,2.348,2.493,3.439,3.581,0.0824,2.094,0.1647,4.184,0.122,0.134,rolamento_outer,500.0
45184,2026-05-19 21:50:54.687837+00:00,0.0599,1.522,77.43,25.24,0.1117,2.838,0.497,0.557,58.5,56.1,0.086,0.132,2.451,2.744,4.016,4.097,0.0847,2.152,0.158,4.014,0.123,0.135,rolamento_outer,500.0
45233,2026-05-19 21:52:32.693746+00:00,0.0651,1.653,78.33,25.73,0.1141,2.898,0.402,0.466,58.5,56.1,0.089,0.131,2.295,2.424,3.274,3.446,0.092,2.338,0.1614,4.099,0.122,0.135,rolamento_outer,500.0
45246,2026-05-19 21:52:58.695285+00:00,0.0617,1.567,77.52,25.29,0.1203,3.057,0.456,0.495,9.7,56.1,0.079,0.139,2.422,2.485,3.655,3.613,0.0872,2.217,0.1702,4.323,0.125,0.136,rolamento_outer,500.0
45249,2026-05-19 21:53:04.695675+00:00,0.0568,1.443,77.48,25.26,0.1104,2.806,0.468,0.646,61.0,56.1,0.084,0.128,2.428,2.774,3.775,4.705,0.0803,2.041,0.1562,3.969,0.124,0.137,rolamento_outer,500.0
45298,2026-05-19 21:54:42.701454+00:00,0.0545,1.385,77.38,25.21,0.1022,2.595,0.477,0.488,61.0,53.7,0.083,0.122,2.349,2.386,3.882,3.641,0.0771,1.959,0.1445,3.671,0.122,0.134,rolamento_outer,500.0
45351,2026-05-19 21:56:28.707885+00:00,0.0548,1.393,77.43,25.24,0.1201,3.052,0.411,0.548,58.5,56.1,0.077,0.134,2.312,2.683,3.295,3.983,0.0775,1.97,0.1699,4.317,0.124,0.137,rolamento_outer,500.0
45372,2026-05-19 21:57:10.710189+00:00,0.0561,1.426,77.43,25.24,0.123,3.125,0.388,0.557,58.5,56.1,0.081,0.139,2.285,2.551,3.084,4.134,0.0793,2.016,0.174,4.419,0.125,0.134,rolamento_outer,500.0
45390,2026-05-19 21:57:46.712244+00:00,0.0587,1.491,78.52,25.84,0.1217,3.092,0.374,0.504,61.0,56.1,0.079,0.138,2.277,2.509,3.047,3.69,0.083,2.109,0.1721,4.372,0.122,0.136,rolamento_outer,500.0
45404,2026-05-19 21:58:14.713867+00:00,0.057,1.448,77.62,25.34,0.1003,2.549,0.491,0.609,61.0,56.1,0.077,0.121,2.49,2.607,3.92,4.479,0.0806,2.048,0.1419,3.605,0.125,0.136,rolamento_outer,500.0
45423,2026-05-19 21:58:52.715891+00:00,0.0527,1.341,77.9,25.5,0.111,2.821,0.517,0.497,61.0,53.7,0.082,0.127,2.42,2.622,4.182,3.737,0.0746,1.896,0.1571,3.99,0.123,0.133,rolamento_outer,500.0
45502,2026-05-19 22:38:32.223065+00:00,0.0692,1.758,61.01,16.11,0.0839,2.132,0.415,0.49,61.0,58.5,0.076,0.101,2.283,2.325,3.136,3.412,0.0979,2.487,0.1187,3.015,0.132,0.143,rolamento_outer,500.0
45511,2026-05-19 22:38:50.224130+00:00,0.0589,1.498,61.15,16.19,0.079,2.006,0.456,0.515,58.5,61.0,0.078,0.095,2.272,2.343,3.448,3.568,0.0834,2.118,0.1117,2.837,0.132,0.144,rolamento_outer,500.0
45528,2026-05-19 22:39:24.224916+00:00,0.0569,1.445,62.02,16.68,0.0864,2.195,0.424,0.587,9.7,61.0,0.069,0.111,2.343,2.508,3.186,4.017,0.0804,2.044,0.1222,3.104,0.133,0.146,rolamento_outer,500.0
45535,2026-05-19 22:39:38.226975+00:00,0.0634,1.612,62.62,17.01,0.1011,2.569,0.462,0.573,61.0,9.7,0.074,0.107,2.286,2.334,3.511,3.982,0.0897,2.279,0.143,3.634,0.131,0.143,rolamento_outer,500.0
45566,2026-05-19 22:40:40.230518+00:00,0.0648,1.647,61.74,16.52,0.0975,2.479,0.503,0.499,58.5,58.5,0.073,0.107,2.34,2.448,3.767,3.382,0.0917,2.329,0.138,3.505,0.133,0.147,rolamento_outer,500.0
45596,2026-05-19 22:41:40.234307+00:00,0.0652,1.657,61.79,16.55,0.0977,2.483,0.518,0.501,61.0,58.5,0.078,0.108,2.431,2.356,3.877,3.467,0.0922,2.344,0.1382,3.511,0.133,0.144,rolamento_outer,500.0
45618,2026-05-19 22:42:24.236694+00:00,0.0731,1.858,61.7,16.5,0.1122,2.851,0.453,0.573,9.7,61.0,0.075,0.111,2.314,2.402,3.407,3.966,0.1034,2.628,0.1587,4.032,0.133,0.144,rolamento_outer,500.0
45641,2026-05-19 22:43:10.239451+00:00,0.0733,1.862,61.97,16.65,0.1124,2.855,0.531,0.562,58.5,9.7,0.074,0.11,2.364,2.477,4.009,3.884,0.1036,2.633,0.1589,4.037,0.132,0.144,rolamento_outer,500.0
45650,2026-05-19 22:43:28.235670+00:00,0.0572,1.453,62.3,16.83,0.0779,1.98,0.591,0.606,61.0,61.0,0.077,0.101,2.453,2.513,4.416,4.149,0.0809,2.056,0.1102,2.8,0.134,0.146,rolamento_outer,500.0
45656,2026-05-19 22:43:40.241180+00:00,0.0643,1.634,62.25,16.8,0.1162,2.953,0.458,0.729,58.5,58.5,0.076,0.113,2.412,2.697,3.399,4.95,0.0909,2.311,0.1644,4.176,0.134,0.147,rolamento_outer,500.0
45727,2026-05-19 22:46:02.249702+00:00,0.0698,1.773,63.36,17.42,0.0748,1.901,0.427,0.48,9.7,9.7,0.073,0.09,2.278,2.365,3.211,3.306,0.0987,2.507,0.1058,2.689,0.132,0.145,rolamento_outer,500.0
45801,2026-05-19 22:48:30.258782+00:00,0.0646,1.641,64.65,18.13,0.0805,2.045,0.387,0.497,58.5,61.0,0.074,0.1,2.224,2.368,2.946,3.455,0.0914,2.321,0.1138,2.892,0.131,0.143,rolamento_outer,500.0
45833,2026-05-19 22:49:34.262671+00:00,0.0599,1.523,64.51,18.06,0.0749,1.904,0.513,0.591,61.0,61.0,0.076,0.092,2.42,2.514,3.83,4.045,0.0848,2.154,0.106,2.693,0.133,0.146,rolamento_outer,500.0
45846,2026-05-19 22:50:00.264126+00:00,0.0741,1.883,64.37,17.98,0.0792,2.013,0.481,0.523,61.0,61.0,0.08,0.098,2.267,2.412,3.696,3.682,0.1048,2.664,0.112,2.847,0.13,0.142,rolamento_outer,500.0
45889,2026-05-19 22:51:26.266919+00:00,0.0682,1.733,64.92,18.29,0.0912,2.317,0.453,0.493,9.7,9.7,0.075,0.097,2.286,2.38,3.396,3.412,0.0964,2.45,0.129,3.277,0.133,0.144,rolamento_outer,500.0
45895,2026-05-19 22:51:38.269864+00:00,0.0817,2.076,65.43,18.57,0.1066,2.707,0.466,0.542,12.2,12.2,0.077,0.106,2.269,2.352,3.522,3.766,0.1156,2.937,0.1507,3.829,0.132,0.143,rolamento_outer,500.0
45906,2026-05-19 22:52:00.271474+00:00,0.0804,2.043,65.11,18.39,0.1215,3.087,0.504,0.566,9.7,12.2,0.08,0.112,2.431,2.513,3.818,3.873,0.1137,2.889,0.1718,4.365,0.132,0.146,rolamento_outer,500.0
45930,2026-05-19 22:52:48.273980+00:00,0.0554,1.409,65.29,18.49,0.0741,1.882,0.402,0.42,61.0,9.7,0.072,0.095,2.296,2.317,3.054,2.956,0.0784,1.992,0.1048,2.662,0.131,0.142,rolamento_outer,500.0
45961,2026-05-19 22:53:50.277462+00:00,0.0563,1.43,65.66,18.7,0.0758,1.926,0.549,0.62,9.7,61.0,0.073,0.09,2.405,2.618,4.175,4.363,0.0796,2.023,0.1072,2.724,0.131,0.142,rolamento_outer,500.0
45997,2026-05-19 22:55:02.282121+00:00,0.0671,1.706,66.35,19.08,0.0898,2.283,0.511,0.613,9.7,9.7,0.076,0.097,2.414,2.472,3.92,4.284,0.0949,2.412,0.1271,3.229,0.13,0.143,rolamento_outer,500.0
46066,2026-05-19 22:57:20.290080+00:00,0.0563,1.432,67.97,19.98,0.0796,2.023,0.396,0.466,61.0,61.0,0.073,0.093,2.265,2.448,3.068,3.355,0.0797,2.025,0.1126,2.861,0.129,0.138,rolamento_outer,500.0
46158,2026-05-19 23:00:24.300913+00:00,0.0573,1.456,67.83,19.9,0.0929,2.36,0.517,0.444,58.5,58.5,0.077,0.11,2.402,2.457,4.015,3.175,0.081,2.059,0.1314,3.338,0.128,0.14,rolamento_outer,500.0
46219,2026-05-19 23:02:26.308350+00:00,0.0651,1.654,68.29,20.16,0.104,2.642,0.503,0.57,58.5,58.5,0.078,0.108,2.355,2.542,3.902,4.069,0.0921,2.34,0.1471,3.736,0.128,0.14,rolamento_outer,500.0
46283,2026-05-19 23:04:34.316112+00:00,0.0513,1.303,68.61,20.34,0.0651,1.655,0.446,0.526,58.5,61.0,0.079,0.087,2.295,2.387,3.495,3.737,0.0725,1.843,0.0921,2.341,0.127,0.14,rolamento_outer,500.0
46286,2026-05-19 23:04:40.316193+00:00,0.0649,1.65,68.66,20.36,0.0702,1.784,0.437,0.561,61.0,61.0,0.082,0.102,2.331,2.398,3.389,3.961,0.0919,2.334,0.0993,2.524,0.128,0.141,rolamento_outer,500.0
46313,2026-05-19 23:05:34.319632+00:00,0.0586,1.49,68.8,20.44,0.0774,1.966,0.453,0.516,61.0,61.0,0.077,0.106,2.299,2.462,3.523,3.659,0.0829,2.107,0.1095,2.781,0.128,0.141,rolamento_outer,500.0
46330,2026-05-19 23:06:08.321603+00:00,0.0618,1.57,69.12,20.62,0.1048,2.663,0.438,0.579,61.0,58.5,0.073,0.128,2.371,2.529,3.36,4.071,0.0874,2.221,0.1482,3.766,0.13,0.142,rolamento_outer,500.0
46353,2026-05-19 23:06:54.324427+00:00,0.0563,1.43,69.22,20.67,0.0798,2.028,0.448,0.54,61.0,61.0,0.071,0.093,2.402,2.575,3.512,3.845,0.0796,2.023,0.1129,2.869,0.127,0.14,rolamento_outer,500.0
46394,2026-05-19 23:08:16.329360+00:00,0.0594,1.51,70.93,21.63,0.068,1.727,0.449,0.483,61.0,9.7,0.073,0.096,2.301,2.444,3.54,3.465,0.084,2.135,0.0962,2.443,0.127,0.139,rolamento_outer,500.0
46408,2026-05-19 23:08:44.331000+00:00,0.076,1.932,71.02,21.68,0.099,2.516,0.461,0.516,9.7,58.5,0.081,0.114,2.307,2.456,3.623,3.673,0.1075,2.733,0.14,3.558,0.127,0.14,rolamento_outer,500.0
46469,2026-05-19 23:10:46.338487+00:00,0.0552,1.404,70.05,21.14,0.0921,2.34,0.427,0.587,61.0,58.5,0.08,0.115,2.32,2.513,3.335,4.188,0.0781,1.985,0.1303,3.31,0.128,0.14,rolamento_outer,500.0
46495,2026-05-19 23:11:38.341650+00:00,0.0538,1.368,71.35,21.86,0.0809,2.055,0.472,0.62,61.0,61.0,0.081,0.105,2.382,2.606,3.677,4.447,0.0762,1.935,0.1144,2.906,0.128,0.139,rolamento_outer,500.0
46499,2026-05-19 23:53:29.460333+00:00,0.0614,1.559,73.63,23.13,0.0846,2.15,0.52,0.752,58.5,58.5,0.101,0.123,2.553,2.861,4.024,5.08,0.0868,2.206,0.1197,3.041,0.129,0.148,rolamento_outer,1000.0
46545,2026-05-19 23:55:01.467175+00:00,0.0603,1.533,73.02,22.79,0.0869,2.207,0.444,0.501,61.0,58.5,0.096,0.114,2.523,2.623,3.412,3.399,0.0854,2.169,0.1229,3.122,0.13,0.147,rolamento_outer,1000.0
46567,2026-05-19 23:55:45.469423+00:00,0.051,1.297,72.93,22.74,0.0822,2.088,0.507,0.527,61.0,61.0,0.091,0.12,2.491,2.611,3.865,3.559,0.0722,1.835,0.1163,2.954,0.131,0.148,rolamento_outer,1000.0
46577,2026-05-19 23:56:05.471097+00:00,0.0579,1.47,74.0,23.33,0.0779,1.978,0.518,0.551,61.0,61.0,0.099,0.117,2.454,2.673,4.004,3.664,0.0818,2.08,0.1101,2.798,0.129,0.15,rolamento_outer,1000.0
46608,2026-05-19 23:57:07.474098+00:00,0.0591,1.501,72.51,22.5,0.0901,2.29,0.456,0.524,61.0,61.0,0.094,0.116,2.496,2.549,3.481,3.587,0.0836,2.123,0.1275,3.239,0.131,0.146,rolamento_outer,1000.0
46690,2026-05-19 23:59:51.483429+00:00,0.0585,1.488,72.51,22.5,0.0711,1.806,0.396,0.545,61.0,61.0,0.091,0.107,2.39,2.547,3.086,3.758,0.0828,2.104,0.1005,2.555,0.128,0.145,rolamento_outer,1000.0
46698,2026-05-20 00:00:07.485025+00:00,0.0574,1.46,72.37,22.43,0.0921,2.339,0.391,0.461,61.0,61.0,0.104,0.133,2.406,2.523,3.006,3.178,0.0813,2.065,0.1302,3.308,0.13,0.145,rolamento_outer,1000.0
46712,2026-05-20 00:00:35.486990+00:00,0.0596,1.515,72.23,22.35,0.0798,2.027,0.507,0.577,61.0,61.0,0.091,0.121,2.435,2.675,3.928,3.901,0.0843,2.143,0.1128,2.867,0.129,0.148,rolamento_outer,1000.0
46765,2026-05-20 00:02:21.493606+00:00,0.0564,1.434,72.23,22.35,0.0813,2.067,0.449,0.559,61.0,58.5,0.092,0.121,2.434,2.709,3.453,3.783,0.0798,2.028,0.1151,2.923,0.13,0.147,rolamento_outer,1000.0
46817,2026-05-20 00:04:05.500239+00:00,0.0586,1.49,72.74,22.63,0.08,2.034,0.453,0.627,61.0,58.5,0.093,0.114,2.483,2.689,3.448,4.214,0.0829,2.107,0.1132,2.877,0.131,0.149,rolamento_outer,1000.0
46877,2026-05-20 00:06:05.507861+00:00,0.0589,1.496,72.74,22.63,0.0747,1.898,0.466,0.517,61.0,58.5,0.091,0.111,2.424,2.566,3.585,3.464,0.0833,2.116,0.1056,2.684,0.13,0.149,rolamento_outer,1000.0
46882,2026-05-20 00:06:15.507486+00:00,0.0635,1.614,72.23,22.35,0.0796,2.023,0.429,0.634,61.0,61.0,0.105,0.12,2.396,2.668,3.303,4.233,0.0899,2.283,0.1126,2.861,0.13,0.149,rolamento_outer,1000.0
46919,2026-05-20 00:07:29.513206+00:00,0.0627,1.594,72.37,22.43,0.089,2.261,0.464,0.597,61.0,9.7,0.095,0.115,2.54,2.614,3.505,4.031,0.0887,2.254,0.1259,3.198,0.132,0.148,rolamento_outer,1000.0
46938,2026-05-20 00:08:07.513382+00:00,0.0548,1.394,72.42,22.45,0.0867,2.202,0.44,0.489,61.0,58.5,0.092,0.119,2.464,2.527,3.336,3.305,0.0776,1.971,0.1226,3.114,0.132,0.148,rolamento_outer,1000.0
47009,2026-05-20 00:10:29.523600+00:00,0.0561,1.427,72.84,22.68,0.0751,1.908,0.48,0.48,61.0,61.0,0.09,0.114,2.425,2.434,3.688,3.309,0.0794,2.018,0.1062,2.698,0.13,0.145,rolamento_outer,1000.0
47012,2026-05-20 00:10:35.524092+00:00,0.0545,1.385,72.28,22.37,0.0764,1.942,0.423,0.537,58.5,61.0,0.092,0.119,2.433,2.57,3.276,3.686,0.0771,1.959,0.1081,2.746,0.129,0.145,rolamento_outer,1000.0
47017,2026-05-20 00:10:45.523067+00:00,0.0594,1.511,72.37,22.43,0.0817,2.076,0.521,0.551,58.5,61.0,0.099,0.124,2.602,2.733,3.913,3.66,0.0841,2.136,0.1156,2.937,0.133,0.15,rolamento_outer,1000.0
47109,2026-05-20 00:13:49.535627+00:00,0.0542,1.377,72.84,22.68,0.0829,2.106,0.41,0.489,61.0,58.5,0.091,0.116,2.442,2.509,3.131,3.312,0.0766,1.947,0.1172,2.978,0.131,0.147,rolamento_outer,1000.0
47121,2026-05-20 00:14:13.537066+00:00,0.0565,1.435,73.02,22.79,0.0814,2.068,0.661,0.489,61.0,61.0,0.097,0.111,2.721,2.628,4.941,3.246,0.0799,2.029,0.1151,2.924,0.133,0.15,rolamento_outer,1000.0
47136,2026-05-20 00:14:43.538865+00:00,0.0519,1.319,72.46,22.48,0.0744,1.891,0.444,0.617,58.5,61.0,0.092,0.12,2.492,2.639,3.213,3.986,0.0734,1.866,0.1053,2.675,0.138,0.154,rolamento_outer,1000.0
47180,2026-05-20 00:16:11.543865+00:00,0.0598,1.52,72.74,22.63,0.0718,1.824,0.478,0.532,61.0,61.0,0.091,0.117,2.592,2.635,3.472,3.378,0.0846,2.149,0.1015,2.58,0.137,0.157,rolamento_outer,1000.0
47191,2026-05-20 00:16:33.545298+00:00,0.0562,1.428,72.37,22.43,0.0768,1.952,0.408,0.564,61.0,61.0,0.101,0.126,2.399,2.674,3.162,3.784,0.0795,2.02,0.1087,2.761,0.129,0.149,rolamento_outer,1000.0
47238,2026-05-20 00:18:07.551138+00:00,0.0608,1.544,72.42,22.45,0.0851,2.163,0.575,0.522,61.0,61.0,0.093,0.118,2.516,2.623,4.427,3.518,0.0859,2.184,0.1204,3.059,0.13,0.148,rolamento_outer,1000.0
47243,2026-05-20 00:18:17.551699+00:00,0.0554,1.409,73.35,22.97,0.0785,1.994,0.506,0.597,61.0,61.0,0.101,0.123,2.427,2.652,3.879,4.016,0.0784,1.992,0.111,2.82,0.13,0.148,rolamento_outer,1000.0
47247,2026-05-20 00:18:25.552239+00:00,0.0659,1.674,72.88,22.71,0.0736,1.87,0.508,0.635,61.0,61.0,0.102,0.11,2.517,2.806,3.875,4.208,0.0932,2.367,0.1041,2.645,0.131,0.15,rolamento_outer,1000.0
47315,2026-05-20 00:20:41.560463+00:00,0.0586,1.489,72.7,22.61,0.0782,1.988,0.398,0.562,61.0,61.0,0.096,0.115,2.464,2.727,3.069,3.799,0.0829,2.106,0.1107,2.811,0.129,0.148,rolamento_outer,1000.0
47318,2026-05-20 00:20:47.560702+00:00,0.0578,1.468,72.6,22.56,0.0832,2.115,0.421,0.564,61.0,61.0,0.094,0.117,2.374,2.524,3.165,3.717,0.0817,2.076,0.1177,2.991,0.132,0.151,rolamento_outer,1000.0
47399,2026-05-20 00:23:29.570331+00:00,0.0689,1.752,72.42,22.45,0.0755,1.92,0.47,0.606,61.0,61.0,0.116,0.12,2.607,2.687,3.385,3.873,0.0975,2.478,0.1069,2.715,0.138,0.156,rolamento_outer,1000.0
47438,2026-05-20 00:24:47.575060+00:00,0.0537,1.365,72.46,22.48,0.0846,2.149,0.435,0.57,58.5,61.0,0.096,0.12,2.45,2.75,3.335,3.743,0.076,1.931,0.1196,3.039,0.13,0.152,rolamento_outer,1000.0
47443,2026-05-20 00:24:57.575499+00:00,0.061,1.549,72.46,22.48,0.0834,2.119,0.503,0.613,58.5,61.0,0.095,0.116,2.558,2.751,3.844,4.027,0.0862,2.191,0.1179,2.997,0.131,0.152,rolamento_outer,1000.0
47445,2026-05-20 00:25:01.574923+00:00,0.0582,1.48,72.32,22.4,0.0792,2.011,0.484,0.53,61.0,58.5,0.094,0.124,2.507,2.581,3.681,3.591,0.0824,2.094,0.112,2.845,0.131,0.147,rolamento_outer,1000.0
47489,2026-05-20 00:26:29.580728+00:00,0.0682,1.732,73.68,23.15,0.0797,2.026,0.429,0.519,9.7,61.0,0.102,0.128,2.434,2.626,3.286,3.5,0.0964,2.45,0.1128,2.865,0.13,0.148,rolamento_outer,1000.0
47515,2026-05-20 01:20:59.843003+00:00,0.0792,2.012,72.98,22.76,0.0983,2.498,0.614,1.001,9.7,61.0,0.176,0.165,2.833,2.827,3.611,3.834,0.112,2.846,0.1391,3.533,0.17,0.261,rolamento_outer,2000.0
47679,2026-05-20 01:26:27.862503+00:00,0.0684,1.737,70.79,21.55,0.099,2.515,0.564,1.09,61.0,61.0,0.178,0.171,2.789,2.969,3.262,4.021,0.0967,2.457,0.14,3.557,0.172,0.271,rolamento_outer,2000.0
47692,2026-05-20 01:26:53.864241+00:00,0.0655,1.665,70.93,21.63,0.0971,2.468,0.653,1.05,61.0,61.0,0.166,0.137,2.761,3.178,3.688,3.87,0.0927,2.355,0.1374,3.491,0.177,0.271,rolamento_outer,2000.0
47694,2026-05-20 01:26:57.864275+00:00,0.0615,1.562,70.88,21.6,0.087,2.21,0.541,0.97,61.0,61.0,0.173,0.149,2.74,3.073,3.017,3.5,0.087,2.21,0.123,3.125,0.179,0.277,rolamento_outer,2000.0
47698,2026-05-20 01:27:05.864648+00:00,0.0702,1.785,72.32,22.4,0.0887,2.254,0.682,1.086,61.0,58.5,0.176,0.153,2.908,3.031,3.789,3.943,0.0994,2.525,0.1255,3.188,0.18,0.275,rolamento_outer,2000.0
47762,2026-05-20 01:29:13.872580+00:00,0.0673,1.711,71.02,21.68,0.0903,2.294,0.62,1.119,61.0,58.5,0.163,0.159,2.751,2.968,3.498,4.128,0.0952,2.42,0.1277,3.244,0.177,0.271,rolamento_outer,2000.0
47765,2026-05-20 01:29:19.872754+00:00,0.0665,1.689,71.16,21.75,0.0956,2.428,0.598,1.066,61.0,58.5,0.188,0.148,2.843,2.918,3.317,3.774,0.094,2.389,0.1352,3.435,0.18,0.282,rolamento_outer,2000.0
47768,2026-05-20 01:29:25.872942+00:00,0.0644,1.636,70.93,21.63,0.0907,2.303,0.602,1.175,61.0,61.0,0.185,0.154,2.828,3.026,3.335,4.137,0.091,2.313,0.1282,3.258,0.18,0.284,rolamento_outer,2000.0
47805,2026-05-20 01:30:39.877572+00:00,0.0628,1.595,70.93,21.63,0.0969,2.462,0.606,0.965,61.0,61.0,0.177,0.165,2.858,3.033,3.438,3.629,0.0888,2.256,0.1371,3.482,0.176,0.266,rolamento_outer,2000.0
47819,2026-05-20 01:31:07.879459+00:00,0.0703,1.787,70.84,21.57,0.0889,2.26,0.605,1.052,9.7,61.0,0.172,0.149,2.875,3.072,3.393,3.759,0.0995,2.528,0.1258,3.196,0.178,0.279,rolamento_outer,2000.0
47855,2026-05-20 01:32:19.883969+00:00,0.0654,1.663,70.88,21.6,0.0936,2.379,0.588,1.0,61.0,61.0,0.168,0.151,2.783,2.822,3.362,3.577,0.0926,2.352,0.1324,3.364,0.174,0.279,rolamento_outer,2000.0
47877,2026-05-20 01:33:03.886335+00:00,0.0667,1.694,71.53,21.96,0.1068,2.714,0.629,1.027,58.5,58.5,0.177,0.168,2.846,3.045,3.478,3.766,0.0943,2.397,0.1511,3.838,0.18,0.272,rolamento_outer,2000.0
47917,2026-05-20 01:34:23.891018+00:00,0.07,1.78,71.02,21.68,0.1067,2.71,0.724,0.982,61.0,61.0,0.178,0.157,2.979,2.808,4.052,3.555,0.0991,2.517,0.1509,3.833,0.178,0.276,rolamento_outer,2000.0
47936,2026-05-20 01:35:01.893446+00:00,0.0614,1.56,70.93,21.63,0.0966,2.454,0.614,1.029,58.5,58.5,0.167,0.154,2.873,2.838,3.505,3.693,0.0868,2.206,0.1366,3.471,0.175,0.278,rolamento_outer,2000.0
48023,2026-05-20 01:37:55.903367+00:00,0.0741,1.884,72.6,22.56,0.0937,2.382,0.69,0.856,61.0,61.0,0.171,0.168,2.922,2.953,3.849,3.278,0.1049,2.665,0.1326,3.369,0.179,0.261,rolamento_outer,2000.0
48043,2026-05-20 01:38:35.905644+00:00,0.0647,1.643,71.02,21.68,0.1062,2.698,0.657,1.015,61.0,61.0,0.176,0.157,2.838,3.256,3.885,3.835,0.0915,2.324,0.1502,3.815,0.169,0.264,rolamento_outer,2000.0
48085,2026-05-20 01:39:59.910767+00:00,0.0605,1.537,70.98,21.65,0.0919,2.334,0.624,0.958,61.0,61.0,0.182,0.161,2.837,3.085,3.674,3.672,0.0856,2.174,0.1299,3.301,0.169,0.26,rolamento_outer,2000.0
48149,2026-05-20 01:42:07.918335+00:00,0.0639,1.623,71.44,21.91,0.0904,2.297,0.6,1.007,61.0,61.0,0.175,0.16,2.884,2.981,3.405,3.879,0.0904,2.296,0.1279,3.249,0.176,0.259,rolamento_outer,2000.0
48158,2026-05-20 01:42:25.919167+00:00,0.0651,1.655,71.07,21.7,0.1083,2.75,0.633,0.93,134.2,61.0,0.183,0.179,2.878,2.898,3.632,3.528,0.0921,2.341,0.1531,3.89,0.174,0.263,rolamento_outer,2000.0
48161,2026-05-20 01:42:31.919598+00:00,0.0695,1.766,71.12,21.73,0.1027,2.609,0.592,1.017,61.0,58.5,0.181,0.171,2.826,3.111,3.462,3.81,0.0983,2.498,0.1452,3.689,0.171,0.266,rolamento_outer,2000.0
48170,2026-05-20 01:42:49.920545+00:00,0.0645,1.638,71.02,21.68,0.0998,2.535,0.559,1.243,61.0,61.0,0.18,0.155,2.688,2.989,3.255,4.67,0.0912,2.317,0.1411,3.586,0.171,0.266,rolamento_outer,2000.0
48199,2026-05-20 01:43:47.923908+00:00,0.0671,1.705,72.46,22.48,0.1044,2.652,0.643,1.041,61.0,61.0,0.181,0.157,2.834,3.071,3.711,3.826,0.0949,2.411,0.1476,3.75,0.173,0.272,rolamento_outer,2000.0
48237,2026-05-20 01:45:03.928173+00:00,0.072,1.829,71.16,21.75,0.1088,2.764,0.547,0.867,61.0,61.0,0.176,0.176,2.708,2.937,3.15,3.254,0.1018,2.587,0.1539,3.909,0.173,0.266,rolamento_outer,2000.0
48290,2026-05-20 01:46:49.934106+00:00,0.0712,1.808,71.72,22.06,0.1052,2.672,0.583,1.099,61.0,61.0,0.182,0.171,2.889,3.126,3.513,4.17,0.1006,2.557,0.1487,3.778,0.166,0.263,rolamento_outer,2000.0
48349,2026-05-20 01:48:47.941445+00:00,0.0622,1.582,71.16,21.75,0.1001,2.544,0.666,0.912,61.0,61.0,0.172,0.148,2.79,2.867,3.786,3.351,0.088,2.237,0.1416,3.597,0.175,0.272,rolamento_outer,2000.0
48357,2026-05-20 01:49:03.942557+00:00,0.0711,1.806,71.53,21.96,0.1035,2.629,0.643,1.156,61.0,61.0,0.181,0.154,2.871,3.086,3.763,4.214,0.1005,2.555,0.1464,3.719,0.171,0.274,rolamento_outer,2000.0
48406,2026-05-20 01:50:41.946545+00:00,0.077,1.957,71.26,21.81,0.095,2.413,0.66,1.039,58.5,58.5,0.171,0.159,2.898,3.05,3.782,3.717,0.1089,2.768,0.1344,3.413,0.174,0.279,rolamento_outer,2000.0
48466,2026-05-20 01:52:41.955044+00:00,0.0701,1.782,71.3,21.83,0.0987,2.507,0.609,0.979,61.0,61.0,0.18,0.145,2.774,2.963,3.481,3.572,0.0992,2.521,0.1395,3.545,0.175,0.274,rolamento_outer,2000.0
48504,2026-05-20 05:20:12.123292+00:00,0.069,1.754,65.02,18.34,0.1093,2.777,0.664,1.127,61.0,61.0,0.139,0.149,2.753,3.105,3.224,4.434,0.0976,2.48,0.1546,3.928,0.206,0.254,rolamento_outer,2000.0
48519,2026-05-20 05:20:42.125043+00:00,0.0769,1.953,65.38,18.54,0.0943,2.395,0.786,1.193,9.7,61.0,0.134,0.14,2.857,3.065,3.827,4.705,0.1087,2.763,0.1333,3.387,0.205,0.253,rolamento_outer,2000.0
48527,2026-05-20 05:20:58.113160+00:00,0.0693,1.76,66.26,19.03,0.1006,2.555,0.759,1.142,61.0,61.0,0.142,0.154,2.817,2.978,3.658,4.471,0.098,2.49,0.1422,3.614,0.207,0.255,rolamento_outer,2000.0
48533,2026-05-20 05:21:10.126698+00:00,0.0836,2.123,66.91,19.39,0.0997,2.532,0.74,1.077,9.7,58.5,0.144,0.163,2.84,3.091,3.582,4.249,0.1182,3.003,0.141,3.581,0.206,0.253,rolamento_outer,2000.0
48553,2026-05-20 05:21:50.128904+00:00,0.0802,2.037,65.52,18.62,0.1025,2.604,0.706,0.899,9.7,61.0,0.136,0.144,2.871,2.899,3.532,3.596,0.1134,2.88,0.145,3.683,0.199,0.25,rolamento_outer,2000.0
48594,2026-05-20 05:23:12.133784+00:00,0.0766,1.946,67.64,19.8,0.0989,2.513,0.733,0.959,9.7,58.5,0.142,0.137,2.903,3.232,3.861,3.882,0.1083,2.752,0.1399,3.554,0.189,0.247,rolamento_outer,2000.0
48637,2026-05-20 05:24:38.139009+00:00,0.0689,1.751,66.81,19.34,0.0985,2.503,0.643,0.914,61.0,61.0,0.151,0.156,2.818,3.137,3.436,3.832,0.0974,2.476,0.1393,3.54,0.187,0.238,rolamento_outer,2000.0
48728,2026-05-20 05:27:40.149648+00:00,0.0758,1.925,67.23,19.57,0.1214,3.083,0.673,0.94,61.0,58.5,0.161,0.173,2.868,3.153,3.672,3.813,0.1072,2.723,0.1717,4.361,0.183,0.246,rolamento_outer,2000.0
48766,2026-05-20 05:28:56.154070+00:00,0.0676,1.718,67.55,19.75,0.0963,2.447,0.636,1.151,58.5,58.5,0.148,0.163,2.909,3.265,3.493,4.689,0.0957,2.43,0.1362,3.461,0.182,0.245,rolamento_outer,2000.0
48885,2026-05-20 05:32:54.168446+00:00,0.0763,1.939,68.48,20.26,0.1031,2.619,0.634,0.969,9.7,61.0,0.159,0.166,2.852,3.08,3.432,3.724,0.1079,2.742,0.1458,3.704,0.184,0.26,rolamento_outer,2000.0
48900,2026-05-20 05:33:24.170327+00:00,0.0626,1.59,68.34,20.19,0.0931,2.366,0.683,0.938,58.5,58.5,0.158,0.148,2.82,3.104,3.744,3.592,0.0885,2.248,0.1317,3.347,0.182,0.261,rolamento_outer,2000.0
48982,2026-05-20 05:36:08.178250+00:00,0.0641,1.628,68.89,20.49,0.1062,2.697,0.621,0.859,61.0,58.5,0.166,0.164,2.718,2.988,3.527,3.422,0.0906,2.302,0.1502,3.815,0.176,0.25,rolamento_outer,2000.0
49010,2026-05-20 05:37:04.183162+00:00,0.0705,1.792,69.08,20.6,0.1001,2.543,0.612,0.943,58.5,61.0,0.163,0.157,2.647,3.079,3.403,3.754,0.0997,2.534,0.1415,3.596,0.179,0.251,rolamento_outer,2000.0
49037,2026-05-20 05:37:58.186305+00:00,0.0654,1.663,69.22,20.67,0.0935,2.376,0.597,0.941,58.5,61.0,0.157,0.162,2.754,2.966,3.351,3.718,0.0926,2.352,0.1323,3.361,0.178,0.253,rolamento_outer,2000.0
49038,2026-05-20 05:38:00.186390+00:00,0.0671,1.704,69.12,20.62,0.0912,2.317,0.634,0.944,61.0,61.0,0.16,0.151,2.806,3.085,3.494,3.622,0.0949,2.41,0.129,3.276,0.181,0.26,rolamento_outer,2000.0
49085,2026-05-20 05:39:34.192036+00:00,0.0642,1.632,69.26,20.7,0.1036,2.631,0.674,0.928,61.0,58.5,0.167,0.162,2.908,3.124,3.824,3.529,0.0908,2.308,0.1465,3.722,0.176,0.263,rolamento_outer,2000.0
49156,2026-05-20 05:41:56.200364+00:00,0.0645,1.64,69.68,20.93,0.097,2.465,0.634,0.992,61.0,58.5,0.158,0.151,2.796,3.065,3.59,3.777,0.0913,2.32,0.1372,3.486,0.176,0.262,rolamento_outer,2000.0
49192,2026-05-20 05:43:08.204725+00:00,0.066,1.677,69.77,20.98,0.084,2.134,0.711,0.982,61.0,61.0,0.168,0.154,2.91,3.017,4.03,3.681,0.0934,2.372,0.1188,3.018,0.176,0.266,rolamento_outer,2000.0
49240,2026-05-20 05:44:44.210488+00:00,0.0604,1.536,69.91,21.06,0.0946,2.404,0.646,0.99,61.0,61.0,0.163,0.14,2.877,2.899,3.712,3.767,0.0855,2.172,0.1338,3.401,0.174,0.262,rolamento_outer,2000.0
49245,2026-05-20 05:44:54.211155+00:00,0.0644,1.635,69.96,21.08,0.1039,2.639,0.623,1.049,58.5,58.5,0.171,0.159,2.91,2.994,3.551,3.924,0.091,2.313,0.1469,3.732,0.175,0.267,rolamento_outer,2000.0
49314,2026-05-20 05:47:12.219456+00:00,0.0718,1.825,70.28,21.27,0.1011,2.569,0.569,1.063,61.0,58.5,0.171,0.173,2.766,3.024,3.273,3.953,0.1016,2.581,0.143,3.633,0.174,0.268,rolamento_outer,2000.0
49340,2026-05-20 05:48:04.222688+00:00,0.0732,1.86,70.19,21.21,0.1043,2.65,0.638,0.864,61.0,58.5,0.158,0.151,2.832,2.982,3.691,3.379,0.1035,2.63,0.1475,3.747,0.173,0.255,rolamento_outer,2000.0
49380,2026-05-20 05:49:24.227515+00:00,0.0645,1.638,71.91,22.17,0.095,2.414,0.654,1.011,58.5,61.0,0.166,0.145,2.971,3.16,3.802,3.864,0.0912,2.317,0.1344,3.414,0.172,0.261,rolamento_outer,2000.0
49381,2026-05-20 05:49:26.227712+00:00,0.0628,1.596,72.14,22.3,0.0867,2.204,0.71,1.08,61.0,61.0,0.168,0.142,2.777,3.052,4.15,4.05,0.0889,2.258,0.1227,3.117,0.171,0.266,rolamento_outer,2000.0
49393,2026-05-20 05:49:50.229297+00:00,0.0619,1.573,70.37,21.32,0.1013,2.574,0.591,0.88,61.0,61.0,0.16,0.145,2.82,2.899,3.459,3.465,0.0876,2.225,0.1433,3.641,0.171,0.253,rolamento_outer,2000.0
49429,2026-05-20 05:51:02.233590+00:00,0.0683,1.736,70.33,21.29,0.1057,2.686,0.628,0.963,58.5,61.0,0.168,0.169,2.87,2.984,3.61,3.61,0.0966,2.455,0.1495,3.799,0.174,0.266,rolamento_outer,2000.0
49466,2026-05-20 05:52:16.238146+00:00,0.0592,1.504,70.47,21.37,0.0962,2.445,0.62,1.283,61.0,61.0,0.179,0.15,2.828,3.149,3.418,4.569,0.0837,2.128,0.1361,3.458,0.181,0.28,rolamento_outer,2000.0
49501,2026-05-20 06:16:47.261385+00:00,0.0709,1.803,72.0,22.22,0.1024,2.6,0.584,1.107,61.0,58.5,0.183,0.153,2.707,3.055,3.345,4.27,0.1004,2.55,0.1448,3.678,0.174,0.259,rolamento_outer,2000.0
49529,2026-05-20 06:17:43.264575+00:00,0.0741,1.884,72.6,22.56,0.1016,2.58,0.638,0.979,61.0,58.5,0.193,0.182,2.767,2.993,3.687,3.627,0.1049,2.664,0.1437,3.65,0.173,0.27,rolamento_outer,2000.0
49535,2026-05-20 06:17:55.264878+00:00,0.0635,1.612,72.09,22.27,0.0955,2.425,0.604,0.919,61.0,61.0,0.189,0.151,2.764,2.908,3.503,3.476,0.0898,2.281,0.135,3.43,0.172,0.264,rolamento_outer,2000.0
49573,2026-05-20 06:19:11.269604+00:00,0.0649,1.648,71.63,22.01,0.0971,2.468,0.616,1.141,58.5,58.5,0.179,0.158,2.869,3.033,3.558,4.138,0.0917,2.331,0.1374,3.49,0.173,0.275,rolamento_outer,2000.0
49659,2026-05-20 06:22:03.279614+00:00,0.0761,1.935,72.19,22.32,0.096,2.439,0.681,0.884,12.2,61.0,0.178,0.157,2.857,3.136,3.953,3.381,0.1077,2.736,0.1358,3.449,0.172,0.261,rolamento_outer,2000.0
49727,2026-05-20 06:24:19.287935+00:00,0.0667,1.695,72.46,22.48,0.0971,2.468,0.622,0.992,61.0,58.5,0.174,0.146,2.851,3.039,3.625,3.718,0.0944,2.398,0.1374,3.49,0.171,0.266,rolamento_outer,2000.0
49748,2026-05-20 06:25:01.290656+00:00,0.0714,1.813,72.0,22.22,0.0994,2.526,0.651,0.994,61.0,58.5,0.185,0.163,2.818,2.981,3.804,3.689,0.1009,2.565,0.1406,3.573,0.171,0.269,rolamento_outer,2000.0
49757,2026-05-20 06:25:19.291449+00:00,0.0594,1.51,71.77,22.09,0.0916,2.327,0.631,1.131,61.0,61.0,0.181,0.144,2.823,3.033,3.664,4.275,0.0841,2.136,0.1296,3.292,0.172,0.264,rolamento_outer,2000.0
49788,2026-05-20 06:26:21.295054+00:00,0.0697,1.771,72.74,22.63,0.1144,2.907,0.703,0.93,58.5,58.5,0.176,0.173,2.871,3.014,4.03,3.438,0.0986,2.504,0.1618,4.111,0.174,0.27,rolamento_outer,2000.0
49836,2026-05-20 06:27:57.300581+00:00,0.0702,1.783,73.07,22.81,0.0865,2.197,0.534,0.875,9.7,61.0,0.182,0.139,2.749,2.938,3.105,3.283,0.0993,2.522,0.1223,3.107,0.172,0.266,rolamento_outer,2000.0
49859,2026-05-20 06:28:43.303317+00:00,0.0686,1.743,71.72,22.06,0.103,2.617,0.605,0.859,58.5,61.0,0.173,0.149,2.734,2.92,3.585,3.267,0.097,2.465,0.1457,3.701,0.168,0.263,rolamento_outer,2000.0
49938,2026-05-20 06:31:21.312505+00:00,0.0671,1.704,71.72,22.06,0.1133,2.879,0.677,0.938,58.5,58.5,0.179,0.154,2.823,3.048,3.956,3.583,0.0949,2.41,0.1603,4.071,0.171,0.262,rolamento_outer,2000.0
49968,2026-05-20 06:32:21.315946+00:00,0.0812,2.064,71.81,22.12,0.0937,2.381,0.646,0.97,9.7,61.0,0.175,0.159,2.971,3.016,3.735,3.669,0.1149,2.919,0.1326,3.368,0.173,0.264,rolamento_outer,2000.0
49997,2026-05-20 06:33:19.319454+00:00,0.0675,1.715,73.16,22.87,0.1019,2.59,0.602,0.936,58.5,61.0,0.181,0.158,2.792,3.031,3.537,3.625,0.0955,2.426,0.1442,3.663,0.17,0.258,rolamento_outer,2000.0
50013,2026-05-20 06:33:51.321251+00:00,0.0655,1.663,71.95,22.19,0.0935,2.375,0.688,1.041,12.2,61.0,0.17,0.142,2.809,2.951,4.028,3.969,0.0926,2.353,0.1322,3.359,0.17,0.262,rolamento_outer,2000.0
50046,2026-05-20 06:34:57.325341+00:00,0.0763,1.938,71.81,22.12,0.0976,2.479,0.727,1.001,12.2,61.0,0.178,0.153,2.783,2.933,4.206,3.728,0.1079,2.741,0.138,3.506,0.172,0.268,rolamento_outer,2000.0
50086,2026-05-20 06:36:17.330171+00:00,0.0631,1.605,73.4,23.0,0.1004,2.551,0.647,1.16,61.0,58.5,0.169,0.148,2.878,2.937,3.641,4.325,0.0893,2.269,0.142,3.608,0.177,0.268,rolamento_outer,2000.0
50095,2026-05-20 06:36:35.331204+00:00,0.0565,1.436,71.86,22.14,0.0928,2.357,0.59,1.163,61.0,61.0,0.183,0.165,2.823,3.206,3.418,4.228,0.0799,2.031,0.1312,3.334,0.172,0.275,rolamento_outer,2000.0
50126,2026-05-20 06:37:37.335171+00:00,0.0682,1.734,71.91,22.17,0.1069,2.716,0.626,1.139,61.0,61.0,0.188,0.159,2.826,2.923,3.601,4.262,0.0965,2.452,0.1512,3.842,0.173,0.267,rolamento_outer,2000.0
50177,2026-05-20 06:39:19.341329+00:00,0.0783,1.99,71.91,22.17,0.0962,2.443,0.592,0.941,61.0,61.0,0.193,0.166,2.784,2.939,3.478,3.69,0.1108,2.815,0.136,3.455,0.17,0.255,rolamento_outer,2000.0
50183,2026-05-20 06:39:31.342069+00:00,0.0662,1.683,72.37,22.43,0.0969,2.462,0.628,0.964,61.0,9.7,0.17,0.15,2.813,2.813,3.66,3.711,0.0937,2.38,0.137,3.482,0.171,0.259,rolamento_outer,2000.0
50223,2026-05-20 06:40:51.346840+00:00,0.0717,1.822,72.74,22.63,0.0921,2.34,0.674,0.986,61.0,61.0,0.18,0.161,2.871,3.049,3.882,3.864,0.1014,2.577,0.1302,3.309,0.173,0.255,rolamento_outer,2000.0
50239,2026-05-20 06:41:23.346894+00:00,0.0824,2.094,72.09,22.27,0.112,2.846,0.575,0.96,61.0,61.0,0.177,0.167,2.742,3.089,3.32,3.766,0.1166,2.961,0.1585,4.026,0.173,0.255,rolamento_outer,2000.0
50249,2026-05-20 06:41:43.349273+00:00,0.071,1.803,71.91,22.17,0.0973,2.472,0.658,0.957,58.5,58.5,0.182,0.158,2.761,2.854,3.681,3.495,0.1004,2.551,0.1376,3.496,0.178,0.273,rolamento_outer,2000.0
50285,2026-05-20 06:42:55.354043+00:00,0.0626,1.59,71.86,22.14,0.094,2.389,0.678,1.004,61.0,61.0,0.179,0.146,2.769,3.098,3.964,3.965,0.0885,2.249,0.133,3.379,0.171,0.253,rolamento_outer,2000.0
50286,2026-05-20 06:42:57.354256+00:00,0.0661,1.679,71.95,22.19,0.0917,2.329,0.598,1.033,9.7,58.5,0.182,0.146,2.863,3.032,3.45,3.994,0.0935,2.375,0.1297,3.294,0.173,0.258,rolamento_outer,2000.0
50326,2026-05-20 06:44:17.359233+00:00,0.0785,1.995,71.95,22.19,0.0972,2.469,0.538,1.044,61.0,61.0,0.194,0.181,2.8,2.93,3.093,3.897,0.1111,2.822,0.1374,3.492,0.174,0.267,rolamento_outer,2000.0
50339,2026-05-20 06:44:43.360671+00:00,0.072,1.83,73.12,22.84,0.1076,2.734,0.579,0.951,61.0,61.0,0.182,0.158,2.77,2.842,3.403,3.578,0.1019,2.588,0.1522,3.866,0.17,0.265,rolamento_outer,2000.0
50393,2026-05-20 06:46:31.367221+00:00,0.066,1.678,72.0,22.22,0.0977,2.482,0.741,1.019,61.0,61.0,0.178,0.163,2.951,2.975,4.268,3.823,0.0934,2.373,0.1382,3.51,0.173,0.266,rolamento_outer,2000.0
50547,2026-05-20 07:10:05.753165+00:00,0.0524,1.333,74.7,23.72,0.1047,2.659,0.448,0.518,61.0,53.7,0.08,0.12,2.426,2.55,3.527,3.728,0.0742,1.885,0.148,3.761,0.127,0.139,rolamento_outer,500.0
50554,2026-05-20 07:10:19.754131+00:00,0.0557,1.415,74.94,23.85,0.1002,2.545,0.621,0.532,61.0,53.7,0.084,0.122,2.555,2.519,4.962,3.858,0.0788,2.001,0.1417,3.6,0.125,0.137,rolamento_outer,500.0
50642,2026-05-20 07:13:15.764372+00:00,0.0676,1.718,76.16,24.53,0.1082,2.748,0.496,0.498,9.7,53.7,0.084,0.124,2.383,2.59,4.005,3.681,0.0956,2.429,0.153,3.886,0.124,0.135,rolamento_outer,500.0
50665,2026-05-20 07:14:01.767276+00:00,0.0624,1.587,76.3,24.61,0.1144,2.906,0.415,0.431,61.0,53.7,0.09,0.132,2.386,2.391,3.364,3.114,0.0883,2.244,0.1618,4.11,0.123,0.138,rolamento_outer,500.0
50712,2026-05-20 07:15:35.772484+00:00,0.065,1.652,76.68,24.82,0.1171,2.974,0.475,0.517,58.5,53.7,0.086,0.134,2.438,2.532,3.793,3.778,0.092,2.337,0.1656,4.207,0.125,0.136,rolamento_outer,500.0
50724,2026-05-20 07:15:59.773912+00:00,0.0683,1.736,77.05,25.03,0.1146,2.913,0.507,0.462,61.0,53.7,0.087,0.136,2.441,2.397,4.165,3.434,0.0966,2.455,0.1621,4.119,0.121,0.134,rolamento_outer,500.0
50727,2026-05-20 07:16:05.774471+00:00,0.0618,1.57,76.82,24.9,0.1147,2.913,0.529,0.509,58.5,53.7,0.084,0.128,2.383,2.431,4.273,3.782,0.0874,2.22,0.1622,4.12,0.123,0.134,rolamento_outer,500.0
50731,2026-05-20 07:16:13.774986+00:00,0.0648,1.646,76.63,24.79,0.1109,2.818,0.393,0.481,61.0,53.7,0.081,0.123,2.326,2.417,3.191,3.549,0.0916,2.327,0.1569,3.986,0.123,0.135,rolamento_outer,500.0
50873,2026-05-20 07:20:57.791755+00:00,0.0516,1.312,77.1,25.05,0.1128,2.866,0.4,0.53,58.5,53.7,0.077,0.128,2.258,2.506,3.246,3.963,0.073,1.856,0.1596,4.054,0.123,0.133,rolamento_outer,500.0
50913,2026-05-20 07:22:17.796459+00:00,0.0589,1.496,77.05,25.03,0.1167,2.965,0.496,0.519,61.0,56.1,0.087,0.136,2.338,2.455,3.949,3.841,0.0832,2.115,0.1651,4.194,0.125,0.135,rolamento_outer,500.0
50934,2026-05-20 07:22:59.798995+00:00,0.057,1.449,77.71,25.39,0.1171,2.976,0.442,0.507,61.0,53.7,0.081,0.134,2.362,2.52,3.56,3.71,0.0807,2.05,0.1657,4.209,0.124,0.136,rolamento_outer,500.0
50953,2026-05-20 07:23:37.801301+00:00,0.0667,1.696,77.05,25.03,0.1115,2.833,0.402,0.557,61.0,53.7,0.088,0.121,2.356,2.482,3.22,4.106,0.0944,2.399,0.1577,4.007,0.124,0.135,rolamento_outer,500.0
50983,2026-05-20 07:24:37.804880+00:00,0.0569,1.445,77.05,25.03,0.1152,2.927,0.411,0.455,61.0,53.7,0.081,0.133,2.28,2.526,3.327,3.344,0.0804,2.044,0.163,4.14,0.123,0.136,rolamento_outer,500.0
51003,2026-05-20 07:25:17.807477+00:00,0.0532,1.352,77.1,25.05,0.1172,2.979,0.449,0.548,61.0,53.7,0.079,0.132,2.295,2.624,3.677,4.041,0.0753,1.912,0.1658,4.213,0.122,0.135,rolamento_outer,500.0
51035,2026-05-20 07:26:21.811217+00:00,0.062,1.575,76.91,24.95,0.1131,2.874,0.437,0.513,58.5,53.7,0.086,0.128,2.405,2.495,3.555,3.766,0.0876,2.227,0.16,4.065,0.123,0.136,rolamento_outer,500.0
51097,2026-05-20 07:28:25.818754+00:00,0.0569,1.445,77.1,25.05,0.1044,2.653,0.42,0.621,61.0,53.7,0.078,0.123,2.32,2.501,3.39,4.671,0.0805,2.044,0.1477,3.752,0.124,0.132,rolamento_outer,500.0
51114,2026-05-20 07:28:59.820497+00:00,0.0629,1.598,77.0,25.0,0.1032,2.623,0.465,0.553,61.0,53.7,0.085,0.123,2.348,2.562,3.759,4.131,0.0889,2.26,0.146,3.71,0.123,0.134,rolamento_outer,500.0
51136,2026-05-20 07:29:43.822582+00:00,0.059,1.499,77.05,25.03,0.1181,3.001,0.437,0.476,61.0,53.7,0.085,0.132,2.384,2.487,3.483,3.525,0.0835,2.121,0.167,4.244,0.125,0.135,rolamento_outer,500.0
51138,2026-05-20 07:29:47.823351+00:00,0.0583,1.483,77.85,25.47,0.1069,2.717,0.561,0.51,61.0,53.7,0.086,0.125,2.432,2.463,4.453,3.737,0.0825,2.097,0.1513,3.843,0.126,0.136,rolamento_outer,500.0
51191,2026-05-20 07:31:33.829715+00:00,0.0595,1.512,77.0,25.0,0.1092,2.774,0.417,0.526,61.0,53.7,0.086,0.13,2.386,2.561,3.353,3.823,0.0842,2.139,0.1544,3.923,0.124,0.137,rolamento_outer,500.0
51266,2026-05-20 07:34:03.838745+00:00,0.0562,1.428,77.05,25.03,0.1181,3.001,0.482,0.518,61.0,53.7,0.081,0.125,2.385,2.584,3.86,3.795,0.0795,2.02,0.1671,4.245,0.125,0.136,rolamento_outer,500.0
51268,2026-05-20 07:34:07.838985+00:00,0.0549,1.395,76.91,24.95,0.1059,2.692,0.436,0.575,61.0,53.7,0.081,0.124,2.335,2.573,3.465,4.176,0.0776,1.973,0.1499,3.807,0.126,0.137,rolamento_outer,500.0
51287,2026-05-20 07:34:45.841158+00:00,0.0577,1.468,77.15,25.08,0.1044,2.653,0.471,0.661,61.0,53.7,0.085,0.126,2.397,2.603,3.791,4.827,0.0817,2.076,0.1477,3.752,0.124,0.136,rolamento_outer,500.0
51303,2026-05-20 07:35:17.843167+00:00,0.0633,1.61,77.62,25.34,0.113,2.871,0.512,0.523,58.5,53.7,0.088,0.135,2.408,2.649,4.162,3.83,0.0896,2.276,0.1598,4.061,0.123,0.136,rolamento_outer,500.0
51317,2026-05-20 07:35:45.844681+00:00,0.0588,1.494,77.0,25.0,0.1073,2.725,0.468,0.445,61.0,53.7,0.087,0.124,2.313,2.411,3.749,3.349,0.0832,2.113,0.1517,3.854,0.124,0.133,rolamento_outer,500.0
51321,2026-05-20 07:35:53.845348+00:00,0.0647,1.645,77.71,25.39,0.1211,3.077,0.483,0.56,61.0,53.7,0.088,0.136,2.445,2.461,3.902,4.185,0.0916,2.326,0.1713,4.351,0.123,0.134,rolamento_outer,500.0
51337,2026-05-20 07:36:25.847206+00:00,0.0575,1.461,77.15,25.08,0.1071,2.72,0.443,0.539,61.0,53.7,0.082,0.125,2.413,2.482,3.595,3.98,0.0813,2.067,0.1514,3.847,0.123,0.135,rolamento_outer,500.0
51346,2026-05-20 07:36:43.848400+00:00,0.0561,1.426,76.91,24.95,0.1093,2.778,0.478,0.518,61.0,53.7,0.08,0.125,2.363,2.536,3.794,3.784,0.0794,2.017,0.1546,3.928,0.126,0.136,rolamento_outer,500.0
51383,2026-05-20 07:37:57.852580+00:00,0.0597,1.518,77.05,25.03,0.1085,2.756,0.461,0.477,61.0,53.7,0.082,0.128,2.366,2.422,3.73,3.535,0.0845,2.147,0.1534,3.898,0.123,0.135,rolamento_outer,500.0
51403,2026-05-20 07:38:37.855024+00:00,0.0593,1.507,77.0,25.0,0.1084,2.754,0.446,0.585,61.0,53.7,0.087,0.124,2.448,2.646,3.629,4.329,0.0839,2.131,0.1533,3.895,0.122,0.135,rolamento_outer,500.0
51426,2026-05-20 07:39:23.857733+00:00,0.0542,1.376,76.96,24.97,0.1073,2.727,0.536,0.519,58.5,53.7,0.081,0.127,2.459,2.562,4.306,3.786,0.0766,1.947,0.1518,3.857,0.124,0.137,rolamento_outer,500.0
51428,2026-05-20 07:39:27.857994+00:00,0.059,1.499,77.76,25.42,0.1061,2.695,0.423,0.496,61.0,53.7,0.083,0.13,2.303,2.429,3.392,3.682,0.0834,2.119,0.1501,3.812,0.124,0.134,rolamento_outer,500.0
51434,2026-05-20 07:39:39.858695+00:00,0.0591,1.501,77.24,25.13,0.1096,2.786,0.46,0.653,61.0,53.7,0.083,0.127,2.426,2.617,3.669,4.779,0.0835,2.123,0.1551,3.94,0.125,0.136,rolamento_outer,500.0
51438,2026-05-20 07:39:47.859202+00:00,0.0636,1.616,77.29,25.16,0.1068,2.715,0.513,0.561,61.0,53.7,0.086,0.126,2.439,2.637,4.098,4.109,0.09,2.286,0.1511,3.839,0.125,0.136,rolamento_outer,500.0
51448,2026-05-20 07:40:07.860321+00:00,0.0534,1.357,77.71,25.39,0.1092,2.774,0.463,0.495,61.0,53.7,0.077,0.131,2.334,2.437,3.748,3.621,0.0755,1.919,0.1544,3.923,0.123,0.136,rolamento_outer,500.0
51462,2026-05-20 07:40:35.862057+00:00,0.0589,1.496,77.24,25.13,0.1082,2.748,0.453,0.573,61.0,53.7,0.084,0.131,2.346,2.554,3.658,4.261,0.0833,2.116,0.153,3.886,0.123,0.134,rolamento_outer,500.0
51464,2026-05-20 07:40:39.862332+00:00,0.0584,1.483,77.33,25.18,0.1021,2.593,0.444,0.509,61.0,53.7,0.083,0.128,2.344,2.467,3.551,3.796,0.0825,2.097,0.1444,3.668,0.125,0.134,rolamento_outer,500.0
51496,2026-05-20 07:48:25.878584+00:00,0.0578,1.469,77.24,25.13,0.0818,2.079,0.408,0.588,61.0,61.0,0.106,0.122,2.452,2.791,3.251,3.997,0.0818,2.078,0.1158,2.941,0.125,0.147,rolamento_outer,1000.0
51516,2026-05-20 07:49:05.886931+00:00,0.0577,1.467,76.3,24.61,0.0832,2.114,0.429,0.645,61.0,61.0,0.102,0.128,2.377,2.714,3.324,4.245,0.0816,2.075,0.1177,2.99,0.129,0.151,rolamento_outer,1000.0
51570,2026-05-20 07:50:53.893170+00:00,0.0546,1.386,75.88,24.37,0.0779,1.979,0.453,0.507,61.0,61.0,0.1,0.125,2.362,2.722,3.524,3.458,0.0772,1.961,0.1101,2.798,0.128,0.146,rolamento_outer,1000.0
51572,2026-05-20 07:50:57.893376+00:00,0.0607,1.543,76.02,24.45,0.0906,2.301,0.425,0.66,61.0,61.0,0.11,0.135,2.329,2.695,3.325,4.456,0.0859,2.183,0.1281,3.255,0.127,0.148,rolamento_outer,1000.0
51576,2026-05-20 07:51:05.894117+00:00,0.0617,1.569,75.31,24.06,0.0797,2.026,0.54,0.635,61.0,58.5,0.104,0.124,2.598,2.902,4.116,4.19,0.0873,2.219,0.1128,2.865,0.131,0.151,rolamento_outer,1000.0
51589,2026-05-20 07:51:31.895305+00:00,0.0595,1.512,75.13,23.96,0.079,2.007,0.516,0.518,61.0,61.0,0.102,0.131,2.386,2.68,4.019,3.497,0.0842,2.139,0.1117,2.838,0.128,0.148,rolamento_outer,1000.0
51623,2026-05-20 07:52:39.900093+00:00,0.0646,1.641,74.99,23.88,0.0868,2.206,0.493,0.646,58.5,61.0,0.11,0.129,2.408,2.807,3.862,4.244,0.0914,2.321,0.1228,3.12,0.127,0.152,rolamento_outer,1000.0
51654,2026-05-20 20:39:04.804777+00:00,0.0581,1.476,74.99,23.88,0.0821,2.086,0.527,0.55,61.0,61.0,0.099,0.124,2.371,2.582,4.006,3.746,0.0822,2.088,0.1161,2.95,0.131,0.146,rolamento_outer,1000.0
51674,2026-05-20 20:39:44.807329+00:00,0.0569,1.445,74.66,23.7,0.0895,2.274,0.455,0.655,61.0,61.0,0.1,0.129,2.478,2.675,3.606,4.493,0.0804,2.044,0.1266,3.216,0.126,0.145,rolamento_outer,1000.0
51677,2026-05-20 20:39:50.807806+00:00,0.0575,1.462,74.56,23.64,0.0752,1.91,0.469,0.513,61.0,61.0,0.1,0.118,2.427,2.661,3.597,3.425,0.0814,2.068,0.1063,2.702,0.13,0.149,rolamento_outer,1000.0
51683,2026-05-20 20:40:02.805062+00:00,0.0621,1.578,74.52,23.62,0.0954,2.424,0.553,0.872,61.0,61.0,0.107,0.126,2.467,3.155,4.222,5.837,0.0878,2.232,0.1349,3.428,0.131,0.149,rolamento_outer,1000.0
51701,2026-05-20 20:40:38.810597+00:00,0.0589,1.497,74.47,23.59,0.0876,2.227,0.496,0.58,61.0,58.5,0.102,0.128,2.459,2.761,3.823,3.846,0.0833,2.118,0.1239,3.149,0.129,0.15,rolamento_outer,1000.0
51739,2026-05-20 20:41:54.815257+00:00,0.0556,1.414,74.38,23.54,0.0807,2.051,0.497,0.652,61.0,58.5,0.099,0.129,2.464,2.808,3.813,4.282,0.0787,2.0,0.1141,2.9,0.13,0.152,rolamento_outer,1000.0
51780,2026-05-20 20:43:16.820238+00:00,0.0611,1.553,74.38,23.54,0.0891,2.265,0.491,0.722,61.0,61.0,0.11,0.14,2.403,2.815,3.758,4.772,0.0864,2.196,0.1261,3.203,0.13,0.151,rolamento_outer,1000.0
51813,2026-05-20 20:44:22.825381+00:00,0.0591,1.501,74.24,23.46,0.0882,2.242,0.435,0.465,61.0,61.0,0.101,0.125,2.39,2.627,3.35,3.105,0.0836,2.123,0.1248,3.17,0.129,0.149,rolamento_outer,1000.0
51831,2026-05-20 20:44:58.827635+00:00,0.0576,1.464,74.24,23.46,0.0758,1.927,0.509,0.635,61.0,61.0,0.098,0.126,2.562,2.863,3.909,4.204,0.0815,2.071,0.1073,2.726,0.13,0.151,rolamento_outer,1000.0
51908,2026-05-20 20:47:32.836420+00:00,0.0567,1.442,75.5,24.16,0.0835,2.123,0.449,0.586,61.0,61.0,0.104,0.129,2.461,2.799,3.394,3.828,0.0803,2.04,0.1182,3.002,0.132,0.153,rolamento_outer,1000.0
51913,2026-05-20 20:47:42.835925+00:00,0.0622,1.581,74.14,23.41,0.0757,1.924,0.404,0.636,61.0,61.0,0.112,0.122,2.404,2.711,3.068,4.23,0.088,2.236,0.1071,2.721,0.131,0.15,rolamento_outer,1000.0
51916,2026-05-20 20:47:48.836091+00:00,0.0535,1.36,75.17,23.98,0.0912,2.317,0.505,0.592,61.0,61.0,0.098,0.129,2.585,2.712,3.849,3.949,0.0757,1.923,0.129,3.277,0.131,0.15,rolamento_outer,1000.0
51941,2026-05-20 20:48:38.836910+00:00,0.0569,1.445,74.1,23.38,0.0742,1.886,0.446,0.578,61.0,61.0,0.102,0.123,2.359,2.74,3.429,3.812,0.0804,2.044,0.105,2.668,0.13,0.151,rolamento_outer,1000.0
51981,2026-05-20 20:49:58.847295+00:00,0.06,1.524,75.83,24.35,0.082,2.083,0.479,0.836,61.0,61.0,0.102,0.131,2.504,2.976,3.641,5.466,0.0848,2.155,0.116,2.946,0.131,0.152,rolamento_outer,1000.0
52140,2026-05-20 20:55:16.866893+00:00,0.056,1.424,74.24,23.46,0.0886,2.252,0.455,0.522,61.0,58.5,0.097,0.123,2.38,2.61,3.514,3.519,0.0793,2.014,0.1254,3.185,0.129,0.148,rolamento_outer,1000.0
52151,2026-05-20 20:55:38.865852+00:00,0.0603,1.533,74.33,23.51,0.0807,2.05,0.452,0.531,61.0,61.0,0.1,0.124,2.48,2.71,3.456,3.528,0.0854,2.169,0.1141,2.899,0.13,0.15,rolamento_outer,1000.0
52197,2026-05-20 20:57:10.873899+00:00,0.0575,1.461,74.33,23.51,0.0813,2.067,0.457,0.456,61.0,61.0,0.099,0.125,2.512,2.617,3.453,3.091,0.0813,2.066,0.1151,2.923,0.132,0.147,rolamento_outer,1000.0
52227,2026-05-20 20:58:10.877204+00:00,0.06,1.525,74.89,23.83,0.091,2.312,0.51,0.573,61.0,61.0,0.101,0.126,2.541,2.714,3.89,3.74,0.0849,2.156,0.1287,3.27,0.131,0.153,rolamento_outer,1000.0
52249,2026-05-20 20:58:54.879857+00:00,0.0631,1.604,75.74,24.3,0.0794,2.017,0.422,0.522,61.0,61.0,0.111,0.132,2.45,2.62,3.215,3.461,0.0893,2.269,0.1123,2.853,0.131,0.15,rolamento_outer,1000.0
52279,2026-05-20 20:59:54.882887+00:00,0.0586,1.488,74.89,23.83,0.074,1.879,0.502,0.592,61.0,58.5,0.097,0.125,2.422,2.75,3.845,3.946,0.0828,2.105,0.1046,2.658,0.13,0.15,rolamento_outer,1000.0
52392,2026-05-20 21:03:40.897001+00:00,0.0546,1.387,74.05,23.36,0.081,2.057,0.451,0.534,61.0,61.0,0.096,0.118,2.425,2.664,3.459,3.562,0.0772,1.961,0.1145,2.91,0.13,0.15,rolamento_outer,1000.0
52416,2026-05-20 21:04:28.900036+00:00,0.0591,1.501,74.14,23.41,0.0771,1.96,0.479,0.591,61.0,58.5,0.102,0.124,2.521,2.639,3.639,3.897,0.0836,2.123,0.1091,2.772,0.131,0.151,rolamento_outer,1000.0
52426,2026-05-20 21:04:48.900878+00:00,0.0621,1.577,74.1,23.38,0.0783,1.99,0.463,0.608,61.0,61.0,0.101,0.122,2.48,2.739,3.526,3.963,0.0878,2.231,0.1108,2.814,0.131,0.153,rolamento_outer,1000.0
52504,2026-05-20 21:53:31.765627+00:00,0.074,1.881,74.7,23.72,0.1011,2.57,0.592,0.908,61.0,61.0,0.169,0.175,2.766,2.93,3.358,3.71,0.1047,2.66,0.1431,3.634,0.176,0.244,rolamento_inner,2000.0
52531,2026-05-20 21:54:25.768973+00:00,0.0665,1.691,71.91,22.17,0.0999,2.539,0.641,0.876,61.0,61.0,0.162,0.159,2.803,3.037,3.722,3.708,0.0941,2.391,0.1414,3.591,0.172,0.236,rolamento_inner,2000.0
52543,2026-05-20 21:54:49.770435+00:00,0.0704,1.788,71.49,21.94,0.1157,2.94,0.677,0.829,61.0,61.0,0.194,0.19,2.876,2.979,3.651,3.306,0.0996,2.53,0.1637,4.158,0.185,0.25,rolamento_inner,2000.0
52559,2026-05-20 21:55:21.772072+00:00,0.0665,1.689,70.84,21.57,0.0936,2.377,0.555,0.826,61.0,61.0,0.146,0.149,2.731,3.137,3.292,3.498,0.094,2.389,0.1323,3.362,0.168,0.236,rolamento_inner,2000.0
52595,2026-05-20 21:56:33.776494+00:00,0.0615,1.564,71.07,21.7,0.0954,2.423,0.594,0.894,61.0,61.0,0.16,0.151,2.786,3.101,3.386,3.763,0.087,2.212,0.1349,3.427,0.175,0.237,rolamento_inner,2000.0
52615,2026-05-20 21:57:13.778955+00:00,0.0642,1.631,69.82,21.01,0.0999,2.539,0.698,0.913,61.0,61.0,0.146,0.148,2.844,3.167,4.032,3.799,0.0908,2.306,0.1414,3.591,0.173,0.24,rolamento_inner,2000.0
52631,2026-05-20 21:57:45.780720+00:00,0.0683,1.736,69.73,20.96,0.1027,2.61,0.641,0.932,61.0,61.0,0.17,0.166,2.847,2.83,3.449,3.493,0.0966,2.455,0.1453,3.692,0.185,0.266,rolamento_inner,2000.0
52669,2026-05-20 21:59:01.785364+00:00,0.065,1.652,69.63,20.9,0.091,2.313,0.56,0.832,61.0,61.0,0.152,0.149,2.687,3.054,3.272,3.391,0.0919,2.336,0.1288,3.272,0.171,0.245,rolamento_inner,2000.0
52677,2026-05-20 21:59:17.786439+00:00,0.0618,1.57,69.63,20.9,0.089,2.262,0.733,0.878,61.0,61.0,0.163,0.16,2.995,2.877,4.052,3.495,0.0874,2.221,0.1259,3.199,0.181,0.251,rolamento_inner,2000.0
52786,2026-05-20 22:02:55.799737+00:00,0.0629,1.599,70.1,21.16,0.0997,2.534,0.566,0.869,61.0,61.0,0.152,0.155,2.713,3.071,3.244,3.469,0.089,2.261,0.141,3.583,0.174,0.25,rolamento_inner,2000.0
52800,2026-05-20 22:03:23.801553+00:00,0.0681,1.729,70.47,21.37,0.1058,2.689,0.603,1.035,58.5,61.0,0.149,0.161,2.772,3.01,3.537,4.051,0.0963,2.446,0.1497,3.803,0.17,0.255,rolamento_inner,2000.0
52807,2026-05-20 22:03:37.802447+00:00,0.0729,1.851,70.14,21.19,0.1053,2.674,0.566,1.003,58.5,61.0,0.157,0.174,2.815,3.177,3.326,4.002,0.1031,2.618,0.1489,3.782,0.17,0.25,rolamento_inner,2000.0
52849,2026-05-20 22:05:01.806913+00:00,0.0643,1.633,70.65,21.47,0.0979,2.488,0.609,0.909,61.0,61.0,0.162,0.166,2.797,2.988,3.552,3.523,0.0909,2.31,0.1385,3.519,0.171,0.258,rolamento_inner,2000.0
52856,2026-05-20 22:05:15.807701+00:00,0.0648,1.646,70.19,21.21,0.1105,2.807,0.68,0.872,58.5,61.0,0.165,0.173,2.752,2.961,4.009,3.379,0.0916,2.328,0.1562,3.97,0.169,0.258,rolamento_inner,2000.0
52875,2026-05-20 22:05:53.797102+00:00,0.0654,1.662,70.42,21.34,0.1095,2.781,0.61,0.938,61.0,61.0,0.168,0.169,2.861,3.09,3.429,3.53,0.0925,2.35,0.1548,3.933,0.178,0.265,rolamento_inner,2000.0
52881,2026-05-20 22:06:05.798041+00:00,0.0699,1.776,70.74,21.52,0.1006,2.556,0.585,0.995,58.5,58.5,0.159,0.17,2.776,3.121,3.41,3.843,0.0989,2.512,0.1423,3.615,0.171,0.258,rolamento_inner,2000.0
52895,2026-05-20 22:06:33.814885+00:00,0.0744,1.891,70.42,21.34,0.1129,2.868,0.717,1.049,58.5,58.5,0.175,0.199,2.874,3.073,3.884,3.83,0.1053,2.675,0.1597,4.056,0.184,0.273,rolamento_inner,2000.0
52964,2026-05-20 22:08:51.821057+00:00,0.0733,1.864,70.7,21.5,0.1224,3.109,0.696,0.952,58.5,58.5,0.177,0.178,2.864,2.858,3.81,3.321,0.1037,2.636,0.1731,4.396,0.182,0.286,rolamento_inner,2000.0
53007,2026-05-20 22:10:17.826274+00:00,0.0698,1.774,70.79,21.55,0.112,2.845,0.583,1.043,58.5,58.5,0.169,0.178,2.73,3.149,3.262,3.892,0.0987,2.509,0.1584,4.023,0.178,0.268,rolamento_inner,2000.0
53082,2026-05-20 22:12:47.835213+00:00,0.0636,1.617,71.07,21.7,0.0909,2.311,0.734,1.026,61.0,61.0,0.16,0.16,2.886,3.024,4.168,3.675,0.09,2.287,0.1286,3.268,0.176,0.279,rolamento_inner,2000.0
53104,2026-05-20 22:13:31.838182+00:00,0.0701,1.781,71.44,21.91,0.098,2.491,0.599,1.029,9.7,61.0,0.149,0.172,2.721,2.947,3.558,3.975,0.0992,2.519,0.1387,3.523,0.168,0.258,rolamento_inner,2000.0
53143,2026-05-20 22:14:49.842714+00:00,0.0815,2.072,71.12,21.73,0.1241,3.152,0.658,0.8,58.5,58.5,0.164,0.195,2.966,2.795,3.876,3.224,0.1153,2.93,0.1755,4.458,0.169,0.248,rolamento_inner,2000.0
53149,2026-05-20 22:15:01.842581+00:00,0.076,1.932,71.53,21.96,0.1111,2.823,0.69,1.054,58.5,58.5,0.174,0.181,2.861,2.824,3.959,3.695,0.1075,2.732,0.1571,3.992,0.174,0.285,rolamento_inner,2000.0
53237,2026-05-20 22:17:57.854115+00:00,0.0633,1.607,71.39,21.88,0.1,2.54,0.631,0.911,61.0,61.0,0.154,0.166,2.692,2.973,3.751,3.641,0.0895,2.273,0.1414,3.593,0.168,0.25,rolamento_inner,2000.0
53240,2026-05-20 22:18:03.854300+00:00,0.0672,1.707,71.49,21.94,0.1021,2.594,0.589,1.058,61.0,61.0,0.15,0.155,2.954,3.036,3.49,3.914,0.095,2.414,0.1444,3.669,0.168,0.27,rolamento_inner,2000.0
53268,2026-05-20 22:18:59.858022+00:00,0.0659,1.674,71.49,21.94,0.1045,2.655,0.627,1.073,58.5,61.0,0.155,0.161,2.831,3.114,3.673,4.057,0.0932,2.367,0.1478,3.755,0.17,0.264,rolamento_inner,2000.0
53380,2026-05-20 22:22:43.871291+00:00,0.0655,1.664,71.67,22.04,0.0961,2.442,0.648,1.169,61.0,61.0,0.168,0.183,2.889,2.955,3.584,3.832,0.0926,2.354,0.1359,3.454,0.18,0.305,rolamento_inner,2000.0
53398,2026-05-20 22:23:19.873776+00:00,0.065,1.652,71.77,22.09,0.1011,2.569,0.672,1.07,61.0,61.0,0.176,0.159,2.823,2.9,3.655,3.746,0.0919,2.336,0.143,3.633,0.184,0.285,rolamento_inner,2000.0
53475,2026-05-20 22:25:53.883161+00:00,0.0693,1.762,71.95,22.19,0.1292,3.283,0.645,1.016,61.0,61.0,0.177,0.189,2.985,2.833,3.546,3.374,0.0981,2.491,0.1828,4.643,0.182,0.301,rolamento_inner,2000.0
53518,2026-05-21 00:49:33.004442+00:00,0.0632,1.607,60.87,16.04,0.0878,2.231,0.413,0.503,58.5,61.0,0.111,0.141,2.362,2.521,2.997,3.206,0.0895,2.273,0.1242,3.155,0.137,0.156,rolamento_inner,1000.0
53539,2026-05-21 00:50:15.007246+00:00,0.0611,1.551,61.19,16.22,0.0937,2.381,0.566,0.597,58.5,61.0,0.114,0.142,2.473,2.578,4.032,3.814,0.0864,2.194,0.1325,3.367,0.14,0.156,rolamento_inner,1000.0
53581,2026-05-21 00:51:39.004608+00:00,0.0725,1.842,61.38,16.32,0.1024,2.602,0.442,0.549,61.0,58.5,0.11,0.131,2.428,2.568,3.224,3.518,0.1025,2.605,0.1448,3.679,0.137,0.156,rolamento_inner,1000.0
53603,2026-05-21 00:52:23.014642+00:00,0.0637,1.619,61.61,16.45,0.0788,2.003,0.576,0.562,61.0,61.0,0.115,0.131,2.589,2.504,4.104,3.586,0.0901,2.29,0.1115,2.832,0.14,0.156,rolamento_inner,1000.0
53617,2026-05-21 00:52:51.016505+00:00,0.064,1.627,62.25,16.8,0.1133,2.879,0.406,0.554,61.0,9.7,0.104,0.122,2.31,2.472,3.005,3.531,0.0905,2.3,0.1603,4.071,0.135,0.157,rolamento_inner,1000.0
53638,2026-05-21 00:53:33.018901+00:00,0.0623,1.582,62.07,16.7,0.0778,1.978,0.412,0.445,61.0,61.0,0.096,0.111,2.375,2.39,3.017,2.935,0.0881,2.238,0.1101,2.797,0.136,0.151,rolamento_inner,1000.0
53653,2026-05-21 00:54:03.019522+00:00,0.0647,1.644,62.16,16.75,0.1,2.54,0.445,0.612,61.0,61.0,0.105,0.118,2.388,2.58,3.282,4.021,0.0915,2.325,0.1414,3.592,0.135,0.152,rolamento_inner,1000.0
53693,2026-05-21 00:55:23.025642+00:00,0.0744,1.891,63.17,17.32,0.0902,2.292,0.409,0.562,61.0,61.0,0.114,0.135,2.346,2.564,3.025,3.617,0.1053,2.675,0.1276,3.241,0.135,0.155,rolamento_inner,1000.0
53819,2026-05-21 00:59:35.040512+00:00,0.0614,1.561,64.28,17.93,0.0884,2.247,0.398,0.537,58.5,61.0,0.123,0.128,2.353,2.602,2.925,3.396,0.0869,2.208,0.1251,3.178,0.136,0.158,rolamento_inner,1000.0
53824,2026-05-21 00:59:45.041314+00:00,0.07,1.779,64.46,18.03,0.0769,1.955,0.513,0.509,9.7,61.0,0.093,0.115,2.353,2.522,3.775,3.284,0.099,2.515,0.1088,2.765,0.136,0.155,rolamento_inner,1000.0
53847,2026-05-21 01:00:31.043780+00:00,0.0657,1.669,64.6,18.11,0.1081,2.748,0.467,0.646,61.0,61.0,0.115,0.138,2.402,2.654,3.412,4.01,0.0929,2.36,0.153,3.886,0.136,0.161,rolamento_inner,1000.0
53994,2026-05-21 01:05:25.061701+00:00,0.07,1.778,66.03,18.9,0.1157,2.939,0.497,0.567,61.0,9.7,0.12,0.131,2.415,2.557,3.635,3.58,0.099,2.515,0.1636,4.156,0.136,0.158,rolamento_inner,1000.0
54008,2026-05-21 01:05:53.063330+00:00,0.0605,1.537,66.31,19.06,0.0935,2.375,0.49,0.602,61.0,61.0,0.11,0.127,2.345,2.651,3.673,3.973,0.0856,2.174,0.1322,3.359,0.133,0.151,rolamento_inner,1000.0
54016,2026-05-21 01:06:09.064109+00:00,0.0684,1.739,66.17,18.98,0.0916,2.328,0.553,0.54,9.7,61.0,0.123,0.137,2.415,2.629,4.09,3.425,0.0968,2.459,0.1296,3.292,0.135,0.157,rolamento_inner,1000.0
54130,2026-05-21 01:09:57.077937+00:00,0.0573,1.455,66.95,19.42,0.0769,1.954,0.416,0.567,58.5,61.0,0.115,0.124,2.306,2.634,3.089,3.589,0.081,2.058,0.1088,2.763,0.134,0.158,rolamento_inner,1000.0
54165,2026-05-21 01:11:07.082096+00:00,0.0591,1.503,67.46,19.7,0.0779,1.979,0.513,0.599,61.0,61.0,0.098,0.114,2.418,2.681,3.835,3.897,0.0836,2.125,0.1102,2.799,0.133,0.153,rolamento_inner,1000.0
54226,2026-05-21 01:13:09.089317+00:00,0.0651,1.655,67.64,19.8,0.0824,2.093,0.442,0.618,61.0,61.0,0.11,0.127,2.364,2.647,3.306,4.017,0.0921,2.34,0.1165,2.961,0.133,0.153,rolamento_inner,1000.0
54236,2026-05-21 01:13:29.090508+00:00,0.0571,1.45,67.78,19.88,0.0871,2.214,0.486,0.697,61.0,61.0,0.105,0.135,2.431,2.669,3.651,4.455,0.0807,2.051,0.1233,3.131,0.133,0.156,rolamento_inner,1000.0
54239,2026-05-21 01:13:35.090991+00:00,0.0571,1.452,67.69,19.83,0.0764,1.941,0.377,0.504,61.0,58.5,0.111,0.131,2.328,2.52,2.835,3.254,0.0808,2.054,0.108,2.745,0.133,0.155,rolamento_inner,1000.0
54291,2026-05-21 01:15:19.097109+00:00,0.0655,1.663,68.01,20.01,0.0876,2.227,0.413,0.549,61.0,61.0,0.125,0.127,2.445,2.596,3.08,3.458,0.0926,2.353,0.124,3.15,0.134,0.158,rolamento_inner,1000.0
54335,2026-05-21 01:16:47.102384+00:00,0.0641,1.629,68.29,20.16,0.0875,2.224,0.454,0.568,61.0,61.0,0.117,0.138,2.37,2.535,3.348,3.775,0.0907,2.305,0.1238,3.146,0.135,0.15,rolamento_inner,1000.0
54446,2026-05-21 01:20:29.115642+00:00,0.0571,1.45,68.71,20.39,0.0811,2.061,0.481,0.51,61.0,61.0,0.108,0.123,2.502,2.608,3.604,3.361,0.0807,2.052,0.1147,2.915,0.133,0.151,rolamento_inner,1000.0
54460,2026-05-21 01:20:57.117363+00:00,0.0642,1.633,68.8,20.44,0.075,1.906,0.431,0.552,58.5,61.0,0.099,0.125,2.42,2.641,3.275,3.649,0.0909,2.309,0.1061,2.696,0.131,0.151,rolamento_inner,1000.0
54530,2026-05-21 01:23:46.050235+00:00,0.0675,1.715,69.59,20.88,0.1208,3.069,0.5,0.481,58.5,56.1,0.092,0.142,2.446,2.462,3.873,3.426,0.0955,2.425,0.1708,4.34,0.129,0.14,rolamento_inner,500.0
54581,2026-05-21 01:25:28.056281+00:00,0.0649,1.649,70.37,21.32,0.1238,3.146,0.476,0.632,61.0,56.1,0.083,0.134,2.363,2.599,3.678,4.472,0.0918,2.333,0.1751,4.449,0.129,0.141,rolamento_inner,500.0
54605,2026-05-21 01:26:16.059094+00:00,0.0579,1.471,70.56,21.42,0.1076,2.734,0.496,0.432,61.0,56.1,0.08,0.129,2.335,2.399,3.899,3.105,0.0819,2.081,0.1522,3.867,0.127,0.139,rolamento_inner,500.0
54623,2026-05-21 01:26:52.061421+00:00,0.0641,1.628,70.79,21.55,0.1163,2.954,0.46,0.71,61.0,56.1,0.085,0.128,2.386,2.693,3.542,5.065,0.0906,2.303,0.1645,4.178,0.129,0.14,rolamento_inner,500.0
54640,2026-05-21 01:27:26.063323+00:00,0.0553,1.405,71.72,22.06,0.1218,3.093,0.485,0.633,58.5,56.1,0.083,0.131,2.367,2.585,3.832,4.585,0.0782,1.987,0.1722,4.375,0.126,0.138,rolamento_inner,500.0
54680,2026-05-21 01:28:46.068129+00:00,0.0627,1.593,71.35,21.86,0.1248,3.17,0.452,0.656,58.5,56.1,0.09,0.14,2.399,2.551,3.518,4.72,0.0887,2.253,0.1765,4.484,0.128,0.139,rolamento_inner,500.0
54750,2026-05-21 01:31:06.076502+00:00,0.0551,1.401,71.53,21.96,0.1017,2.584,0.464,0.488,61.0,53.7,0.083,0.126,2.401,2.469,3.627,3.473,0.078,1.982,0.1439,3.655,0.128,0.14,rolamento_inner,500.0
54804,2026-05-21 01:32:54.081953+00:00,0.0546,1.388,72.28,22.37,0.1041,2.645,0.433,0.56,61.0,53.7,0.085,0.128,2.365,2.598,3.412,3.978,0.0773,1.964,0.1472,3.741,0.127,0.14,rolamento_inner,500.0
54824,2026-05-21 01:33:34.085581+00:00,0.0706,1.794,72.0,22.22,0.1205,3.063,0.449,0.614,58.5,56.1,0.082,0.134,2.318,2.681,3.578,4.426,0.0998,2.537,0.1705,4.331,0.125,0.138,rolamento_inner,500.0
54840,2026-05-21 01:34:06.087348+00:00,0.0676,1.717,72.0,22.22,0.1116,2.835,0.486,0.515,61.0,56.1,0.086,0.128,2.384,2.556,3.863,3.673,0.0956,2.428,0.1578,4.009,0.126,0.14,rolamento_inner,500.0
54844,2026-05-21 01:34:14.087913+00:00,0.0699,1.776,71.86,22.14,0.1112,2.824,0.518,0.532,61.0,56.1,0.083,0.132,2.382,2.6,4.128,3.872,0.0989,2.512,0.1572,3.994,0.125,0.137,rolamento_inner,500.0
54908,2026-05-21 01:36:22.095736+00:00,0.0629,1.598,72.28,22.37,0.1199,3.047,0.449,0.513,58.5,56.1,0.085,0.133,2.367,2.495,3.552,3.73,0.0889,2.26,0.1696,4.309,0.126,0.137,rolamento_inner,500.0
54949,2026-05-21 01:37:44.101290+00:00,0.0574,1.458,72.19,22.32,0.1073,2.726,0.459,0.556,61.0,53.7,0.083,0.13,2.409,2.388,3.642,4.071,0.0811,2.062,0.1517,3.855,0.126,0.136,rolamento_inner,500.0
55003,2026-05-21 01:39:32.107726+00:00,0.0631,1.603,72.28,22.37,0.1207,3.066,0.439,0.505,61.0,56.1,0.079,0.132,2.314,2.484,3.496,3.643,0.0892,2.267,0.1707,4.337,0.125,0.138,rolamento_inner,500.0
55015,2026-05-21 01:39:56.109103+00:00,0.0591,1.502,72.79,22.66,0.1086,2.76,0.39,0.444,61.0,53.7,0.08,0.131,2.269,2.497,3.121,3.21,0.0836,2.124,0.1537,3.904,0.125,0.138,rolamento_inner,500.0
55018,2026-05-21 01:40:02.109487+00:00,0.063,1.601,72.51,22.5,0.1092,2.774,0.517,0.511,61.0,53.7,0.092,0.136,2.438,2.468,4.076,3.696,0.0891,2.265,0.1544,3.923,0.127,0.138,rolamento_inner,500.0
55030,2026-05-21 01:40:26.110815+00:00,0.0553,1.406,74.75,23.75,0.1214,3.084,0.473,0.503,61.0,56.1,0.083,0.14,2.497,2.46,3.757,3.686,0.0782,1.988,0.1717,4.361,0.126,0.136,rolamento_inner,500.0
55032,2026-05-21 01:40:30.111181+00:00,0.0638,1.623,72.6,22.56,0.1188,3.018,0.413,0.494,58.5,56.1,0.085,0.139,2.306,2.612,3.28,3.549,0.0903,2.295,0.168,4.269,0.125,0.139,rolamento_inner,500.0
55085,2026-05-21 01:42:16.116073+00:00,0.0648,1.646,72.56,22.53,0.1188,3.018,0.411,0.478,58.5,56.1,0.088,0.136,2.353,2.407,3.264,3.496,0.0916,2.328,0.168,4.269,0.126,0.136,rolamento_inner,500.0
55092,2026-05-21 01:42:30.118515+00:00,0.0613,1.557,72.98,22.76,0.1086,2.759,0.491,0.464,61.0,56.1,0.089,0.134,2.399,2.433,3.893,3.375,0.0867,2.202,0.1536,3.903,0.126,0.137,rolamento_inner,500.0
55112,2026-05-21 01:43:10.120747+00:00,0.0592,1.505,73.02,22.79,0.1164,2.958,0.537,0.492,61.0,56.1,0.089,0.135,2.313,2.504,4.275,3.591,0.0838,2.129,0.1647,4.184,0.125,0.137,rolamento_inner,500.0
55124,2026-05-21 01:43:34.121546+00:00,0.0631,1.603,73.77,23.2,0.1262,3.205,0.538,0.556,58.5,56.1,0.086,0.145,2.4,2.474,4.271,4.021,0.0892,2.268,0.1785,4.533,0.126,0.138,rolamento_inner,500.0
55152,2026-05-21 01:44:30.125534+00:00,0.0601,1.527,72.79,22.66,0.1054,2.677,0.377,0.556,61.0,56.1,0.08,0.126,2.287,2.628,3.027,4.017,0.085,2.16,0.149,3.786,0.124,0.138,rolamento_inner,500.0
55238,2026-05-21 01:47:22.134772+00:00,0.0579,1.472,74.19,23.44,0.1113,2.829,0.462,0.579,58.5,53.7,0.081,0.128,2.357,2.627,3.595,4.095,0.0819,2.082,0.1575,4.001,0.128,0.141,rolamento_inner,500.0
55242,2026-05-21 01:47:30.136126+00:00,0.0625,1.588,72.98,22.76,0.1214,3.085,0.355,0.593,58.5,56.1,0.084,0.144,2.221,2.504,2.782,4.224,0.0884,2.246,0.1717,4.362,0.127,0.14,rolamento_inner,500.0
55301,2026-05-21 01:49:28.143156+00:00,0.0529,1.345,73.02,22.79,0.1067,2.711,0.485,0.516,61.0,56.1,0.077,0.124,2.408,2.515,3.825,3.734,0.0748,1.902,0.1509,3.835,0.127,0.138,rolamento_inner,500.0
55314,2026-05-21 01:49:54.144791+00:00,0.0602,1.529,73.26,22.92,0.1241,3.153,0.387,0.51,58.5,56.1,0.085,0.141,2.284,2.491,3.082,3.741,0.0851,2.163,0.1755,4.459,0.125,0.136,rolamento_inner,500.0
55361,2026-05-21 01:51:28.150261+00:00,0.061,1.55,73.49,23.05,0.122,3.099,0.453,0.482,58.5,56.1,0.091,0.141,2.44,2.531,3.565,3.48,0.0863,2.193,0.1725,4.383,0.127,0.138,rolamento_inner,500.0
55372,2026-05-21 01:51:50.151700+00:00,0.0611,1.553,73.35,22.97,0.1172,2.977,0.403,0.502,58.5,56.1,0.086,0.14,2.33,2.438,3.236,3.714,0.0864,2.196,0.1658,4.211,0.124,0.135,rolamento_inner,500.0
55380,2026-05-21 01:52:06.152643+00:00,0.0577,1.465,73.26,22.92,0.1185,3.012,0.5,0.522,58.5,56.1,0.085,0.139,2.405,2.581,3.999,3.779,0.0816,2.072,0.1677,4.259,0.125,0.138,rolamento_inner,500.0
55397,2026-05-21 01:52:40.154594+00:00,0.0624,1.587,73.26,22.92,0.1162,2.952,0.446,0.533,58.5,56.1,0.087,0.135,2.358,2.463,3.525,3.912,0.0883,2.245,0.1643,4.175,0.126,0.136,rolamento_inner,500.0
55459,2026-05-21 01:54:44.162021+00:00,0.0599,1.522,73.35,22.97,0.1122,2.85,0.435,0.523,61.0,56.1,0.092,0.133,2.401,2.567,3.427,3.746,0.0847,2.152,0.1586,4.03,0.126,0.139,rolamento_inner,500.0
55476,2026-05-21 01:55:18.164287+00:00,0.0594,1.51,74.84,23.8,0.1048,2.663,0.438,0.538,61.0,53.7,0.089,0.13,2.33,2.378,3.472,3.918,0.084,2.135,0.1482,3.766,0.126,0.137,rolamento_inner,500.0
55478,2026-05-21 01:55:22.162920+00:00,0.066,1.677,73.4,23.0,0.1185,3.012,0.474,0.498,58.5,56.1,0.094,0.139,2.447,2.504,3.707,3.586,0.0933,2.372,0.1677,4.259,0.128,0.139,rolamento_inner,500.0
55556,2026-05-21 02:16:54.971980+00:00,0.0622,1.58,71.49,21.94,0.0888,2.255,0.655,1.03,61.0,61.0,0.162,0.168,2.788,3.083,4.066,4.233,0.088,2.235,0.1255,3.189,0.161,0.243,rolamento_inner,2000.0
55594,2026-05-21 02:18:10.976482+00:00,0.0661,1.68,70.74,21.52,0.092,2.338,0.668,0.834,58.5,61.0,0.176,0.18,2.928,2.973,3.971,3.418,0.0935,2.376,0.1301,3.306,0.168,0.244,rolamento_inner,2000.0
55624,2026-05-21 02:19:10.979897+00:00,0.0591,1.501,70.0,21.11,0.0896,2.276,0.62,1.089,61.0,61.0,0.163,0.18,2.991,2.942,3.679,4.345,0.0836,2.123,0.1267,3.219,0.168,0.25,rolamento_inner,2000.0
55627,2026-05-21 02:19:16.980116+00:00,0.0694,1.765,69.68,20.93,0.1005,2.554,0.581,0.827,61.0,61.0,0.165,0.178,2.745,2.966,3.453,3.429,0.0982,2.496,0.1422,3.612,0.168,0.241,rolamento_inner,2000.0
55650,2026-05-21 02:20:02.983001+00:00,0.0659,1.675,69.49,20.83,0.1034,2.626,0.533,0.828,61.0,58.5,0.156,0.17,2.758,2.991,3.179,3.401,0.0933,2.369,0.1462,3.714,0.167,0.243,rolamento_inner,2000.0
55689,2026-05-21 02:21:20.987425+00:00,0.0628,1.597,69.59,20.88,0.0907,2.303,0.616,0.946,58.5,58.5,0.16,0.18,2.778,3.108,3.65,3.726,0.0889,2.258,0.1282,3.258,0.168,0.253,rolamento_inner,2000.0
55771,2026-05-21 02:24:04.996834+00:00,0.0635,1.615,69.35,20.75,0.1021,2.595,0.612,0.92,61.0,61.0,0.161,0.168,2.812,3.022,3.498,3.506,0.0899,2.283,0.1444,3.67,0.175,0.262,rolamento_inner,2000.0
55793,2026-05-21 02:24:48.999534+00:00,0.0621,1.578,69.26,20.7,0.09,2.287,0.589,0.871,61.0,61.0,0.151,0.176,2.793,3.021,3.554,3.571,0.0878,2.231,0.1273,3.235,0.165,0.243,rolamento_inner,2000.0
55811,2026-05-21 02:25:25.001594+00:00,0.0638,1.622,69.26,20.7,0.0976,2.48,0.653,0.877,61.0,61.0,0.167,0.191,2.818,2.9,3.951,3.451,0.0903,2.295,0.1381,3.508,0.165,0.254,rolamento_inner,2000.0
55840,2026-05-21 02:26:23.004906+00:00,0.0619,1.573,69.26,20.7,0.0957,2.431,0.736,1.029,61.0,61.0,0.156,0.172,2.888,3.187,4.334,4.015,0.0875,2.224,0.1353,3.438,0.169,0.256,rolamento_inner,2000.0
55862,2026-05-21 02:27:07.005469+00:00,0.0701,1.782,69.31,20.72,0.1045,2.654,0.62,0.957,61.0,61.0,0.182,0.201,2.888,3.064,3.52,3.673,0.0992,2.521,0.1477,3.754,0.176,0.26,rolamento_inner,2000.0
55941,2026-05-21 02:29:45.016800+00:00,0.0693,1.76,69.4,20.78,0.1209,3.07,0.563,1.151,61.0,58.5,0.165,0.2,2.83,3.018,3.359,4.361,0.098,2.489,0.1709,4.342,0.167,0.263,rolamento_inner,2000.0
55973,2026-05-21 02:30:49.020347+00:00,0.0644,1.636,69.77,20.98,0.0906,2.302,0.624,0.964,61.0,61.0,0.167,0.181,2.891,2.921,3.68,3.791,0.0911,2.314,0.1281,3.255,0.169,0.254,rolamento_inner,2000.0
55984,2026-05-21 02:31:11.021850+00:00,0.0691,1.757,69.73,20.96,0.1051,2.671,0.714,0.864,61.0,58.5,0.178,0.2,2.727,2.943,4.184,3.458,0.0978,2.485,0.1487,3.778,0.17,0.25,rolamento_inner,2000.0
55988,2026-05-21 02:31:19.022346+00:00,0.0658,1.672,69.54,20.85,0.101,2.565,0.695,0.893,61.0,61.0,0.141,0.175,2.954,3.107,4.052,3.495,0.0931,2.364,0.1428,3.628,0.171,0.255,rolamento_inner,2000.0
56005,2026-05-21 02:31:53.024288+00:00,0.065,1.652,69.54,20.85,0.0889,2.259,0.63,1.025,61.0,61.0,0.164,0.196,2.853,3.059,3.671,4.009,0.092,2.337,0.1258,3.195,0.171,0.255,rolamento_inner,2000.0
56015,2026-05-21 02:32:13.025068+00:00,0.0662,1.681,69.59,20.88,0.0971,2.467,0.626,0.995,61.0,61.0,0.173,0.18,2.848,3.02,3.732,3.747,0.0936,2.378,0.1373,3.489,0.167,0.265,rolamento_inner,2000.0
56067,2026-05-21 02:33:57.031599+00:00,0.0694,1.762,69.86,21.03,0.105,2.667,0.888,1.042,58.5,61.0,0.17,0.197,3.04,3.2,5.008,3.906,0.0981,2.493,0.1485,3.772,0.177,0.266,rolamento_inner,2000.0
56070,2026-05-21 02:34:03.031816+00:00,0.0705,1.792,70.1,21.16,0.1055,2.681,0.601,0.904,61.0,61.0,0.17,0.199,2.847,2.983,3.492,3.55,0.0997,2.534,0.1492,3.791,0.172,0.254,rolamento_inner,2000.0
56111,2026-05-21 02:35:25.036855+00:00,0.0656,1.668,70.1,21.16,0.1038,2.636,0.663,0.95,61.0,9.7,0.175,0.198,2.828,2.828,3.833,3.72,0.0928,2.359,0.1467,3.728,0.173,0.255,rolamento_inner,2000.0
56200,2026-05-21 02:38:23.047459+00:00,0.0719,1.826,69.54,20.85,0.1053,2.676,0.635,0.953,9.7,61.0,0.169,0.19,2.884,2.978,3.626,3.452,0.1016,2.583,0.149,3.785,0.175,0.276,rolamento_inner,2000.0
56247,2026-05-21 02:39:57.053198+00:00,0.0651,1.654,70.98,21.65,0.0826,2.099,0.593,1.191,61.0,61.0,0.162,0.166,2.859,3.121,3.381,4.269,0.0921,2.339,0.1168,2.968,0.175,0.279,rolamento_inner,2000.0
56294,2026-05-21 02:41:31.058731+00:00,0.0676,1.717,69.86,21.03,0.1007,2.559,0.614,1.027,61.0,61.0,0.171,0.192,2.79,3.131,3.593,3.952,0.0956,2.428,0.1424,3.619,0.171,0.26,rolamento_inner,2000.0
56340,2026-05-21 02:43:03.064180+00:00,0.0685,1.742,69.73,20.96,0.096,2.438,0.801,0.957,61.0,61.0,0.163,0.188,2.825,3.184,4.724,3.701,0.0969,2.463,0.1357,3.448,0.169,0.258,rolamento_inner,2000.0
56434,2026-05-21 02:46:11.075645+00:00,0.0755,1.918,69.63,20.9,0.0915,2.324,0.602,1.046,9.7,61.0,0.175,0.191,2.726,2.969,3.469,4.022,0.1068,2.713,0.1294,3.286,0.173,0.26,rolamento_inner,2000.0
56474,2026-05-21 02:47:31.080364+00:00,0.0795,2.021,69.91,21.06,0.104,2.642,0.697,0.866,9.7,58.5,0.183,0.193,2.805,3.069,3.972,3.41,0.1125,2.858,0.1471,3.737,0.175,0.254,rolamento_inner,2000.0
56487,2026-05-21 02:47:57.082350+00:00,0.0741,1.882,71.58,21.99,0.1013,2.573,0.613,1.003,61.0,58.5,0.177,0.196,2.762,3.079,3.559,3.767,0.1048,2.662,0.1432,3.639,0.172,0.266,rolamento_inner,2000.0
56508,2026-05-21 05:52:21.794736+00:00,0.0696,1.768,64.0,17.78,0.1165,2.96,0.414,0.518,61.0,58.5,0.085,0.12,2.315,2.382,3.095,3.54,0.0984,2.5,0.1648,4.186,0.134,0.146,rolamento_inner,500.0
56539,2026-05-21 05:53:23.798249+00:00,0.0742,1.886,65.11,18.39,0.1105,2.806,0.447,0.502,58.5,58.5,0.084,0.123,2.361,2.321,3.34,3.458,0.105,2.667,0.1562,3.969,0.133,0.145,rolamento_inner,500.0
56579,2026-05-21 05:54:43.802569+00:00,0.0623,1.584,65.02,18.34,0.1001,2.543,0.524,0.529,61.0,9.7,0.083,0.115,2.383,2.417,3.862,3.557,0.0882,2.24,0.1416,3.597,0.135,0.148,rolamento_inner,500.0
56589,2026-05-21 05:55:03.803863+00:00,0.0724,1.84,64.14,17.85,0.1038,2.638,0.489,0.611,61.0,58.5,0.078,0.112,2.356,2.493,3.658,4.154,0.1024,2.603,0.1468,3.73,0.133,0.147,rolamento_inner,500.0
56592,2026-05-21 05:55:09.804086+00:00,0.074,1.882,64.0,17.78,0.1103,2.804,0.431,0.494,17.0,17.0,0.089,0.115,2.33,2.468,3.222,3.338,0.1047,2.661,0.1561,3.965,0.133,0.148,rolamento_inner,500.0
56623,2026-05-21 05:56:11.808005+00:00,0.0649,1.648,64.05,17.8,0.1003,2.55,0.441,0.581,61.0,58.5,0.084,0.116,2.326,2.464,3.289,3.985,0.0917,2.331,0.1419,3.606,0.134,0.145,rolamento_inner,500.0
56658,2026-05-21 05:57:21.811881+00:00,0.0721,1.832,64.46,18.03,0.1094,2.779,0.453,0.465,58.5,58.5,0.084,0.122,2.352,2.37,3.359,3.183,0.102,2.59,0.1547,3.931,0.134,0.146,rolamento_inner,500.0
56661,2026-05-21 05:57:27.811038+00:00,0.0606,1.54,66.31,19.06,0.0952,2.42,0.514,0.538,61.0,58.5,0.085,0.116,2.321,2.414,3.828,3.654,0.0857,2.178,0.1347,3.422,0.134,0.147,rolamento_inner,500.0
56686,2026-05-21 05:58:17.815174+00:00,0.0642,1.631,64.83,18.24,0.0933,2.37,0.482,0.601,58.5,58.5,0.09,0.122,2.326,2.47,3.6,4.144,0.0908,2.307,0.1319,3.351,0.133,0.145,rolamento_inner,500.0
56705,2026-05-21 05:58:55.817575+00:00,0.064,1.627,64.88,18.26,0.0999,2.539,0.405,0.508,61.0,58.5,0.082,0.111,2.253,2.426,3.072,3.487,0.0906,2.302,0.1413,3.591,0.131,0.145,rolamento_inner,500.0
56713,2026-05-21 05:59:11.818268+00:00,0.0638,1.622,64.83,18.24,0.1001,2.544,0.469,0.474,58.5,58.5,0.077,0.117,2.285,2.411,3.502,3.224,0.0903,2.294,0.1416,3.599,0.133,0.146,rolamento_inner,500.0
56733,2026-05-21 05:59:51.820759+00:00,0.0611,1.553,66.08,18.93,0.0878,2.231,0.446,0.563,61.0,58.5,0.086,0.116,2.398,2.42,3.32,3.855,0.0864,2.196,0.1242,3.155,0.134,0.146,rolamento_inner,500.0
56749,2026-05-21 06:00:23.822225+00:00,0.0525,1.334,65.2,18.44,0.0734,1.865,0.409,0.494,61.0,61.0,0.082,0.105,2.237,2.379,3.087,3.425,0.0742,1.886,0.1038,2.638,0.132,0.144,rolamento_inner,500.0
56753,2026-05-21 06:00:31.821979+00:00,0.0646,1.642,66.17,18.98,0.0781,1.983,0.476,0.516,61.0,61.0,0.074,0.097,2.33,2.508,3.602,3.505,0.0914,2.323,0.1104,2.805,0.132,0.147,rolamento_inner,500.0
56832,2026-05-21 06:03:09.831880+00:00,0.0729,1.851,66.58,19.21,0.0963,2.448,0.397,0.538,58.5,58.5,0.08,0.12,2.218,2.484,3.025,3.719,0.103,2.618,0.1362,3.461,0.131,0.144,rolamento_inner,500.0
56878,2026-05-21 06:04:41.837424+00:00,0.0744,1.89,66.54,19.18,0.1056,2.683,0.549,0.534,9.7,12.2,0.078,0.113,2.372,2.597,4.121,3.646,0.1052,2.673,0.1493,3.794,0.133,0.146,rolamento_inner,500.0
56888,2026-05-21 06:05:01.838618+00:00,0.0569,1.445,66.67,19.26,0.0759,1.93,0.476,0.495,61.0,61.0,0.094,0.112,2.295,2.369,3.599,3.429,0.0804,2.044,0.1074,2.729,0.132,0.144,rolamento_inner,500.0
56971,2026-05-21 06:07:47.848298+00:00,0.0664,1.686,67.6,19.77,0.1027,2.609,0.508,0.64,58.5,58.5,0.084,0.13,2.392,2.605,3.838,4.38,0.0939,2.385,0.1452,3.689,0.132,0.146,rolamento_inner,500.0
56976,2026-05-21 06:07:57.849111+00:00,0.062,1.577,67.46,19.7,0.0988,2.511,0.546,0.492,58.5,58.5,0.087,0.133,2.352,2.401,4.153,3.408,0.0878,2.23,0.1398,3.552,0.131,0.144,rolamento_inner,500.0
57000,2026-05-21 06:08:45.851851+00:00,0.0617,1.567,69.49,20.83,0.0826,2.1,0.589,0.473,61.0,61.0,0.093,0.125,2.49,2.359,4.479,3.319,0.0872,2.216,0.1169,2.97,0.131,0.142,rolamento_inner,500.0
57015,2026-05-21 06:09:15.853979+00:00,0.0616,1.566,67.92,19.95,0.0855,2.171,0.435,0.553,58.5,61.0,0.089,0.119,2.334,2.437,3.282,3.822,0.0872,2.215,0.1209,3.071,0.132,0.144,rolamento_inner,500.0
57076,2026-05-21 06:11:17.859784+00:00,0.0583,1.482,68.48,20.26,0.1005,2.553,0.564,0.591,58.5,58.5,0.083,0.129,2.501,2.686,4.268,4.094,0.0825,2.096,0.1421,3.611,0.132,0.144,rolamento_inner,500.0
57080,2026-05-21 06:11:25.861488+00:00,0.0712,1.809,68.8,20.44,0.1004,2.55,0.45,0.548,58.5,58.5,0.085,0.127,2.38,2.59,3.439,3.739,0.1007,2.558,0.142,3.606,0.13,0.146,rolamento_inner,500.0
57102,2026-05-21 06:12:09.864035+00:00,0.0675,1.714,68.66,20.36,0.1024,2.602,0.45,0.531,58.5,58.5,0.094,0.132,2.392,2.438,3.468,3.741,0.0954,2.424,0.1448,3.68,0.129,0.142,rolamento_inner,500.0
57155,2026-05-21 06:13:55.870563+00:00,0.067,1.703,69.03,20.57,0.1035,2.628,0.478,0.477,61.0,58.5,0.083,0.126,2.42,2.385,3.639,3.314,0.0948,2.409,0.1463,3.717,0.131,0.144,rolamento_inner,500.0
57172,2026-05-21 06:14:29.872284+00:00,0.0701,1.783,69.31,20.72,0.1025,2.603,0.499,0.487,61.0,58.5,0.091,0.128,2.353,2.361,3.848,3.427,0.0992,2.521,0.1449,3.682,0.129,0.142,rolamento_inner,500.0
57192,2026-05-21 06:15:09.874711+00:00,0.0522,1.326,69.49,20.83,0.0759,1.927,0.439,0.509,61.0,61.0,0.089,0.113,2.285,2.443,3.366,3.601,0.0738,1.875,0.1073,2.726,0.13,0.141,rolamento_inner,500.0
57234,2026-05-21 06:16:33.879719+00:00,0.0603,1.532,69.68,20.93,0.0846,2.151,0.533,0.538,61.0,61.0,0.091,0.121,2.428,2.507,4.059,3.707,0.0853,2.167,0.1197,3.042,0.131,0.145,rolamento_inner,500.0
57263,2026-05-21 06:17:31.883035+00:00,0.0602,1.53,69.82,21.01,0.0887,2.254,0.407,0.411,61.0,58.5,0.081,0.112,2.297,2.325,3.148,2.923,0.0852,2.164,0.1255,3.188,0.129,0.14,rolamento_inner,500.0
57304,2026-05-21 06:18:53.888070+00:00,0.0727,1.846,70.7,21.5,0.1077,2.736,0.465,0.552,58.5,58.5,0.086,0.127,2.391,2.502,3.539,3.893,0.1028,2.611,0.1523,3.87,0.131,0.141,rolamento_inner,500.0
57322,2026-05-21 06:19:29.890233+00:00,0.0676,1.717,70.61,21.45,0.093,2.363,0.435,0.53,61.0,58.5,0.089,0.127,2.326,2.52,3.4,3.725,0.0956,2.429,0.1315,3.342,0.127,0.142,rolamento_inner,500.0
57368,2026-05-21 06:21:01.895976+00:00,0.0621,1.578,70.65,21.47,0.0765,1.943,0.46,0.55,61.0,61.0,0.085,0.11,2.452,2.579,3.541,3.86,0.0879,2.232,0.1082,2.749,0.13,0.142,rolamento_inner,500.0
57377,2026-05-21 06:21:19.896797+00:00,0.0566,1.438,70.61,21.45,0.0697,1.77,0.477,0.513,61.0,61.0,0.084,0.106,2.355,2.573,3.713,3.633,0.0801,2.034,0.0986,2.504,0.128,0.141,rolamento_inner,500.0
57415,2026-05-21 06:22:35.901658+00:00,0.0638,1.62,70.84,21.57,0.0907,2.305,0.416,0.495,61.0,58.5,0.091,0.124,2.322,2.527,3.217,3.491,0.0902,2.291,0.1283,3.26,0.129,0.141,rolamento_inner,500.0
57421,2026-05-21 06:22:47.902241+00:00,0.0552,1.404,72.51,22.5,0.0844,2.145,0.585,0.469,61.0,61.0,0.093,0.115,2.477,2.43,4.483,3.301,0.0781,1.986,0.1194,3.034,0.13,0.142,rolamento_inner,500.0
57480,2026-05-21 06:24:45.909608+00:00,0.0646,1.641,72.28,22.37,0.087,2.21,0.474,0.521,61.0,61.0,0.086,0.122,2.342,2.564,3.72,3.696,0.0914,2.321,0.123,3.125,0.127,0.141,rolamento_inner,500.0
57487,2026-05-21 06:24:59.910448+00:00,0.0582,1.479,71.12,21.73,0.1021,2.595,0.459,0.597,58.5,58.5,0.091,0.131,2.288,2.614,3.611,4.272,0.0823,2.091,0.1444,3.67,0.127,0.139,rolamento_inner,500.0
57497,2026-05-21 06:41:08.704011+00:00,0.063,1.602,72.98,22.76,0.0828,2.105,0.417,0.475,61.0,58.5,0.11,0.134,2.406,2.519,3.245,3.202,0.0892,2.266,0.1172,2.977,0.128,0.148,rolamento_inner,1000.0
57531,2026-05-21 06:42:16.720140+00:00,0.0685,1.74,72.56,22.53,0.0902,2.291,0.574,0.523,61.0,61.0,0.118,0.145,2.492,2.501,4.356,3.542,0.0969,2.462,0.1275,3.24,0.131,0.147,rolamento_inner,1000.0
57591,2026-05-21 06:44:16.726978+00:00,0.0636,1.616,72.14,22.3,0.0966,2.455,0.468,0.558,61.0,61.0,0.123,0.154,2.357,2.492,3.56,3.807,0.09,2.286,0.1367,3.473,0.131,0.146,rolamento_inner,1000.0
57619,2026-05-21 06:45:12.729715+00:00,0.0655,1.665,72.05,22.25,0.0793,2.015,0.428,0.603,61.0,61.0,0.126,0.159,2.341,2.672,3.26,4.036,0.0927,2.355,0.1122,2.85,0.131,0.149,rolamento_inner,1000.0
57651,2026-05-21 06:46:16.733916+00:00,0.0604,1.535,72.09,22.27,0.0878,2.231,0.471,0.605,61.0,61.0,0.122,0.169,2.412,2.629,3.567,3.857,0.0854,2.17,0.1242,3.156,0.132,0.156,rolamento_inner,1000.0
57652,2026-05-21 06:46:18.734216+00:00,0.058,1.475,72.0,22.22,0.0907,2.304,0.428,0.508,61.0,61.0,0.114,0.157,2.336,2.539,3.274,3.474,0.0821,2.085,0.1283,3.259,0.13,0.146,rolamento_inner,1000.0
57708,2026-05-21 06:48:10.740869+00:00,0.0611,1.553,72.56,22.53,0.0909,2.309,0.543,0.537,61.0,61.0,0.127,0.166,2.51,2.696,4.097,3.541,0.0865,2.197,0.1285,3.265,0.132,0.151,rolamento_inner,1000.0
57753,2026-05-21 06:49:40.746303+00:00,0.0605,1.539,72.19,22.32,0.0948,2.408,0.427,0.583,61.0,61.0,0.123,0.167,2.406,2.687,3.224,3.757,0.0856,2.176,0.1341,3.406,0.132,0.155,rolamento_inner,1000.0
57760,2026-05-21 06:49:54.746850+00:00,0.062,1.576,72.0,22.22,0.0739,1.877,0.444,0.482,58.5,61.0,0.105,0.133,2.374,2.549,3.4,3.235,0.0877,2.228,0.1045,2.655,0.13,0.149,rolamento_inner,1000.0
57775,2026-05-21 06:50:24.748889+00:00,0.0616,1.567,72.28,22.37,0.0879,2.234,0.553,0.584,61.0,58.5,0.12,0.167,2.587,2.677,4.171,3.858,0.0872,2.216,0.1243,3.159,0.132,0.151,rolamento_inner,1000.0
57800,2026-05-21 06:51:14.751951+00:00,0.063,1.6,72.14,22.3,0.08,2.032,0.545,0.618,61.0,58.5,0.123,0.162,2.465,2.707,4.142,4.119,0.0891,2.263,0.1131,2.874,0.131,0.15,rolamento_inner,1000.0
57882,2026-05-21 06:53:58.761619+00:00,0.0603,1.531,72.6,22.56,0.0889,2.258,0.42,0.552,61.0,58.5,0.098,0.134,2.36,2.648,3.272,3.709,0.0852,2.166,0.1257,3.194,0.128,0.148,rolamento_inner,1000.0
57885,2026-05-21 06:54:04.761079+00:00,0.0645,1.639,72.79,22.66,0.076,1.932,0.491,0.604,61.0,61.0,0.118,0.14,2.509,2.673,3.757,4.0,0.0912,2.318,0.1076,2.733,0.13,0.151,rolamento_inner,1000.0
57893,2026-05-21 06:54:20.762742+00:00,0.0647,1.645,72.32,22.4,0.0807,2.05,0.511,0.541,61.0,61.0,0.122,0.15,2.437,2.743,3.868,3.554,0.0916,2.327,0.1141,2.899,0.132,0.152,rolamento_inner,1000.0
57915,2026-05-21 06:55:04.765543+00:00,0.0629,1.597,72.93,22.74,0.0823,2.091,0.454,0.513,61.0,61.0,0.114,0.151,2.561,2.665,3.412,3.279,0.0889,2.259,0.1164,2.958,0.133,0.156,rolamento_inner,1000.0
57973,2026-05-21 06:57:00.772239+00:00,0.0595,1.513,72.32,22.4,0.0861,2.187,0.47,0.561,61.0,61.0,0.115,0.133,2.469,2.627,3.593,3.732,0.0842,2.139,0.1218,3.093,0.131,0.15,rolamento_inner,1000.0
57985,2026-05-21 06:57:24.773807+00:00,0.0572,1.453,72.6,22.56,0.0797,2.024,0.489,0.532,61.0,58.5,0.113,0.137,2.372,2.671,3.76,3.521,0.0809,2.056,0.1127,2.862,0.13,0.151,rolamento_inner,1000.0
57987,2026-05-21 06:57:28.774106+00:00,0.0667,1.696,72.51,22.5,0.0768,1.951,0.542,0.5,61.0,58.5,0.114,0.138,2.391,2.616,4.139,3.296,0.0944,2.399,0.1086,2.76,0.131,0.151,rolamento_inner,1000.0
57996,2026-05-21 06:57:46.775027+00:00,0.0623,1.582,72.37,22.43,0.0759,1.929,0.431,0.594,61.0,61.0,0.115,0.138,2.4,2.728,3.308,3.956,0.0881,2.238,0.1074,2.729,0.13,0.15,rolamento_inner,1000.0
58000,2026-05-21 06:57:54.775439+00:00,0.0687,1.747,72.37,22.43,0.0974,2.474,0.484,0.647,12.2,61.0,0.121,0.137,2.432,2.624,3.654,4.22,0.0972,2.47,0.1377,3.499,0.132,0.153,rolamento_inner,1000.0
58015,2026-05-21 06:58:24.777511+00:00,0.0705,1.791,72.37,22.43,0.0823,2.091,0.479,0.568,61.0,58.5,0.108,0.131,2.429,2.649,3.612,3.756,0.0997,2.533,0.1164,2.957,0.132,0.151,rolamento_inner,1000.0
58064,2026-05-21 07:00:02.783428+00:00,0.069,1.752,72.42,22.45,0.0854,2.169,0.507,0.655,61.0,61.0,0.115,0.141,2.443,2.678,3.855,4.319,0.0975,2.478,0.1208,3.068,0.131,0.151,rolamento_inner,1000.0
58068,2026-05-21 07:00:10.783936+00:00,0.0648,1.646,72.37,22.43,0.0907,2.304,0.477,0.564,58.5,61.0,0.129,0.151,2.47,2.65,3.654,3.696,0.0916,2.329,0.1283,3.259,0.13,0.152,rolamento_inner,1000.0
58148,2026-05-21 07:02:50.792937+00:00,0.0582,1.479,72.37,22.43,0.0922,2.343,0.546,0.637,61.0,61.0,0.129,0.147,2.525,2.667,4.121,4.215,0.0823,2.092,0.1304,3.313,0.132,0.151,rolamento_inner,1000.0
58203,2026-05-21 07:04:40.798474+00:00,0.0613,1.558,73.86,23.25,0.0983,2.499,0.567,0.624,61.0,61.0,0.125,0.147,2.451,2.713,4.389,4.153,0.0867,2.203,0.1391,3.534,0.129,0.15,rolamento_inner,1000.0
58212,2026-05-21 07:04:58.798638+00:00,0.0547,1.39,72.51,22.5,0.0854,2.169,0.397,0.51,61.0,61.0,0.107,0.123,2.394,2.658,3.075,3.406,0.0774,1.966,0.1207,3.068,0.129,0.149,rolamento_inner,1000.0
58239,2026-05-21 07:05:52.803584+00:00,0.0634,1.61,72.98,22.76,0.0858,2.18,0.403,0.586,61.0,61.0,0.11,0.136,2.352,2.681,3.063,3.893,0.0896,2.278,0.1214,3.083,0.131,0.15,rolamento_inner,1000.0
58243,2026-05-21 07:06:00.803890+00:00,0.0645,1.638,72.56,22.53,0.0783,1.989,0.419,0.499,61.0,61.0,0.112,0.13,2.404,2.48,3.228,3.405,0.0912,2.317,0.1107,2.813,0.13,0.146,rolamento_inner,1000.0
58291,2026-05-21 07:07:36.809719+00:00,0.0719,1.827,74.33,23.51,0.0832,2.115,0.434,0.619,12.2,61.0,0.124,0.152,2.382,2.836,3.359,4.14,0.1017,2.584,0.1177,2.991,0.129,0.149,rolamento_inner,1000.0
58446,2026-05-21 07:12:46.827816+00:00,0.0583,1.481,72.65,22.58,0.0889,2.259,0.45,0.571,61.0,61.0,0.117,0.143,2.439,2.724,3.477,3.758,0.0824,2.094,0.1257,3.194,0.129,0.152,rolamento_inner,1000.0
58547,2026-05-21 07:25:39.102531+00:00,0.0672,1.708,71.49,21.94,0.0894,2.272,0.659,0.882,61.0,61.0,0.183,0.178,2.898,2.78,4.035,3.269,0.0951,2.416,0.1265,3.214,0.163,0.269,rolamento_inner,2000.0
58553,2026-05-21 07:25:51.103218+00:00,0.0745,1.894,71.63,22.01,0.1075,2.731,0.614,0.885,58.5,58.5,0.185,0.183,2.849,2.794,3.698,3.269,0.1054,2.678,0.152,3.863,0.166,0.27,rolamento_inner,2000.0
58649,2026-05-21 07:29:03.114706+00:00,0.0605,1.538,70.79,21.55,0.0911,2.314,0.567,0.826,61.0,61.0,0.192,0.172,2.672,2.85,3.318,3.185,0.0856,2.175,0.1288,3.272,0.171,0.259,rolamento_inner,2000.0
58677,2026-05-21 07:29:59.117810+00:00,0.0654,1.662,70.79,21.55,0.0963,2.447,0.68,1.039,61.0,58.5,0.181,0.177,2.931,3.047,3.949,3.824,0.0925,2.351,0.1362,3.461,0.172,0.271,rolamento_inner,2000.0
58678,2026-05-21 07:30:01.117980+00:00,0.0642,1.632,70.88,21.6,0.0932,2.369,0.593,1.085,61.0,61.0,0.152,0.163,2.881,3.116,3.386,3.822,0.0908,2.308,0.1319,3.351,0.175,0.284,rolamento_inner,2000.0
58746,2026-05-21 07:32:17.125614+00:00,0.0699,1.775,71.02,21.68,0.1124,2.855,0.656,0.988,58.5,58.5,0.166,0.185,2.859,2.91,3.818,3.682,0.0988,2.511,0.159,4.038,0.172,0.268,rolamento_inner,2000.0
58762,2026-05-21 07:32:49.127519+00:00,0.0654,1.662,70.84,21.57,0.1047,2.661,0.542,0.936,58.5,61.0,0.179,0.183,2.758,2.741,3.098,3.234,0.0925,2.351,0.1481,3.763,0.175,0.289,rolamento_inner,2000.0
58773,2026-05-21 07:33:11.128740+00:00,0.0674,1.712,72.14,22.3,0.1013,2.573,0.626,1.026,61.0,61.0,0.168,0.172,2.893,2.992,3.591,3.569,0.0953,2.422,0.1432,3.639,0.174,0.287,rolamento_inner,2000.0
58826,2026-05-21 07:34:57.135107+00:00,0.0679,1.726,71.12,21.73,0.1012,2.572,0.643,1.057,61.0,61.0,0.163,0.188,2.846,2.935,3.753,3.897,0.0961,2.441,0.1432,3.638,0.171,0.271,rolamento_inner,2000.0
58843,2026-05-21 07:35:31.137228+00:00,0.0756,1.921,72.0,22.22,0.1017,2.583,0.565,1.108,58.5,58.5,0.177,0.191,2.733,2.933,3.335,4.033,0.1069,2.717,0.1438,3.654,0.169,0.274,rolamento_inner,2000.0
58844,2026-05-21 07:35:33.137517+00:00,0.0692,1.759,71.16,21.75,0.0994,2.526,0.605,0.984,61.0,58.5,0.17,0.185,2.86,2.924,3.432,3.502,0.0979,2.488,0.1406,3.572,0.176,0.281,rolamento_inner,2000.0
58895,2026-05-21 07:37:15.143223+00:00,0.0632,1.606,71.12,21.73,0.1064,2.703,0.643,0.867,61.0,61.0,0.16,0.162,2.968,2.839,3.782,3.291,0.0894,2.271,0.1505,3.823,0.17,0.263,rolamento_inner,2000.0
58903,2026-05-21 07:37:31.144075+00:00,0.0723,1.838,71.02,21.68,0.1057,2.685,0.58,0.962,58.5,58.5,0.187,0.184,2.675,2.985,3.386,3.536,0.1023,2.6,0.1495,3.798,0.171,0.272,rolamento_inner,2000.0
58917,2026-05-21 07:37:59.145612+00:00,0.066,1.677,71.07,21.7,0.094,2.387,0.606,0.998,61.0,61.0,0.154,0.162,2.766,2.922,3.616,3.592,0.0933,2.371,0.1329,3.376,0.167,0.278,rolamento_inner,2000.0
58959,2026-05-21 07:39:23.150904+00:00,0.0701,1.782,71.12,21.73,0.1018,2.586,0.656,1.059,61.0,61.0,0.182,0.194,2.911,2.901,3.74,3.648,0.0992,2.52,0.1439,3.657,0.175,0.29,rolamento_inner,2000.0
58987,2026-05-21 07:40:19.154050+00:00,0.0694,1.764,71.02,21.68,0.0976,2.479,0.611,1.128,58.5,58.5,0.167,0.17,2.804,3.034,3.491,4.022,0.0982,2.496,0.138,3.506,0.175,0.28,rolamento_inner,2000.0
59004,2026-05-21 07:40:53.156069+00:00,0.0729,1.853,71.07,21.7,0.0985,2.502,0.578,1.032,58.5,58.5,0.182,0.178,2.728,2.88,3.379,3.625,0.1032,2.621,0.1393,3.538,0.171,0.284,rolamento_inner,2000.0
59120,2026-05-21 07:44:45.170069+00:00,0.0755,1.918,71.16,21.75,0.0923,2.346,0.672,0.982,58.5,61.0,0.173,0.188,2.785,2.803,3.842,3.64,0.1067,2.712,0.1306,3.318,0.175,0.269,rolamento_inner,2000.0
59128,2026-05-21 07:45:01.170882+00:00,0.0636,1.616,71.49,21.94,0.0989,2.513,0.681,1.166,61.0,61.0,0.184,0.19,2.896,3.139,3.917,4.404,0.0899,2.285,0.1399,3.554,0.174,0.264,rolamento_inner,2000.0
59156,2026-05-21 07:45:57.174344+00:00,0.0684,1.737,71.02,21.68,0.0987,2.508,0.655,1.074,61.0,61.0,0.16,0.166,2.988,3.045,3.671,3.635,0.0967,2.457,0.1396,3.547,0.178,0.295,rolamento_inner,2000.0
59238,2026-05-21 07:48:41.184216+00:00,0.0792,2.014,71.77,22.09,0.0913,2.321,0.709,0.95,9.7,58.5,0.188,0.186,2.964,2.908,4.057,3.423,0.1121,2.848,0.1292,3.282,0.174,0.277,rolamento_inner,2000.0
59248,2026-05-21 07:49:01.183971+00:00,0.0638,1.622,71.3,21.83,0.0976,2.48,0.713,1.067,58.5,61.0,0.165,0.163,2.991,2.701,4.045,3.813,0.0903,2.294,0.138,3.507,0.176,0.279,rolamento_inner,2000.0
59383,2026-05-21 07:53:31.201509+00:00,0.0706,1.793,71.77,22.09,0.1075,2.732,0.68,0.981,61.0,58.5,0.176,0.173,2.792,2.94,3.864,3.516,0.0998,2.536,0.1521,3.863,0.176,0.279,rolamento_inner,2000.0
59441,2026-05-21 07:55:27.208542+00:00,0.07,1.778,71.39,21.88,0.0994,2.526,0.609,1.019,61.0,58.5,0.19,0.168,2.868,3.02,3.427,3.73,0.099,2.515,0.1406,3.573,0.177,0.273,rolamento_inner,2000.0
59524,2026-05-21 08:17:25.415923+00:00,0.0716,1.821,76.91,24.95,0.117,2.972,0.419,0.56,61.0,53.7,0.086,0.14,2.461,2.576,3.347,4.167,0.1013,2.575,0.1655,4.203,0.125,0.134,rolamento_inner,500.0
59533,2026-05-21 08:17:43.416750+00:00,0.0591,1.502,77.05,25.03,0.113,2.87,0.56,0.542,61.0,56.1,0.088,0.136,2.333,2.558,4.5,4.043,0.0836,2.124,0.1598,4.059,0.124,0.134,rolamento_inner,500.0
59543,2026-05-21 08:18:03.418074+00:00,0.0616,1.564,78.33,25.73,0.1136,2.887,0.43,0.481,61.0,56.1,0.086,0.125,2.296,2.528,3.448,3.539,0.0871,2.213,0.1607,4.083,0.124,0.136,rolamento_inner,500.0
59549,2026-05-21 08:18:15.418653+00:00,0.0645,1.639,76.86,24.92,0.1222,3.104,0.399,0.494,58.5,56.1,0.099,0.148,2.316,2.445,3.204,3.645,0.0912,2.318,0.1728,4.389,0.124,0.135,rolamento_inner,500.0
59551,2026-05-21 08:18:19.418899+00:00,0.0637,1.619,76.86,24.92,0.1118,2.841,0.435,0.556,61.0,53.7,0.102,0.142,2.365,2.595,3.482,4.073,0.0901,2.29,0.1582,4.019,0.124,0.136,rolamento_inner,500.0
59725,2026-05-21 08:24:07.439706+00:00,0.0595,1.511,75.41,24.11,0.1165,2.959,0.478,0.491,61.0,56.1,0.093,0.141,2.436,2.531,3.765,3.611,0.0841,2.138,0.1648,4.186,0.127,0.135,rolamento_inner,500.0
59729,2026-05-21 08:24:15.439106+00:00,0.0576,1.463,75.36,24.09,0.1208,3.07,0.446,0.526,61.0,53.7,0.088,0.142,2.344,2.509,3.602,3.853,0.0814,2.069,0.1709,4.342,0.124,0.136,rolamento_inner,500.0
59742,2026-05-21 08:24:41.441626+00:00,0.0669,1.699,75.41,24.11,0.1222,3.104,0.582,0.512,58.5,56.1,0.095,0.143,2.528,2.518,4.714,3.74,0.0946,2.403,0.1728,4.39,0.123,0.136,rolamento_inner,500.0
59769,2026-05-21 08:25:35.444852+00:00,0.0624,1.586,75.41,24.11,0.1124,2.855,0.517,0.584,61.0,56.1,0.097,0.148,2.443,2.481,4.096,4.288,0.0883,2.243,0.1589,4.037,0.126,0.136,rolamento_inner,500.0
59816,2026-05-21 08:27:09.448893+00:00,0.0654,1.663,75.27,24.03,0.117,2.972,0.47,0.507,61.0,56.1,0.097,0.141,2.447,2.517,3.778,3.679,0.0926,2.352,0.1654,4.203,0.124,0.137,rolamento_inner,500.0
59902,2026-05-21 08:30:01.460447+00:00,0.0585,1.488,75.27,24.03,0.1047,2.661,0.493,0.594,61.0,56.1,0.095,0.134,2.425,2.544,3.861,4.297,0.0828,2.104,0.1481,3.763,0.127,0.138,rolamento_inner,500.0
59910,2026-05-21 08:30:17.461393+00:00,0.0683,1.735,75.45,24.14,0.1095,2.781,0.443,0.554,61.0,53.7,0.098,0.136,2.258,2.437,3.55,4.081,0.0966,2.454,0.1548,3.933,0.124,0.135,rolamento_inner,500.0
59935,2026-05-21 08:31:07.464495+00:00,0.0658,1.672,75.5,24.16,0.1172,2.977,0.563,0.548,58.5,56.1,0.101,0.142,2.456,2.508,4.391,3.946,0.0931,2.364,0.1657,4.211,0.128,0.139,rolamento_inner,500.0
59953,2026-05-21 08:31:43.466763+00:00,0.0588,1.493,76.77,24.87,0.1021,2.593,0.43,0.483,61.0,53.7,0.084,0.125,2.389,2.433,3.406,3.562,0.0831,2.112,0.1444,3.667,0.126,0.135,rolamento_inner,500.0
60019,2026-05-21 08:33:55.474430+00:00,0.0595,1.512,75.5,24.16,0.1208,3.069,0.509,0.54,61.0,56.1,0.093,0.142,2.396,2.585,4.026,3.894,0.0841,2.138,0.1708,4.34,0.126,0.138,rolamento_inner,500.0
60024,2026-05-21 08:34:05.475133+00:00,0.0589,1.498,75.27,24.03,0.101,2.567,0.423,0.52,61.0,53.7,0.086,0.121,2.324,2.511,3.371,3.816,0.0834,2.118,0.1429,3.631,0.125,0.136,rolamento_inner,500.0
60076,2026-05-21 08:35:49.481375+00:00,0.0667,1.696,75.27,24.03,0.1155,2.935,0.441,0.579,58.5,56.1,0.097,0.145,2.417,2.519,3.483,4.194,0.0944,2.398,0.1634,4.151,0.126,0.138,rolamento_inner,500.0
60089,2026-05-21 08:36:15.482870+00:00,0.0533,1.354,75.27,24.03,0.1031,2.62,0.468,0.511,61.0,53.7,0.082,0.128,2.28,2.555,3.7,3.729,0.0754,1.916,0.1458,3.705,0.126,0.137,rolamento_inner,500.0
60095,2026-05-21 08:36:27.483470+00:00,0.056,1.424,75.27,24.03,0.1033,2.624,0.436,0.482,61.0,56.1,0.08,0.122,2.228,2.535,3.513,3.534,0.0793,2.014,0.1461,3.711,0.124,0.136,rolamento_inner,500.0
60103,2026-05-21 08:36:43.484465+00:00,0.0589,1.498,75.97,24.43,0.1159,2.944,0.406,0.532,61.0,56.1,0.082,0.138,2.259,2.578,3.212,3.889,0.0834,2.119,0.1639,4.164,0.126,0.136,rolamento_inner,500.0
60104,2026-05-21 08:36:45.484588+00:00,0.0623,1.582,75.41,24.11,0.1126,2.862,0.418,0.493,58.5,56.1,0.09,0.132,2.292,2.412,3.314,3.602,0.0881,2.238,0.1593,4.047,0.126,0.136,rolamento_inner,500.0
60186,2026-05-21 08:39:29.494189+00:00,0.059,1.5,75.45,24.14,0.1123,2.854,0.482,0.513,61.0,56.1,0.089,0.131,2.472,2.476,3.784,3.754,0.0835,2.121,0.1589,4.036,0.127,0.136,rolamento_inner,500.0
60195,2026-05-21 08:39:47.495392+00:00,0.0601,1.528,75.36,24.09,0.1242,3.155,0.548,0.503,61.0,56.1,0.093,0.147,2.345,2.594,4.387,3.655,0.0851,2.161,0.1757,4.463,0.125,0.137,rolamento_inner,500.0
60204,2026-05-21 08:40:05.496351+00:00,0.055,1.397,75.45,24.14,0.1106,2.81,0.432,0.435,58.5,53.7,0.082,0.135,2.329,2.339,3.462,3.193,0.0778,1.976,0.1565,3.975,0.125,0.136,rolamento_inner,500.0
60223,2026-05-21 08:40:43.498558+00:00,0.0654,1.662,75.83,24.35,0.1212,3.079,0.443,0.458,58.5,56.1,0.097,0.143,2.328,2.391,3.565,3.365,0.0925,2.351,0.1714,4.355,0.124,0.136,rolamento_inner,500.0
60239,2026-05-21 08:41:15.500333+00:00,0.0557,1.416,75.5,24.16,0.1088,2.764,0.428,0.452,61.0,53.7,0.084,0.127,2.342,2.346,3.452,3.384,0.0788,2.003,0.1539,3.909,0.124,0.133,rolamento_inner,500.0
60250,2026-05-21 08:41:37.501867+00:00,0.0591,1.502,75.41,24.11,0.1256,3.192,0.42,0.5,61.0,53.7,0.095,0.142,2.298,2.461,3.314,3.69,0.0836,2.124,0.1777,4.515,0.126,0.135,rolamento_inner,500.0
60295,2026-05-21 08:43:07.504992+00:00,0.0598,1.521,76.25,24.58,0.1148,2.916,0.454,0.556,58.5,56.1,0.092,0.141,2.434,2.556,3.614,3.989,0.0846,2.151,0.1623,4.124,0.125,0.139,rolamento_inner,500.0
60368,2026-05-21 08:45:33.515591+00:00,0.0647,1.645,75.88,24.37,0.1137,2.889,0.488,0.563,58.5,56.1,0.094,0.135,2.442,2.557,3.803,4.072,0.0915,2.326,0.1608,4.086,0.128,0.138,rolamento_inner,500.0
60378,2026-05-21 08:45:53.516932+00:00,0.0607,1.542,75.92,24.4,0.1237,3.143,0.384,0.521,58.5,56.1,0.088,0.144,2.291,2.534,3.099,3.847,0.0858,2.18,0.175,4.445,0.124,0.135,rolamento_inner,500.0
60428,2026-05-21 08:47:33.522787+00:00,0.0598,1.52,76.68,24.82,0.1058,2.689,0.504,0.561,61.0,56.1,0.089,0.129,2.441,2.567,4.016,4.11,0.0846,2.15,0.1497,3.803,0.125,0.136,rolamento_inner,500.0
60430,2026-05-21 08:47:37.523015+00:00,0.0548,1.392,75.83,24.35,0.1096,2.785,0.466,0.555,61.0,53.7,0.089,0.136,2.361,2.573,3.646,4.047,0.0775,1.969,0.155,3.938,0.127,0.137,rolamento_inner,500.0
60438,2026-05-21 08:47:53.521757+00:00,0.057,1.447,75.59,24.22,0.116,2.948,0.432,0.612,61.0,56.1,0.083,0.136,2.283,2.629,3.458,4.477,0.0806,2.047,0.1641,4.169,0.125,0.136,rolamento_inner,500.0
60467,2026-05-21 08:48:51.527284+00:00,0.057,1.45,75.69,24.27,0.1048,2.662,0.444,0.487,61.0,53.7,0.09,0.132,2.285,2.422,3.559,3.633,0.0807,2.05,0.1482,3.765,0.124,0.134,rolamento_inner,500.0
60473,2026-05-21 08:49:03.528026+00:00,0.0642,1.632,75.92,24.4,0.1245,3.162,0.454,0.521,58.5,56.1,0.092,0.141,2.317,2.471,3.598,3.824,0.0908,2.308,0.1761,4.472,0.126,0.136,rolamento_inner,500.0
60491,2026-05-21 08:49:39.530249+00:00,0.0638,1.621,75.69,24.27,0.1246,3.166,0.553,0.637,61.0,56.1,0.093,0.142,2.354,2.768,4.343,4.58,0.0902,2.293,0.1763,4.478,0.127,0.139,rolamento_inner,500.0
60521,2026-05-21 08:58:22.181378+00:00,0.0616,1.566,75.27,24.03,0.0803,2.04,0.479,0.514,61.0,61.0,0.131,0.166,2.458,2.685,3.689,3.4,0.0872,2.215,0.1136,2.886,0.129,0.151,rolamento_inner,1000.0
60527,2026-05-21 08:58:34.182184+00:00,0.0603,1.533,75.13,23.96,0.0865,2.198,0.421,0.494,61.0,58.5,0.139,0.176,2.355,2.635,3.221,3.353,0.0853,2.168,0.1223,3.108,0.13,0.147,rolamento_inner,1000.0
60531,2026-05-21 08:58:42.182554+00:00,0.0634,1.611,75.41,24.11,0.0915,2.325,0.499,0.584,61.0,61.0,0.124,0.173,2.441,2.631,3.845,3.94,0.0897,2.279,0.1295,3.289,0.129,0.148,rolamento_inner,1000.0
60548,2026-05-21 08:59:16.184584+00:00,0.0652,1.658,74.84,23.8,0.0798,2.026,0.535,0.551,61.0,58.5,0.116,0.149,2.399,2.66,4.195,3.791,0.0923,2.344,0.1128,2.866,0.127,0.145,rolamento_inner,1000.0
60575,2026-05-21 09:00:10.187649+00:00,0.0606,1.539,74.33,23.51,0.0816,2.074,0.449,0.511,61.0,61.0,0.126,0.157,2.446,2.594,3.461,3.444,0.0857,2.177,0.1155,2.934,0.129,0.148,rolamento_inner,1000.0
60595,2026-05-21 09:00:50.190186+00:00,0.0563,1.432,74.7,23.72,0.0859,2.184,0.528,0.62,61.0,61.0,0.123,0.154,2.478,2.777,4.012,4.0,0.0797,2.025,0.1216,3.088,0.131,0.155,rolamento_inner,1000.0
60620,2026-05-21 09:01:40.193248+00:00,0.0593,1.508,73.86,23.25,0.083,2.108,0.52,0.666,61.0,61.0,0.128,0.145,2.375,2.75,3.99,4.406,0.0839,2.133,0.1174,2.982,0.13,0.151,rolamento_inner,1000.0
60659,2026-05-21 09:02:58.197219+00:00,0.0598,1.519,73.82,23.23,0.0863,2.192,0.544,0.595,61.0,61.0,0.121,0.152,2.491,2.726,4.197,3.919,0.0845,2.148,0.122,3.1,0.129,0.152,rolamento_inner,1000.0
60772,2026-05-21 09:06:44.211148+00:00,0.065,1.651,73.3,22.94,0.0827,2.1,0.451,0.562,58.5,61.0,0.114,0.153,2.395,2.653,3.477,3.768,0.0919,2.335,0.1169,2.97,0.129,0.149,rolamento_inner,1000.0
60783,2026-05-21 09:07:06.212349+00:00,0.0575,1.461,73.91,23.28,0.083,2.109,0.413,0.516,61.0,61.0,0.116,0.149,2.39,2.644,3.178,3.398,0.0813,2.067,0.1174,2.983,0.129,0.152,rolamento_inner,1000.0
60798,2026-05-21 09:07:36.214241+00:00,0.0627,1.592,73.26,22.92,0.0944,2.399,0.484,0.547,61.0,58.5,0.108,0.143,2.348,2.655,3.763,3.676,0.0886,2.252,0.1336,3.393,0.128,0.148,rolamento_inner,1000.0
60826,2026-05-21 09:08:32.217541+00:00,0.0585,1.487,73.44,23.02,0.0915,2.325,0.445,0.526,58.5,61.0,0.109,0.147,2.397,2.638,3.46,3.494,0.0828,2.104,0.1294,3.289,0.128,0.15,rolamento_inner,1000.0
60860,2026-05-21 09:09:40.221685+00:00,0.0626,1.592,73.44,23.02,0.0915,2.325,0.466,0.578,61.0,61.0,0.119,0.142,2.458,2.777,3.553,3.875,0.0886,2.251,0.1294,3.288,0.131,0.149,rolamento_inner,1000.0
60898,2026-05-21 09:10:56.226227+00:00,0.0608,1.546,73.16,22.87,0.0806,2.047,0.43,0.478,61.0,61.0,0.12,0.143,2.362,2.578,3.309,3.177,0.0861,2.187,0.1139,2.895,0.13,0.15,rolamento_inner,1000.0
60928,2026-05-21 09:11:56.230001+00:00,0.0561,1.425,73.21,22.89,0.0881,2.239,0.42,0.522,61.0,58.5,0.123,0.144,2.462,2.671,3.206,3.439,0.0793,2.016,0.1246,3.166,0.131,0.151,rolamento_inner,1000.0
60976,2026-05-21 09:13:32.235647+00:00,0.0588,1.495,74.05,23.36,0.093,2.362,0.434,0.584,61.0,61.0,0.121,0.144,2.383,2.961,3.326,3.771,0.0832,2.115,0.1315,3.341,0.13,0.154,rolamento_inner,1000.0
60994,2026-05-21 09:14:08.237892+00:00,0.0612,1.554,73.4,23.0,0.0766,1.946,0.481,0.604,61.0,61.0,0.125,0.144,2.464,2.778,3.641,4.034,0.0865,2.198,0.1083,2.752,0.132,0.149,rolamento_inner,1000.0
61012,2026-05-21 09:14:44.239922+00:00,0.0619,1.573,73.21,22.89,0.0844,2.145,0.506,0.578,61.0,61.0,0.117,0.139,2.467,2.599,3.802,3.801,0.0876,2.225,0.1194,3.034,0.133,0.152,rolamento_inner,1000.0
61026,2026-05-21 09:15:12.241619+00:00,0.0577,1.465,73.26,22.92,0.0833,2.117,0.499,0.512,61.0,61.0,0.114,0.145,2.477,2.674,3.767,3.428,0.0816,2.072,0.1179,2.994,0.132,0.149,rolamento_inner,1000.0
61046,2026-05-21 09:15:52.244058+00:00,0.0597,1.518,73.26,22.92,0.0841,2.136,0.498,0.964,61.0,61.0,0.128,0.154,2.438,3.045,3.764,6.362,0.0845,2.146,0.1189,3.02,0.132,0.151,rolamento_inner,1000.0
61048,2026-05-21 09:15:56.244133+00:00,0.0689,1.75,74.05,23.36,0.0888,2.256,0.434,0.566,61.0,61.0,0.128,0.157,2.384,2.592,3.325,3.696,0.0974,2.475,0.1256,3.19,0.13,0.153,rolamento_inner,1000.0
61100,2026-05-21 09:17:40.250539+00:00,0.0715,1.816,73.3,22.94,0.0791,2.011,0.411,0.546,61.0,61.0,0.123,0.143,2.406,2.67,3.175,3.667,0.1011,2.568,0.112,2.844,0.129,0.149,rolamento_inner,1000.0
61104,2026-05-21 09:17:48.250829+00:00,0.0619,1.573,73.26,22.92,0.0764,1.941,0.46,0.546,61.0,61.0,0.13,0.138,2.432,2.628,3.434,3.495,0.0876,2.225,0.1081,2.746,0.134,0.156,rolamento_inner,1000.0
61110,2026-05-21 09:18:00.251606+00:00,0.0611,1.554,73.82,23.23,0.0888,2.257,0.472,0.671,61.0,61.0,0.123,0.145,2.423,2.798,3.562,4.372,0.0865,2.198,0.1256,3.192,0.132,0.153,rolamento_inner,1000.0
61130,2026-05-21 09:18:40.253908+00:00,0.055,1.398,73.3,22.94,0.0762,1.937,0.47,0.576,61.0,61.0,0.113,0.128,2.412,2.651,3.605,3.869,0.0778,1.977,0.1078,2.739,0.13,0.149,rolamento_inner,1000.0
61131,2026-05-21 09:18:42.254082+00:00,0.061,1.549,73.58,23.1,0.0984,2.501,0.478,0.49,61.0,61.0,0.137,0.16,2.456,2.567,3.626,3.303,0.0862,2.191,0.1392,3.537,0.131,0.148,rolamento_inner,1000.0
61159,2026-05-21 09:19:38.257568+00:00,0.0664,1.687,73.21,22.89,0.0906,2.302,0.427,0.53,58.5,61.0,0.119,0.14,2.45,2.649,3.252,3.454,0.0939,2.386,0.1282,3.256,0.131,0.153,rolamento_inner,1000.0
61182,2026-05-21 09:20:24.257234+00:00,0.0625,1.589,73.21,22.89,0.0849,2.158,0.438,0.528,61.0,61.0,0.126,0.141,2.456,2.645,3.315,3.539,0.0884,2.247,0.1202,3.053,0.132,0.149,rolamento_inner,1000.0
61217,2026-05-21 09:21:34.264867+00:00,0.0605,1.537,73.3,22.94,0.0832,2.113,0.516,0.571,61.0,58.5,0.126,0.155,2.429,2.649,3.966,3.825,0.0856,2.174,0.1176,2.989,0.13,0.149,rolamento_inner,1000.0
61218,2026-05-21 09:21:36.264900+00:00,0.061,1.551,73.3,22.94,0.0797,2.025,0.504,0.631,61.0,61.0,0.117,0.14,2.55,2.624,3.834,4.18,0.0863,2.194,0.1127,2.863,0.131,0.151,rolamento_inner,1000.0
61320,2026-05-21 09:25:00.276943+00:00,0.0599,1.522,74.99,23.88,0.0857,2.178,0.437,0.667,61.0,61.0,0.118,0.135,2.365,2.651,3.36,4.449,0.0847,2.153,0.1212,3.08,0.13,0.149,rolamento_inner,1000.0
61325,2026-05-21 09:25:10.277593+00:00,0.0633,1.608,73.44,23.02,0.0878,2.23,0.485,0.643,61.0,61.0,0.121,0.144,2.416,2.535,3.706,4.347,0.0895,2.275,0.1242,3.154,0.13,0.147,rolamento_inner,1000.0
61336,2026-05-21 09:25:32.277983+00:00,0.0631,1.604,73.35,22.97,0.0836,2.125,0.482,0.434,61.0,58.5,0.115,0.14,2.407,2.457,3.706,2.906,0.0893,2.268,0.1183,3.005,0.13,0.149,rolamento_inner,1000.0
61376,2026-05-21 09:26:52.283707+00:00,0.063,1.6,74.47,23.59,0.0883,2.243,0.444,0.531,61.0,61.0,0.121,0.141,2.446,2.601,3.37,3.598,0.0891,2.263,0.1249,3.173,0.131,0.147,rolamento_inner,1000.0
61398,2026-05-21 09:27:36.286702+00:00,0.0573,1.457,73.3,22.94,0.0857,2.177,0.37,0.547,61.0,58.5,0.126,0.156,2.366,2.629,2.82,3.67,0.0811,2.061,0.1212,3.079,0.131,0.149,rolamento_inner,1000.0
61406,2026-05-21 09:27:52.287454+00:00,0.0673,1.709,73.49,23.05,0.0867,2.203,0.431,0.529,58.5,61.0,0.123,0.15,2.396,2.646,3.287,3.583,0.0951,2.417,0.1226,3.115,0.131,0.147,rolamento_inner,1000.0
61409,2026-05-21 09:27:58.287817+00:00,0.0613,1.557,73.4,23.0,0.0927,2.356,0.437,0.488,61.0,61.0,0.128,0.148,2.415,2.543,3.323,3.3,0.0867,2.203,0.1311,3.332,0.131,0.148,rolamento_inner,1000.0
61474,2026-05-21 09:30:08.295664+00:00,0.0563,1.432,74.56,23.64,0.0877,2.229,0.411,0.581,58.5,61.0,0.121,0.155,2.42,2.578,3.116,3.814,0.0797,2.025,0.1241,3.153,0.132,0.152,rolamento_inner,1000.0
61481,2026-05-21 09:30:22.296475+00:00,0.0672,1.709,73.54,23.07,0.084,2.134,0.528,0.639,61.0,61.0,0.128,0.15,2.552,2.715,3.946,4.182,0.0951,2.417,0.1188,3.018,0.133,0.152,rolamento_inner,1000.0
61491,2026-05-21 09:30:42.297659+00:00,0.0529,1.344,73.44,23.02,0.0745,1.892,0.441,0.549,61.0,61.0,0.107,0.135,2.355,2.764,3.394,3.605,0.0748,1.901,0.1053,2.676,0.13,0.152,rolamento_inner,1000.0
61496,2026-05-21 20:25:50.963569+00:00,0.0568,1.444,79.89,26.6,0.0709,1.802,0.512,0.524,61.0,61.0,0.073,0.099,2.467,2.679,4.171,3.856,0.0804,2.042,0.1003,2.548,0.122,0.136,acelerando,2000.0
61497,2026-05-21 20:26:17.787836+00:00,0.0534,1.356,79.42,26.34,0.0744,1.89,0.483,0.628,61.0,61.0,0.064,0.097,2.462,2.584,4.036,4.824,0.0755,1.918,0.1052,2.673,0.119,0.13,acelerando,2000.0
61498,2026-05-21 20:26:19.787489+00:00,0.0578,1.469,79.32,26.29,0.0791,2.011,0.485,0.551,61.0,61.0,0.099,0.113,2.511,2.753,3.864,3.941,0.0818,2.077,0.1119,2.844,0.125,0.139,acelerando,2000.0
61500,2026-05-21 20:26:39.130940+00:00,0.0479,1.217,79.23,26.23,0.0685,1.742,0.5,0.484,61.0,61.0,0.064,0.091,2.348,2.472,4.115,3.667,0.0677,1.721,0.0969,2.463,0.121,0.132,acelerando,2000.0
61501,2026-05-21 20:26:59.345894+00:00,0.0513,1.304,80.13,26.74,0.0713,1.811,0.428,0.467,61.0,61.0,0.084,0.102,2.316,2.492,3.494,3.453,0.0726,1.844,0.1008,2.562,0.122,0.135,acelerando,2000.0
61614,2026-05-21 21:45:03.276239+00:00,0.0757,1.924,68.85,20.47,0.0959,2.437,0.63,0.974,61.0,58.5,0.165,0.152,2.826,3.232,3.787,4.093,0.1071,2.721,0.1357,3.447,0.166,0.238,rolamento_ball,2000.0
61622,2026-05-21 21:45:19.277283+00:00,0.0706,1.795,68.94,20.52,0.1233,3.133,0.592,0.936,61.0,9.7,0.175,0.16,2.759,3.209,3.499,3.921,0.0999,2.538,0.1744,4.43,0.169,0.238,rolamento_ball,2000.0
61627,2026-05-21 21:45:29.278464+00:00,0.07,1.779,69.08,20.6,0.1027,2.61,0.599,1.273,61.0,61.0,0.174,0.158,2.819,3.26,3.539,5.198,0.0991,2.517,0.1453,3.692,0.169,0.245,rolamento_ball,2000.0
61629,2026-05-21 21:45:33.278366+00:00,0.0791,2.011,69.12,20.62,0.1209,3.071,0.675,0.859,61.0,61.0,0.214,0.202,2.969,3.152,3.935,3.548,0.1119,2.844,0.171,4.343,0.171,0.242,rolamento_ball,2000.0
61641,2026-05-21 21:45:57.277005+00:00,0.0622,1.58,68.85,20.47,0.1026,2.608,0.667,0.894,61.0,61.0,0.169,0.156,2.876,3.037,3.938,3.668,0.088,2.235,0.1452,3.688,0.169,0.243,rolamento_ball,2000.0
61665,2026-05-21 21:46:45.282772+00:00,0.0609,1.547,68.85,20.47,0.092,2.337,0.561,0.86,61.0,61.0,0.147,0.12,2.648,2.982,3.332,3.577,0.0861,2.188,0.1301,3.306,0.168,0.24,rolamento_ball,2000.0
61703,2026-05-21 21:48:01.287647+00:00,0.0824,2.093,68.61,20.34,0.1019,2.589,0.611,1.037,9.7,61.0,0.166,0.163,2.885,3.221,3.588,4.287,0.1165,2.961,0.1441,3.662,0.17,0.241,rolamento_ball,2000.0
61746,2026-05-21 21:49:27.292774+00:00,0.0669,1.7,70.37,21.32,0.0969,2.461,0.588,0.915,61.0,61.0,0.154,0.139,2.749,3.042,3.476,3.697,0.0946,2.405,0.137,3.481,0.169,0.247,rolamento_ball,2000.0
61756,2026-05-21 21:49:47.294281+00:00,0.069,1.753,68.71,20.39,0.0936,2.379,0.599,0.882,58.5,61.0,0.16,0.131,2.781,3.051,3.533,3.613,0.0976,2.479,0.1325,3.365,0.169,0.244,rolamento_ball,2000.0
61773,2026-05-21 21:50:21.296055+00:00,0.0677,1.72,68.8,20.44,0.1025,2.603,0.578,1.05,58.5,58.5,0.139,0.128,2.771,3.024,3.443,4.307,0.0957,2.433,0.1449,3.682,0.167,0.243,rolamento_ball,2000.0
61782,2026-05-21 21:50:39.297714+00:00,0.0758,1.926,68.89,20.49,0.1015,2.579,0.561,0.957,12.2,61.0,0.148,0.13,2.726,3.045,3.295,3.79,0.1072,2.724,0.1436,3.648,0.17,0.252,rolamento_ball,2000.0
61801,2026-05-21 21:51:17.300126+00:00,0.0722,1.836,68.98,20.54,0.1092,2.775,0.531,0.917,58.5,58.5,0.161,0.145,2.864,3.095,3.182,3.738,0.1022,2.596,0.1545,3.925,0.167,0.245,rolamento_ball,2000.0
61849,2026-05-21 21:52:53.305909+00:00,0.0668,1.697,70.51,21.39,0.0838,2.13,0.59,0.924,61.0,61.0,0.133,0.122,2.827,3.056,3.579,3.665,0.0944,2.399,0.1186,3.013,0.164,0.252,rolamento_ball,2000.0
61852,2026-05-21 21:52:59.306161+00:00,0.073,1.856,69.22,20.67,0.0994,2.525,0.665,1.0,61.0,61.0,0.182,0.163,2.833,3.032,3.927,3.957,0.1033,2.625,0.1406,3.572,0.169,0.252,rolamento_ball,2000.0
61855,2026-05-21 21:53:05.306512+00:00,0.0705,1.791,69.77,20.98,0.0916,2.327,0.556,0.937,58.5,61.0,0.194,0.155,2.715,2.897,3.257,3.725,0.0997,2.533,0.1295,3.29,0.17,0.251,rolamento_ball,2000.0
61894,2026-05-21 21:54:23.311326+00:00,0.068,1.729,69.91,21.06,0.0911,2.315,0.588,1.019,61.0,61.0,0.167,0.141,2.755,2.998,3.479,4.004,0.0962,2.445,0.1289,3.274,0.168,0.254,rolamento_ball,2000.0
61981,2026-05-21 21:57:17.321951+00:00,0.0692,1.758,70.0,21.11,0.0909,2.31,0.603,0.909,58.5,58.5,0.168,0.148,2.842,2.987,3.539,3.616,0.0979,2.487,0.1286,3.267,0.17,0.251,rolamento_ball,2000.0
62088,2026-05-21 22:00:51.334527+00:00,0.0719,1.827,70.42,21.34,0.0961,2.441,0.55,1.079,58.5,61.0,0.147,0.143,2.688,2.861,3.321,4.054,0.1017,2.584,0.1359,3.453,0.165,0.266,rolamento_ball,2000.0
62126,2026-05-21 22:02:07.339855+00:00,0.0711,1.808,70.28,21.27,0.1202,3.054,0.714,1.012,58.5,58.5,0.147,0.154,2.852,2.834,4.064,3.844,0.1006,2.557,0.17,4.319,0.175,0.263,rolamento_ball,2000.0
62154,2026-05-21 22:03:03.343100+00:00,0.0683,1.736,70.28,21.27,0.1009,2.563,0.574,1.106,61.0,61.0,0.158,0.155,2.773,2.945,3.391,4.054,0.0966,2.455,0.1427,3.625,0.169,0.272,rolamento_ball,2000.0
62157,2026-05-21 22:03:09.342673+00:00,0.0672,1.707,70.98,21.65,0.0992,2.52,0.601,0.904,58.5,58.5,0.14,0.132,2.789,3.033,3.584,3.534,0.095,2.414,0.1403,3.565,0.167,0.255,rolamento_ball,2000.0
62187,2026-05-21 22:04:09.347113+00:00,0.0709,1.803,70.65,21.47,0.1014,2.576,0.534,1.019,58.5,58.5,0.137,0.138,2.756,2.986,3.225,3.975,0.1003,2.55,0.1434,3.644,0.165,0.256,rolamento_ball,2000.0
62210,2026-05-21 22:04:55.350162+00:00,0.0649,1.649,70.79,21.55,0.0942,2.393,0.65,0.955,61.0,58.5,0.152,0.141,2.705,2.949,3.883,3.661,0.0918,2.332,0.1332,3.385,0.167,0.261,rolamento_ball,2000.0
62234,2026-05-21 22:05:43.353340+00:00,0.076,1.931,70.47,21.37,0.1095,2.783,0.597,0.899,9.7,58.5,0.126,0.137,2.847,2.916,3.682,3.563,0.1075,2.731,0.1549,3.936,0.162,0.252,rolamento_ball,2000.0
62267,2026-05-21 22:06:49.356899+00:00,0.0652,1.656,71.77,22.09,0.1082,2.748,0.622,0.936,58.5,58.5,0.164,0.161,2.758,3.009,3.696,3.694,0.0922,2.342,0.153,3.887,0.168,0.253,rolamento_ball,2000.0
62297,2026-05-21 22:07:49.360564+00:00,0.0633,1.608,70.7,21.5,0.0827,2.101,0.636,1.181,61.0,61.0,0.139,0.129,2.808,3.1,3.843,4.529,0.0895,2.275,0.117,2.972,0.165,0.26,rolamento_ball,2000.0
62298,2026-05-21 22:07:51.360807+00:00,0.0686,1.744,72.19,22.32,0.0951,2.415,0.644,1.112,9.7,61.0,0.168,0.151,2.915,3.183,3.766,4.081,0.0971,2.466,0.1345,3.416,0.17,0.272,rolamento_ball,2000.0
62552,2026-05-21 23:07:20.979738+00:00,0.0592,1.505,62.3,16.83,0.0805,2.046,0.444,0.579,61.0,9.7,0.066,0.083,2.278,2.405,3.297,3.933,0.0838,2.128,0.1139,2.894,0.134,0.147,rolamento_ball,500.0
62568,2026-05-21 23:07:52.981620+00:00,0.0633,1.608,62.85,17.14,0.0884,2.247,0.456,0.458,61.0,12.2,0.074,0.094,2.347,2.324,3.397,3.151,0.0895,2.274,0.1251,3.178,0.134,0.145,rolamento_ball,500.0
62580,2026-05-21 23:08:16.982929+00:00,0.0597,1.516,64.14,17.85,0.1024,2.602,0.452,0.506,58.5,58.5,0.072,0.113,2.302,2.429,3.379,3.453,0.0844,2.145,0.1449,3.68,0.133,0.146,rolamento_ball,500.0
62602,2026-05-21 23:09:00.985296+00:00,0.0632,1.607,64.83,18.24,0.0918,2.332,0.457,0.549,58.5,58.5,0.072,0.1,2.383,2.524,3.364,3.721,0.0894,2.272,0.1298,3.298,0.136,0.147,rolamento_ball,500.0
62657,2026-05-21 23:10:50.991856+00:00,0.0499,1.268,63.68,17.6,0.0711,1.806,0.473,0.469,61.0,61.0,0.067,0.087,2.363,2.404,3.603,3.276,0.0706,1.794,0.1005,2.554,0.131,0.143,rolamento_ball,500.0
62660,2026-05-21 23:10:56.992349+00:00,0.0842,2.139,64.51,18.06,0.0943,2.397,0.422,0.625,9.7,58.5,0.073,0.101,2.339,2.492,3.179,4.267,0.1191,3.026,0.1334,3.39,0.132,0.146,rolamento_ball,500.0
62696,2026-05-21 23:12:08.996392+00:00,0.0622,1.58,64.55,18.08,0.0885,2.248,0.461,0.448,9.7,61.0,0.074,0.104,2.359,2.329,3.436,3.082,0.0879,2.234,0.1252,3.18,0.134,0.145,rolamento_ball,500.0
62848,2026-05-21 23:17:13.014309+00:00,0.0707,1.796,65.84,18.8,0.0868,2.206,0.366,0.495,9.7,58.5,0.071,0.095,2.24,2.396,2.791,3.458,0.1,2.541,0.1228,3.12,0.131,0.143,rolamento_ball,500.0
62849,2026-05-21 23:17:15.014375+00:00,0.0462,1.175,67.64,19.8,0.0758,1.927,0.436,0.489,61.0,61.0,0.061,0.088,2.327,2.39,3.359,3.43,0.0654,1.662,0.1073,2.725,0.13,0.142,rolamento_ball,500.0
62856,2026-05-21 23:17:29.015137+00:00,0.0619,1.572,65.89,18.83,0.0765,1.944,0.559,0.486,61.0,9.7,0.069,0.086,2.448,2.512,4.298,3.384,0.0875,2.224,0.1082,2.749,0.13,0.143,rolamento_ball,500.0
62864,2026-05-21 23:17:45.016145+00:00,0.0635,1.612,67.97,19.98,0.0763,1.939,0.499,0.493,58.5,58.5,0.078,0.1,2.296,2.385,3.82,3.443,0.0898,2.28,0.108,2.743,0.13,0.143,rolamento_ball,500.0
62936,2026-05-21 23:20:09.024861+00:00,0.0785,1.994,66.77,19.31,0.0906,2.302,0.556,0.605,9.7,58.5,0.074,0.104,2.395,2.546,4.159,4.186,0.111,2.82,0.1282,3.256,0.133,0.144,rolamento_ball,500.0
62955,2026-05-21 23:20:47.027083+00:00,0.0615,1.562,66.95,19.42,0.1079,2.741,0.549,0.603,58.5,58.5,0.071,0.103,2.509,2.56,4.147,4.174,0.0869,2.209,0.1526,3.877,0.132,0.144,rolamento_ball,500.0
62986,2026-05-21 23:21:49.029845+00:00,0.0506,1.285,67.14,19.52,0.0751,1.909,0.458,0.545,61.0,61.0,0.063,0.087,2.423,2.543,3.494,3.816,0.0715,1.818,0.1063,2.7,0.131,0.142,rolamento_ball,500.0
63017,2026-05-21 23:22:51.034445+00:00,0.0543,1.379,67.41,19.67,0.0748,1.901,0.496,0.617,61.0,58.5,0.07,0.093,2.453,2.502,3.7,4.223,0.0768,1.951,0.1058,2.689,0.134,0.146,rolamento_ball,500.0
63064,2026-05-21 23:24:25.040057+00:00,0.0624,1.585,67.78,19.88,0.0994,2.527,0.455,0.588,9.7,58.5,0.066,0.114,2.312,2.327,3.461,4.118,0.0883,2.242,0.1407,3.573,0.131,0.142,rolamento_ball,500.0
63091,2026-05-21 23:25:19.043153+00:00,0.0506,1.287,68.01,20.01,0.0631,1.603,0.524,0.468,61.0,61.0,0.064,0.083,2.328,2.425,4.026,3.282,0.0716,1.821,0.0893,2.268,0.13,0.142,rolamento_ball,500.0
63095,2026-05-21 23:25:27.043652+00:00,0.0675,1.715,67.92,19.95,0.0858,2.18,0.463,0.542,9.7,58.5,0.078,0.106,2.29,2.436,3.497,3.806,0.0955,2.425,0.1214,3.084,0.132,0.142,rolamento_ball,500.0
63129,2026-05-21 23:26:35.047782+00:00,0.0655,1.665,68.29,20.16,0.079,2.007,0.455,0.587,9.7,61.0,0.073,0.092,2.398,2.441,3.497,4.172,0.0927,2.355,0.1117,2.839,0.13,0.14,rolamento_ball,500.0
63142,2026-05-21 23:27:01.049288+00:00,0.0513,1.303,68.98,20.54,0.0597,1.516,0.425,0.505,61.0,61.0,0.063,0.084,2.321,2.474,3.272,3.512,0.0725,1.843,0.0844,2.144,0.13,0.143,rolamento_ball,500.0
63148,2026-05-21 23:27:13.050122+00:00,0.067,1.702,69.17,20.65,0.0966,2.454,0.486,0.582,61.0,58.5,0.077,0.112,2.368,2.45,3.701,4.082,0.0947,2.407,0.1366,3.47,0.131,0.142,rolamento_ball,500.0
63150,2026-05-21 23:27:17.050515+00:00,0.0573,1.456,69.54,20.85,0.0915,2.325,0.451,0.479,61.0,58.5,0.072,0.103,2.395,2.401,3.477,3.43,0.081,2.059,0.1294,3.288,0.129,0.139,rolamento_ball,500.0
63151,2026-05-21 23:27:19.050521+00:00,0.0588,1.494,69.54,20.85,0.0659,1.675,0.459,0.48,61.0,61.0,0.073,0.085,2.389,2.465,3.529,3.447,0.0832,2.114,0.0932,2.369,0.13,0.139,rolamento_ball,500.0
63183,2026-05-21 23:28:23.054268+00:00,0.0638,1.621,68.61,20.34,0.116,2.946,0.377,0.482,58.5,58.5,0.072,0.115,2.342,2.458,2.911,3.392,0.0903,2.293,0.164,4.167,0.129,0.142,rolamento_ball,500.0
63206,2026-05-21 23:29:09.056617+00:00,0.0598,1.52,68.8,20.44,0.0954,2.425,0.429,0.537,58.5,58.5,0.077,0.108,2.334,2.495,3.317,3.797,0.0846,2.15,0.135,3.429,0.129,0.141,rolamento_ball,500.0
63273,2026-05-21 23:31:23.064519+00:00,0.0604,1.535,69.22,20.67,0.0925,2.35,0.42,0.519,58.5,58.5,0.075,0.104,2.395,2.565,3.263,3.654,0.0855,2.171,0.1308,3.323,0.128,0.142,rolamento_ball,500.0
63299,2026-05-21 23:32:15.067492+00:00,0.0736,1.87,69.35,20.75,0.0981,2.493,0.508,0.535,14.6,58.5,0.08,0.113,2.375,2.479,3.913,3.77,0.1041,2.645,0.1388,3.526,0.13,0.141,rolamento_ball,500.0
63398,2026-05-21 23:35:33.078407+00:00,0.0545,1.386,70.84,21.57,0.096,2.44,0.485,0.635,58.5,58.5,0.074,0.109,2.402,2.744,3.745,4.438,0.0771,1.96,0.1358,3.451,0.129,0.143,rolamento_ball,500.0
63488,2026-05-21 23:38:33.087574+00:00,0.0598,1.52,70.79,21.55,0.1021,2.593,0.552,0.582,58.5,58.5,0.074,0.114,2.397,2.501,4.292,4.127,0.0846,2.15,0.1444,3.668,0.128,0.141,rolamento_ball,500.0
63499,2026-05-21 23:38:55.088631+00:00,0.0601,1.527,70.42,21.34,0.0952,2.42,0.425,0.536,58.5,58.5,0.078,0.113,2.387,2.504,3.294,3.808,0.085,2.159,0.1347,3.422,0.129,0.14,rolamento_ball,500.0
63526,2026-05-21 23:39:49.093064+00:00,0.0841,2.137,72.28,22.37,0.0888,2.257,0.459,0.574,9.7,58.5,0.072,0.097,2.386,2.53,3.585,4.158,0.119,3.023,0.1256,3.192,0.128,0.138,rolamento_ball,500.0
63536,2026-05-21 23:40:09.092286+00:00,0.0634,1.612,70.61,21.45,0.0867,2.203,0.559,0.553,61.0,58.5,0.073,0.107,2.56,2.577,4.334,3.924,0.0897,2.279,0.1226,3.115,0.129,0.14,rolamento_ball,500.0
63601,2026-05-22 00:59:08.171803+00:00,0.0669,1.7,74.14,23.41,0.0795,2.019,0.439,0.553,9.7,61.0,0.097,0.122,2.384,2.67,3.371,3.699,0.0946,2.404,0.1124,2.856,0.13,0.149,rolamento_ball,1000.0
63621,2026-05-22 00:59:48.174175+00:00,0.0587,1.491,72.79,22.66,0.0855,2.172,0.472,0.502,61.0,61.0,0.1,0.112,2.395,2.567,3.596,3.369,0.083,2.108,0.1209,3.072,0.131,0.149,rolamento_ball,1000.0
63641,2026-05-22 01:00:28.175397+00:00,0.0606,1.54,73.63,23.13,0.0801,2.036,0.503,0.594,61.0,61.0,0.09,0.108,2.598,2.667,3.687,3.831,0.0857,2.178,0.1133,2.879,0.136,0.155,rolamento_ball,1000.0
63665,2026-05-22 01:01:16.179294+00:00,0.0583,1.482,72.46,22.48,0.0737,1.873,0.433,0.499,61.0,61.0,0.09,0.108,2.467,2.615,3.336,3.352,0.0825,2.096,0.1043,2.649,0.13,0.148,rolamento_ball,1000.0
63666,2026-05-22 01:01:18.179377+00:00,0.0615,1.563,72.42,22.45,0.0782,1.988,0.483,0.498,61.0,61.0,0.102,0.128,2.534,2.635,3.62,3.265,0.087,2.21,0.1107,2.811,0.133,0.152,rolamento_ball,1000.0
63717,2026-05-22 01:03:00.183434+00:00,0.0594,1.511,72.46,22.48,0.0804,2.042,0.469,0.563,61.0,58.5,0.112,0.118,2.485,2.663,3.515,3.681,0.0841,2.137,0.1137,2.889,0.133,0.153,rolamento_ball,1000.0
63744,2026-05-22 01:03:54.188864+00:00,0.064,1.625,72.28,22.37,0.084,2.134,0.505,0.57,61.0,58.5,0.101,0.124,2.571,2.788,3.819,3.796,0.0905,2.299,0.1188,3.018,0.132,0.15,rolamento_ball,1000.0
63749,2026-05-22 01:04:04.189472+00:00,0.0666,1.691,73.77,23.2,0.08,2.033,0.547,0.613,61.0,61.0,0.084,0.106,2.498,2.842,4.139,3.998,0.0941,2.392,0.1131,2.875,0.132,0.153,rolamento_ball,1000.0
63773,2026-05-22 01:04:52.192427+00:00,0.0556,1.413,72.09,22.27,0.0895,2.274,0.439,0.477,61.0,58.5,0.085,0.107,2.441,2.546,3.351,3.219,0.0787,1.999,0.1266,3.216,0.131,0.148,rolamento_ball,1000.0
63780,2026-05-22 01:05:06.193023+00:00,0.058,1.475,73.26,22.92,0.0801,2.035,0.501,0.51,61.0,61.0,0.094,0.114,2.537,2.594,3.857,3.413,0.0821,2.086,0.1133,2.878,0.13,0.149,rolamento_ball,1000.0
63806,2026-05-22 01:05:58.196109+00:00,0.0544,1.383,72.0,22.22,0.0916,2.328,0.443,0.56,61.0,61.0,0.1,0.123,2.399,2.499,3.371,3.749,0.077,1.956,0.1296,3.292,0.131,0.149,rolamento_ball,1000.0
63810,2026-05-22 01:06:06.196593+00:00,0.062,1.576,72.0,22.22,0.0893,2.27,0.501,0.671,61.0,61.0,0.116,0.143,2.462,2.695,3.769,4.335,0.0877,2.229,0.1264,3.21,0.133,0.154,rolamento_ball,1000.0
63822,2026-05-22 01:06:30.198046+00:00,0.0628,1.595,72.09,22.27,0.0784,1.993,0.488,0.676,61.0,61.0,0.114,0.131,2.542,2.829,3.691,4.398,0.0888,2.256,0.111,2.819,0.132,0.153,rolamento_ball,1000.0
63888,2026-05-22 01:08:42.205918+00:00,0.0598,1.52,72.42,22.45,0.0881,2.238,0.433,0.577,61.0,61.0,0.107,0.135,2.469,2.652,3.301,3.8,0.0846,2.15,0.1246,3.165,0.131,0.151,rolamento_ball,1000.0
64057,2026-05-22 01:14:20.226575+00:00,0.0612,1.555,72.19,22.32,0.0997,2.533,0.506,0.573,61.0,61.0,0.111,0.142,2.59,2.699,3.763,3.739,0.0865,2.199,0.141,3.583,0.134,0.153,rolamento_ball,1000.0
64111,2026-05-22 01:16:08.232986+00:00,0.0569,1.446,71.86,22.14,0.0758,1.925,0.381,0.576,61.0,61.0,0.094,0.109,2.368,2.713,2.898,3.789,0.0805,2.046,0.1072,2.723,0.131,0.152,rolamento_ball,1000.0
64116,2026-05-22 01:16:18.233087+00:00,0.0561,1.425,71.91,22.17,0.0865,2.198,0.555,0.559,61.0,61.0,0.095,0.112,2.559,2.605,4.154,3.665,0.0793,2.015,0.1223,3.108,0.133,0.152,rolamento_ball,1000.0
64129,2026-05-22 01:16:44.235307+00:00,0.0646,1.641,72.51,22.5,0.0813,2.067,0.49,0.585,61.0,61.0,0.121,0.132,2.518,2.717,3.617,3.795,0.0913,2.321,0.1151,2.923,0.135,0.154,rolamento_ball,1000.0
64156,2026-05-22 01:17:38.238370+00:00,0.0593,1.507,72.05,22.25,0.0932,2.369,0.471,0.494,61.0,61.0,0.113,0.131,2.419,2.513,3.535,3.262,0.0839,2.131,0.1319,3.35,0.133,0.151,rolamento_ball,1000.0
64239,2026-05-22 01:20:24.248034+00:00,0.0565,1.435,72.46,22.48,0.0828,2.104,0.457,0.542,61.0,61.0,0.09,0.109,2.472,2.721,3.374,3.498,0.0799,2.03,0.1171,2.976,0.135,0.155,rolamento_ball,1000.0
64240,2026-05-22 01:20:26.248165+00:00,0.0567,1.442,74.0,23.33,0.0759,1.929,0.437,0.641,61.0,61.0,0.091,0.118,2.477,2.743,3.286,4.114,0.0803,2.039,0.1074,2.728,0.133,0.155,rolamento_ball,1000.0
64252,2026-05-22 01:20:50.249572+00:00,0.0605,1.536,72.09,22.27,0.0817,2.075,0.486,0.659,61.0,61.0,0.103,0.117,2.485,2.85,3.609,4.209,0.0855,2.173,0.1155,2.935,0.134,0.156,rolamento_ball,1000.0
64260,2026-05-22 01:21:06.250633+00:00,0.071,1.805,71.91,22.17,0.0968,2.46,0.636,0.64,61.0,61.0,0.128,0.152,2.588,2.739,4.724,4.12,0.1005,2.552,0.137,3.479,0.134,0.155,rolamento_ball,1000.0
64285,2026-05-22 01:21:56.253775+00:00,0.0717,1.822,71.91,22.17,0.0805,2.046,0.446,0.529,61.0,61.0,0.089,0.112,2.518,2.633,3.322,3.435,0.1014,2.576,0.1139,2.894,0.134,0.154,rolamento_ball,1000.0
64346,2026-05-22 01:23:58.260303+00:00,0.0604,1.535,71.81,22.12,0.0913,2.32,0.503,0.617,61.0,61.0,0.11,0.127,2.674,2.701,3.725,3.923,0.0855,2.172,0.1292,3.282,0.135,0.157,rolamento_ball,1000.0
64396,2026-05-22 01:25:38.266285+00:00,0.0646,1.642,72.32,22.4,0.0809,2.055,0.541,0.534,61.0,61.0,0.127,0.124,2.652,2.556,3.996,3.475,0.0914,2.322,0.1144,2.907,0.135,0.153,rolamento_ball,1000.0
64431,2026-05-22 01:26:48.270400+00:00,0.0535,1.359,72.37,22.43,0.08,2.033,0.481,0.54,61.0,61.0,0.09,0.113,2.446,2.646,3.641,3.644,0.0757,1.923,0.1132,2.876,0.132,0.148,rolamento_ball,1000.0
64473,2026-05-22 01:28:12.275312+00:00,0.0575,1.461,72.37,22.43,0.0959,2.438,0.482,0.551,58.5,61.0,0.1,0.108,2.466,2.582,3.636,3.62,0.0813,2.066,0.1357,3.448,0.132,0.152,rolamento_ball,1000.0
64502,2026-05-22 01:29:10.278852+00:00,0.062,1.575,71.91,22.17,0.0834,2.119,0.492,0.485,61.0,58.5,0.114,0.129,2.525,2.557,3.65,3.191,0.0877,2.228,0.1179,2.997,0.134,0.152,rolamento_ball,1000.0
64545,2026-05-22 02:14:15.550304+00:00,0.0737,1.873,71.49,21.94,0.102,2.592,0.587,0.844,58.5,58.5,0.202,0.162,2.799,2.85,3.508,3.253,0.1042,2.649,0.1443,3.666,0.167,0.259,rolamento_ball,2000.0
64565,2026-05-22 02:14:55.553293+00:00,0.0683,1.736,71.39,21.88,0.0983,2.498,0.598,1.024,61.0,58.5,0.19,0.151,2.758,3.124,3.621,3.908,0.0967,2.456,0.1391,3.533,0.165,0.262,rolamento_ball,2000.0
64629,2026-05-22 02:17:03.560713+00:00,0.0678,1.722,70.61,21.45,0.0951,2.417,0.626,0.979,58.5,58.5,0.191,0.144,2.877,2.852,3.709,3.636,0.0958,2.435,0.1346,3.419,0.168,0.269,rolamento_ball,2000.0
64661,2026-05-22 02:18:07.564715+00:00,0.0679,1.725,70.37,21.32,0.103,2.618,0.613,1.022,61.0,61.0,0.18,0.162,2.869,3.008,3.589,4.017,0.096,2.439,0.1457,3.702,0.17,0.254,rolamento_ball,2000.0
64673,2026-05-22 02:18:31.566253+00:00,0.0832,2.114,71.26,21.81,0.0962,2.445,0.572,0.936,9.7,61.0,0.171,0.131,2.856,3.116,3.438,3.671,0.1177,2.99,0.1361,3.458,0.166,0.254,rolamento_ball,2000.0
64695,2026-05-22 02:19:15.568778+00:00,0.0707,1.796,70.47,21.37,0.1214,3.083,0.624,0.838,61.0,61.0,0.141,0.148,2.761,2.888,3.675,3.256,0.1,2.54,0.1717,4.361,0.169,0.257,rolamento_ball,2000.0
64797,2026-05-22 02:22:39.580594+00:00,0.0681,1.729,70.47,21.37,0.0974,2.475,0.594,0.944,61.0,61.0,0.158,0.14,2.732,2.864,3.455,3.574,0.0963,2.446,0.1378,3.501,0.172,0.264,rolamento_ball,2000.0
64808,2026-05-22 02:23:01.581756+00:00,0.0713,1.812,70.37,21.32,0.0899,2.283,0.629,0.965,61.0,61.0,0.154,0.14,2.847,2.896,3.622,3.606,0.1009,2.563,0.1271,3.229,0.173,0.267,rolamento_ball,2000.0
64829,2026-05-22 02:23:43.584517+00:00,0.0693,1.762,70.42,21.34,0.0986,2.505,0.525,1.01,58.5,61.0,0.165,0.149,2.785,2.996,3.04,3.969,0.0981,2.492,0.1395,3.543,0.172,0.254,rolamento_ball,2000.0
64909,2026-05-22 02:26:23.594053+00:00,0.0709,1.8,70.51,21.39,0.1047,2.66,0.717,1.017,58.5,58.5,0.158,0.157,2.94,2.97,3.957,3.779,0.1002,2.546,0.1481,3.761,0.181,0.269,rolamento_ball,2000.0
64929,2026-05-22 02:27:03.595267+00:00,0.064,1.626,70.56,21.42,0.0967,2.457,0.685,0.959,61.0,61.0,0.185,0.15,2.865,3.133,3.944,3.728,0.0905,2.3,0.1368,3.475,0.173,0.257,rolamento_ball,2000.0
64933,2026-05-22 02:27:11.596811+00:00,0.0617,1.568,70.51,21.39,0.1027,2.61,0.622,0.995,61.0,61.0,0.137,0.14,2.79,3.08,3.699,3.728,0.0873,2.217,0.1453,3.691,0.168,0.267,rolamento_ball,2000.0
65062,2026-05-22 02:31:29.612115+00:00,0.0622,1.581,72.28,22.37,0.0932,2.369,0.587,1.083,61.0,61.0,0.17,0.147,2.748,2.971,3.296,3.908,0.088,2.237,0.1319,3.351,0.178,0.277,rolamento_ball,2000.0
65063,2026-05-22 02:31:31.612255+00:00,0.0755,1.918,70.74,21.52,0.1067,2.712,0.547,0.917,61.0,61.0,0.143,0.137,2.75,2.966,3.211,3.611,0.1067,2.712,0.151,3.836,0.17,0.254,rolamento_ball,2000.0
65066,2026-05-22 02:31:37.612629+00:00,0.0766,1.947,71.67,22.04,0.1024,2.602,0.593,1.012,61.0,61.0,0.174,0.145,2.746,2.891,3.375,3.778,0.1084,2.754,0.1449,3.68,0.175,0.268,rolamento_ball,2000.0
65075,2026-05-22 02:31:55.613717+00:00,0.0651,1.655,70.84,21.57,0.0983,2.498,0.596,0.984,61.0,61.0,0.155,0.16,2.782,2.869,3.53,3.854,0.0921,2.341,0.139,3.532,0.168,0.255,rolamento_ball,2000.0
65084,2026-05-22 02:32:13.614863+00:00,0.0842,2.138,72.28,22.37,0.0992,2.52,0.601,0.999,9.7,61.0,0.148,0.137,2.825,3.028,3.441,3.753,0.119,3.024,0.1403,3.564,0.174,0.266,rolamento_ball,2000.0
65139,2026-05-22 02:34:03.621369+00:00,0.0601,1.527,70.74,21.52,0.087,2.212,0.65,0.891,61.0,58.5,0.148,0.127,2.799,2.904,3.742,3.456,0.085,2.16,0.1231,3.128,0.173,0.257,rolamento_ball,2000.0
65196,2026-05-22 02:35:57.628108+00:00,0.0677,1.719,70.93,21.63,0.0984,2.501,0.535,0.894,61.0,61.0,0.187,0.145,2.746,2.871,3.125,3.368,0.0957,2.432,0.1392,3.537,0.171,0.265,rolamento_ball,2000.0
65218,2026-05-22 02:36:41.630878+00:00,0.0575,1.46,71.02,21.68,0.0938,2.383,0.663,0.849,61.0,61.0,0.141,0.125,2.822,2.861,3.777,3.327,0.0813,2.065,0.1327,3.371,0.175,0.255,rolamento_ball,2000.0
65226,2026-05-22 02:36:57.631845+00:00,0.0666,1.694,70.7,21.5,0.0953,2.422,0.686,0.988,58.5,61.0,0.151,0.144,2.964,3.064,3.898,3.685,0.0943,2.395,0.1348,3.425,0.176,0.268,rolamento_ball,2000.0
65238,2026-05-22 02:37:21.633245+00:00,0.0787,1.999,70.7,21.5,0.103,2.618,0.566,0.957,9.7,61.0,0.18,0.171,2.886,2.959,3.177,3.494,0.1113,2.828,0.1457,3.702,0.178,0.273,rolamento_ball,2000.0
65240,2026-05-22 02:37:25.632405+00:00,0.0762,1.936,70.65,21.47,0.0996,2.531,0.581,1.013,9.7,61.0,0.147,0.135,2.805,2.935,3.426,3.815,0.1077,2.737,0.1409,3.58,0.169,0.265,rolamento_ball,2000.0
65287,2026-05-22 02:38:59.639333+00:00,0.0663,1.685,71.63,22.01,0.0943,2.396,0.603,0.942,61.0,58.5,0.17,0.13,2.694,2.916,3.482,3.569,0.0938,2.383,0.1334,3.389,0.173,0.264,rolamento_ball,2000.0
65295,2026-05-22 02:39:15.640191+00:00,0.0749,1.903,70.65,21.47,0.1139,2.894,0.578,1.005,58.5,58.5,0.201,0.179,2.779,2.935,3.253,3.728,0.1059,2.692,0.1611,4.092,0.177,0.269,rolamento_ball,2000.0
65301,2026-05-22 02:39:27.640874+00:00,0.0679,1.725,71.86,22.14,0.1027,2.611,0.605,0.98,58.5,58.5,0.153,0.143,2.724,2.874,3.43,3.47,0.096,2.44,0.1453,3.692,0.176,0.282,rolamento_ball,2000.0
65305,2026-05-22 02:39:35.641429+00:00,0.0595,1.512,70.74,21.52,0.0924,2.348,0.557,1.084,61.0,61.0,0.131,0.128,2.829,2.935,3.259,3.975,0.0841,2.138,0.1307,3.321,0.171,0.272,rolamento_ball,2000.0
65321,2026-05-22 02:40:07.643303+00:00,0.074,1.881,70.7,21.5,0.1048,2.662,0.658,0.851,9.7,61.0,0.143,0.136,2.746,2.723,3.848,3.261,0.1047,2.66,0.1482,3.765,0.171,0.261,rolamento_ball,2000.0
65337,2026-05-22 02:40:39.645308+00:00,0.0641,1.628,70.65,21.47,0.1014,2.575,0.664,1.334,61.0,9.7,0.159,0.135,2.775,3.309,3.909,5.03,0.0906,2.303,0.1434,3.642,0.169,0.265,rolamento_ball,2000.0
65340,2026-05-22 02:40:45.644917+00:00,0.0738,1.874,70.74,21.52,0.0978,2.485,0.684,1.113,58.5,58.5,0.134,0.138,2.886,3.108,3.979,4.158,0.1043,2.651,0.1383,3.514,0.171,0.267,rolamento_ball,2000.0
65419,2026-05-22 02:43:23.655315+00:00,0.0649,1.649,70.65,21.47,0.0912,2.318,0.624,0.973,61.0,61.0,0.139,0.127,2.871,2.748,3.588,3.503,0.0918,2.332,0.1291,3.279,0.174,0.277,rolamento_ball,2000.0
65421,2026-05-22 02:43:27.655657+00:00,0.0674,1.714,72.09,22.27,0.0885,2.248,0.588,1.229,61.0,61.0,0.146,0.128,2.819,3.063,3.329,4.588,0.0954,2.424,0.1251,3.179,0.176,0.267,rolamento_ball,2000.0
65496,2026-05-22 02:45:57.664183+00:00,0.0784,1.992,71.44,21.91,0.0989,2.513,0.65,0.992,12.2,61.0,0.172,0.137,2.885,3.083,3.673,3.704,0.1109,2.818,0.1399,3.554,0.177,0.267,rolamento_ball,2000.0
65537,2026-05-22 02:47:19.669402+00:00,0.0688,1.748,71.77,22.09,0.0946,2.403,0.578,0.949,61.0,58.5,0.152,0.136,2.82,2.908,3.328,3.417,0.0973,2.472,0.1338,3.398,0.173,0.277,rolamento_ball,2000.0
65572,2026-05-22 04:36:09.801340+00:00,0.0582,1.479,71.02,21.68,0.0692,1.757,0.462,0.562,58.5,58.5,0.089,0.103,2.456,2.554,3.483,3.798,0.0824,2.093,0.0978,2.486,0.132,0.148,rolamento_ball,1000.0
65581,2026-05-22 04:36:27.802485+00:00,0.0549,1.395,69.73,20.96,0.0747,1.899,0.502,0.597,61.0,61.0,0.107,0.119,2.431,2.667,3.741,3.911,0.0776,1.973,0.1057,2.686,0.134,0.152,rolamento_ball,1000.0
65589,2026-05-22 04:36:43.803283+00:00,0.058,1.473,69.59,20.88,0.0841,2.137,0.429,0.54,61.0,58.5,0.11,0.132,2.431,2.551,3.198,3.609,0.082,2.084,0.119,3.022,0.134,0.149,rolamento_ball,1000.0
65655,2026-05-22 04:38:55.811000+00:00,0.0545,1.386,70.28,21.27,0.0829,2.107,0.562,0.509,61.0,58.5,0.108,0.123,2.522,2.523,4.098,3.332,0.0771,1.96,0.1173,2.981,0.137,0.152,rolamento_ball,1000.0
65685,2026-05-22 04:39:55.814741+00:00,0.0595,1.512,68.71,20.39,0.0833,2.116,0.461,0.591,61.0,58.5,0.106,0.125,2.383,2.635,3.409,3.925,0.0842,2.139,0.1178,2.992,0.135,0.15,rolamento_ball,1000.0
65732,2026-05-22 04:41:29.819903+00:00,0.06,1.524,68.94,20.52,0.0768,1.95,0.528,0.55,61.0,61.0,0.11,0.124,2.548,2.607,3.914,3.549,0.0848,2.156,0.1086,2.758,0.135,0.155,rolamento_ball,1000.0
65754,2026-05-22 04:42:13.822583+00:00,0.0569,1.445,69.08,20.6,0.0757,1.924,0.561,0.546,61.0,61.0,0.111,0.11,2.448,2.587,4.197,3.63,0.0804,2.044,0.1071,2.721,0.133,0.15,rolamento_ball,1000.0
65796,2026-05-22 04:43:37.827503+00:00,0.0545,1.386,69.4,20.78,0.0836,2.124,0.484,0.565,58.5,61.0,0.106,0.12,2.443,2.528,3.61,3.748,0.0771,1.96,0.1183,3.004,0.134,0.15,rolamento_ball,1000.0
65803,2026-05-22 04:43:51.828546+00:00,0.0557,1.416,70.7,21.5,0.0751,1.908,0.519,0.595,61.0,61.0,0.095,0.115,2.481,2.603,3.839,3.916,0.0788,2.003,0.1062,2.698,0.135,0.152,rolamento_ball,1000.0
65856,2026-05-22 04:45:37.833649+00:00,0.0576,1.463,70.0,21.11,0.0784,1.992,0.471,0.597,61.0,61.0,0.107,0.121,2.487,2.732,3.455,3.939,0.0814,2.069,0.1109,2.817,0.136,0.151,rolamento_ball,1000.0
65870,2026-05-22 04:46:05.836439+00:00,0.0705,1.791,69.63,20.9,0.081,2.058,0.532,0.535,58.5,61.0,0.128,0.146,2.499,2.526,3.914,3.513,0.0997,2.533,0.1146,2.91,0.135,0.152,rolamento_ball,1000.0
65889,2026-05-22 04:46:43.838545+00:00,0.0542,1.378,69.77,20.98,0.078,1.983,0.479,0.504,61.0,61.0,0.096,0.115,2.439,2.552,3.571,3.338,0.0767,1.948,0.1104,2.804,0.134,0.151,rolamento_ball,1000.0
65931,2026-05-22 04:48:07.843367+00:00,0.061,1.55,71.35,21.86,0.0817,2.077,0.446,0.563,61.0,61.0,0.108,0.109,2.542,2.613,3.295,3.666,0.0863,2.192,0.1156,2.937,0.135,0.153,rolamento_ball,1000.0
65939,2026-05-22 04:48:23.843142+00:00,0.0564,1.432,70.05,21.14,0.0816,2.074,0.458,0.52,61.0,61.0,0.097,0.113,2.487,2.576,3.353,3.468,0.0797,2.026,0.1155,2.933,0.136,0.15,rolamento_ball,1000.0
66059,2026-05-22 04:52:23.858554+00:00,0.0568,1.444,70.93,21.63,0.0781,1.984,0.45,0.567,61.0,58.5,0.102,0.123,2.484,2.534,3.393,3.735,0.0804,2.042,0.1104,2.806,0.132,0.151,rolamento_ball,1000.0
66073,2026-05-22 04:52:51.860147+00:00,0.0616,1.566,70.79,21.55,0.0804,2.043,0.476,0.564,61.0,61.0,0.11,0.125,2.448,2.663,3.572,3.655,0.0872,2.215,0.1137,2.89,0.133,0.154,rolamento_ball,1000.0
66084,2026-05-22 04:53:13.861285+00:00,0.0602,1.529,70.88,21.6,0.0833,2.117,0.453,0.531,61.0,61.0,0.126,0.147,2.37,2.522,3.374,3.546,0.0851,2.163,0.1179,2.994,0.134,0.149,rolamento_ball,1000.0
66090,2026-05-22 04:53:25.862099+00:00,0.0592,1.504,71.44,21.91,0.0845,2.148,0.455,0.514,61.0,61.0,0.094,0.113,2.427,2.563,3.409,3.396,0.0837,2.128,0.1196,3.038,0.133,0.151,rolamento_ball,1000.0
66131,2026-05-22 04:54:47.866884+00:00,0.0561,1.425,71.02,21.68,0.0859,2.184,0.472,0.597,61.0,58.5,0.11,0.126,2.485,2.686,3.525,3.845,0.0793,2.016,0.1216,3.089,0.133,0.155,rolamento_ball,1000.0
66136,2026-05-22 04:54:57.867616+00:00,0.0568,1.443,71.07,21.7,0.0788,2.003,0.483,0.544,58.5,61.0,0.108,0.128,2.485,2.602,3.578,3.627,0.0803,2.04,0.1115,2.832,0.135,0.149,rolamento_ball,1000.0
66168,2026-05-22 04:56:01.871165+00:00,0.0582,1.479,71.39,21.88,0.0765,1.943,0.421,0.517,61.0,61.0,0.096,0.108,2.505,2.647,3.18,3.393,0.0823,2.092,0.1082,2.748,0.132,0.152,rolamento_ball,1000.0
66183,2026-05-22 04:56:31.872868+00:00,0.0593,1.506,72.65,22.58,0.079,2.007,0.465,0.521,61.0,61.0,0.102,0.116,2.462,2.549,3.491,3.39,0.0839,2.131,0.1117,2.838,0.133,0.153,rolamento_ball,1000.0
66197,2026-05-22 04:56:59.874553+00:00,0.0554,1.409,72.93,22.74,0.089,2.262,0.492,0.547,61.0,61.0,0.109,0.133,2.445,2.553,3.674,3.59,0.0784,1.992,0.1259,3.199,0.134,0.152,rolamento_ball,1000.0
66198,2026-05-22 04:57:01.874551+00:00,0.0587,1.492,72.14,22.3,0.0843,2.142,0.53,0.612,61.0,61.0,0.12,0.141,2.396,2.643,4.004,3.976,0.083,2.11,0.1192,3.029,0.132,0.153,rolamento_ball,1000.0
66218,2026-05-22 04:57:41.877095+00:00,0.0603,1.532,71.49,21.94,0.0764,1.942,0.503,0.619,58.5,61.0,0.115,0.125,2.435,2.72,3.74,3.944,0.0853,2.167,0.1081,2.746,0.134,0.157,rolamento_ball,1000.0
66220,2026-05-22 04:57:45.877245+00:00,0.0559,1.421,71.44,21.91,0.0917,2.331,0.445,0.606,61.0,61.0,0.109,0.137,2.473,2.645,3.239,3.889,0.0791,2.01,0.1298,3.296,0.137,0.155,rolamento_ball,1000.0
66254,2026-05-22 04:58:53.881370+00:00,0.0567,1.441,73.16,22.87,0.0769,1.954,0.464,0.573,61.0,58.5,0.113,0.132,2.381,2.569,3.43,3.742,0.0802,2.038,0.1088,2.764,0.135,0.153,rolamento_ball,1000.0
66281,2026-05-22 04:59:47.883088+00:00,0.0603,1.532,71.95,22.19,0.0819,2.082,0.421,0.728,58.5,61.0,0.113,0.123,2.445,2.739,3.175,4.718,0.0853,2.167,0.1159,2.944,0.132,0.154,rolamento_ball,1000.0
66283,2026-05-22 04:59:51.884927+00:00,0.0565,1.435,71.95,22.19,0.0768,1.952,0.525,0.687,61.0,61.0,0.094,0.109,2.419,2.679,3.975,4.545,0.0799,2.03,0.1087,2.761,0.132,0.151,rolamento_ball,1000.0
66301,2026-05-22 05:00:27.887070+00:00,0.0562,1.429,72.32,22.4,0.0753,1.913,0.491,0.586,61.0,61.0,0.124,0.127,2.431,2.7,3.691,3.851,0.0796,2.022,0.1065,2.705,0.133,0.152,rolamento_ball,1000.0
66328,2026-05-22 05:01:21.890361+00:00,0.0563,1.43,73.63,23.13,0.0747,1.899,0.493,0.669,61.0,61.0,0.097,0.113,2.458,2.748,3.727,4.487,0.0796,2.023,0.1057,2.685,0.132,0.149,rolamento_ball,1000.0
66350,2026-05-22 05:02:05.892823+00:00,0.0555,1.412,72.0,22.22,0.0737,1.873,0.38,0.563,61.0,61.0,0.094,0.111,2.417,2.679,2.907,3.714,0.0786,1.996,0.1043,2.649,0.131,0.151,rolamento_ball,1000.0
66433,2026-05-22 05:04:51.903131+00:00,0.0594,1.51,72.23,22.35,0.0803,2.04,0.529,0.545,61.0,61.0,0.122,0.122,2.478,2.679,3.938,3.47,0.0841,2.136,0.1136,2.886,0.134,0.157,rolamento_ball,1000.0
66440,2026-05-22 05:05:05.904269+00:00,0.0565,1.436,73.72,23.18,0.0844,2.145,0.529,0.575,61.0,61.0,0.106,0.112,2.536,2.736,3.95,3.791,0.08,2.032,0.1194,3.034,0.133,0.151,rolamento_ball,1000.0
66533,2026-05-22 05:08:11.915219+00:00,0.0519,1.318,72.98,22.76,0.0787,2.0,0.452,0.601,61.0,61.0,0.088,0.107,2.408,2.629,3.385,3.984,0.0734,1.864,0.1113,2.829,0.133,0.15,rolamento_ball,1000.0
66557,2026-05-22 05:09:33.426031+00:00,0.0651,1.654,72.42,22.45,0.0979,2.488,0.649,0.983,58.5,58.5,0.172,0.139,2.844,2.884,3.624,3.521,0.0921,2.339,0.1385,3.518,0.179,0.279,rolamento_inner,2000.0
66567,2026-05-22 05:09:53.427322+00:00,0.0666,1.693,71.91,22.17,0.0854,2.17,0.744,1.128,58.5,58.5,0.182,0.135,2.971,2.959,4.205,4.089,0.0942,2.394,0.1208,3.069,0.177,0.276,rolamento_inner,2000.0
66617,2026-05-22 05:11:33.429713+00:00,0.0679,1.726,71.49,21.94,0.0944,2.399,0.798,0.991,58.5,58.5,0.205,0.154,2.91,2.934,4.418,3.461,0.0961,2.442,0.1336,3.393,0.18,0.286,rolamento_inner,2000.0
66645,2026-05-22 05:12:29.436307+00:00,0.0707,1.796,72.65,22.58,0.1026,2.606,0.672,1.009,58.5,61.0,0.173,0.171,2.814,2.948,3.71,3.47,0.1,2.54,0.1451,3.686,0.181,0.29,rolamento_inner,2000.0
66657,2026-05-22 05:12:53.437883+00:00,0.0686,1.743,71.67,22.04,0.0842,2.141,0.616,1.068,9.7,61.0,0.187,0.134,2.832,3.093,3.367,4.033,0.097,2.465,0.1192,3.027,0.183,0.264,rolamento_inner,2000.0
66723,2026-05-22 05:15:05.445351+00:00,0.0696,1.769,72.19,22.32,0.0918,2.333,0.613,1.052,61.0,61.0,0.178,0.143,2.828,2.987,3.39,3.818,0.0985,2.502,0.1299,3.3,0.18,0.275,rolamento_inner,2000.0
66758,2026-05-22 05:16:15.449648+00:00,0.0728,1.849,71.44,21.91,0.0922,2.343,0.743,1.107,9.7,61.0,0.156,0.139,2.847,2.951,4.07,3.806,0.1029,2.615,0.1304,3.314,0.182,0.291,rolamento_inner,2000.0
66814,2026-05-22 05:18:07.456118+00:00,0.0625,1.589,71.58,21.99,0.1095,2.781,0.634,0.971,58.5,9.7,0.18,0.148,2.725,3.014,3.521,3.546,0.0885,2.248,0.1548,3.933,0.18,0.274,rolamento_inner,2000.0
66830,2026-05-22 05:18:39.458090+00:00,0.0579,1.47,73.35,22.97,0.0867,2.204,0.643,0.971,61.0,61.0,0.138,0.145,2.949,2.86,3.682,3.601,0.0818,2.08,0.1227,3.117,0.174,0.269,rolamento_inner,2000.0
66960,2026-05-22 05:22:59.471755+00:00,0.0566,1.439,71.77,22.09,0.0877,2.228,0.717,1.018,61.0,61.0,0.158,0.139,2.808,3.041,4.064,3.713,0.0801,2.035,0.124,3.15,0.176,0.274,rolamento_inner,2000.0
66995,2026-05-22 05:24:09.477766+00:00,0.0701,1.781,72.19,22.32,0.1026,2.608,0.689,1.107,61.0,61.0,0.198,0.183,2.858,2.927,3.752,3.807,0.0992,2.519,0.1452,3.688,0.183,0.29,rolamento_inner,2000.0
67025,2026-05-22 05:25:09.481220+00:00,0.0775,1.968,71.86,22.14,0.0841,2.137,0.633,0.919,9.7,61.0,0.193,0.137,2.811,2.973,3.494,3.399,0.1096,2.784,0.119,3.023,0.181,0.27,rolamento_inner,2000.0
67026,2026-05-22 05:25:11.481390+00:00,0.0775,1.968,71.81,22.12,0.0841,2.137,0.633,0.919,9.7,61.0,0.193,0.137,2.811,2.973,3.494,3.399,0.1096,2.784,0.119,3.023,0.181,0.27,rolamento_inner,2000.0
67090,2026-05-22 05:27:19.489165+00:00,0.0734,1.866,72.28,22.37,0.0921,2.341,0.687,1.144,58.5,58.5,0.182,0.154,2.85,3.087,3.747,4.042,0.1039,2.639,0.1303,3.311,0.183,0.283,rolamento_inner,2000.0
67096,2026-05-22 05:27:31.490071+00:00,0.0727,1.847,73.3,22.94,0.0922,2.343,0.64,1.228,9.7,61.0,0.175,0.138,2.782,2.896,3.665,4.37,0.1028,2.612,0.1304,3.314,0.174,0.281,rolamento_inner,2000.0
67128,2026-05-22 05:28:35.493696+00:00,0.066,1.677,72.14,22.3,0.1025,2.605,0.734,1.021,61.0,61.0,0.196,0.154,2.824,2.834,4.154,3.448,0.0934,2.372,0.145,3.684,0.176,0.296,rolamento_inner,2000.0
67161,2026-05-22 05:29:41.497922+00:00,0.0612,1.555,73.16,22.87,0.0927,2.354,0.63,1.0,61.0,61.0,0.142,0.132,2.824,2.755,3.601,3.553,0.0866,2.2,0.1311,3.33,0.175,0.281,rolamento_inner,2000.0
67173,2026-05-22 05:30:05.499100+00:00,0.062,1.575,72.19,22.32,0.0891,2.264,0.616,0.996,61.0,61.0,0.169,0.152,2.957,2.922,3.341,3.566,0.0877,2.228,0.126,3.202,0.184,0.279,rolamento_inner,2000.0
67191,2026-05-22 05:30:41.501467+00:00,0.0584,1.484,72.0,22.22,0.0998,2.534,0.615,0.96,61.0,61.0,0.168,0.136,2.773,2.833,3.314,3.366,0.0826,2.099,0.1411,3.584,0.185,0.285,rolamento_inner,2000.0
67207,2026-05-22 05:31:13.503347+00:00,0.0684,1.737,72.09,22.27,0.0977,2.482,0.601,0.983,61.0,58.5,0.17,0.149,2.777,2.753,3.329,3.413,0.0967,2.457,0.1381,3.51,0.18,0.288,rolamento_inner,2000.0
67211,2026-05-22 05:31:21.503754+00:00,0.0707,1.797,72.09,22.27,0.1076,2.735,0.607,0.944,58.5,58.5,0.174,0.156,2.859,2.87,3.432,3.454,0.1,2.541,0.1522,3.868,0.176,0.273,rolamento_inner,2000.0
67218,2026-05-22 05:31:35.504715+00:00,0.0572,1.454,72.09,22.27,0.1,2.542,0.652,1.031,61.0,61.0,0.138,0.143,2.811,2.855,3.623,3.614,0.0809,2.056,0.1415,3.595,0.179,0.285,rolamento_inner,2000.0
67233,2026-05-22 05:32:05.506335+00:00,0.0694,1.764,72.42,22.45,0.0926,2.352,0.631,0.958,61.0,61.0,0.158,0.126,2.879,2.804,3.552,3.405,0.0982,2.495,0.1309,3.327,0.177,0.281,rolamento_inner,2000.0
67280,2026-05-22 05:33:39.512074+00:00,0.0584,1.484,72.23,22.35,0.0951,2.415,0.643,1.092,61.0,61.0,0.136,0.135,2.809,2.996,3.46,3.851,0.0826,2.099,0.1344,3.416,0.185,0.283,rolamento_inner,2000.0
67395,2026-05-22 05:37:29.525720+00:00,0.0685,1.74,72.42,22.45,0.0871,2.214,0.744,0.98,58.5,61.0,0.181,0.14,2.908,3.019,4.054,3.46,0.0969,2.461,0.1232,3.131,0.183,0.283,rolamento_inner,2000.0
67425,2026-05-22 05:38:29.529244+00:00,0.0729,1.853,72.65,22.58,0.0956,2.43,0.641,1.154,58.5,58.5,0.167,0.146,2.841,2.986,3.534,3.915,0.1032,2.621,0.1353,3.437,0.181,0.294,rolamento_inner,2000.0
67520,2026-05-22 05:41:39.540550+00:00,0.0601,1.526,72.42,22.45,0.0769,1.954,0.714,1.005,61.0,61.0,0.131,0.128,2.87,2.899,4.033,3.669,0.085,2.159,0.1088,2.764,0.177,0.274,rolamento_inner,2000.0
67528,2026-05-22 05:41:55.541617+00:00,0.071,1.804,72.37,22.43,0.0936,2.378,0.764,1.118,61.0,58.5,0.172,0.163,2.853,2.854,4.097,3.925,0.1004,2.551,0.1324,3.363,0.186,0.284,rolamento_inner,2000.0
67546,2026-05-22 05:47:39.169693+00:00,0.058,1.475,72.98,22.76,0.1323,3.362,0.457,0.557,58.5,56.1,0.079,0.134,2.451,2.621,3.549,4.012,0.0821,2.086,0.1872,4.755,0.128,0.139,rolamento_inner,500.0
67590,2026-05-22 05:49:07.174847+00:00,0.0562,1.428,74.56,23.64,0.1114,2.831,0.518,0.545,61.0,56.1,0.085,0.124,2.457,2.656,4.084,3.925,0.0795,2.02,0.1576,4.004,0.126,0.138,rolamento_inner,500.0
67594,2026-05-22 05:49:15.175385+00:00,0.0563,1.431,74.56,23.64,0.1107,2.812,0.438,0.586,61.0,56.1,0.081,0.124,2.363,2.442,3.458,4.282,0.0797,2.024,0.1566,3.977,0.126,0.136,rolamento_inner,500.0
67622,2026-05-22 05:50:11.178470+00:00,0.0519,1.319,75.55,24.19,0.1131,2.872,0.459,0.448,61.0,56.1,0.077,0.119,2.356,2.509,3.601,3.259,0.0734,1.865,0.1599,4.062,0.127,0.137,rolamento_inner,500.0
67694,2026-05-22 05:52:35.186863+00:00,0.0584,1.484,76.39,24.66,0.1171,2.975,0.46,0.602,58.5,56.1,0.079,0.131,2.412,2.65,3.695,4.378,0.0826,2.099,0.1656,4.207,0.124,0.137,rolamento_inner,500.0
67704,2026-05-22 05:52:55.187965+00:00,0.0556,1.414,76.68,24.82,0.1194,3.033,0.425,0.555,58.5,56.1,0.076,0.128,2.337,2.582,3.412,4.025,0.0787,2.0,0.1689,4.29,0.124,0.138,rolamento_inner,500.0
67720,2026-05-22 05:53:27.189817+00:00,0.0599,1.522,77.76,25.42,0.1096,2.785,0.407,0.47,58.5,56.1,0.08,0.124,2.372,2.505,3.214,3.494,0.0847,2.153,0.155,3.938,0.126,0.134,rolamento_inner,500.0
67725,2026-05-22 05:53:37.190409+00:00,0.0565,1.435,76.72,24.84,0.1062,2.699,0.455,0.532,58.5,56.1,0.08,0.116,2.319,2.489,3.698,3.908,0.0799,2.029,0.1502,3.817,0.123,0.136,rolamento_inner,500.0
67744,2026-05-22 05:54:15.192507+00:00,0.0573,1.457,76.77,24.87,0.122,3.1,0.375,0.464,61.0,56.1,0.078,0.128,2.302,2.513,3.053,3.428,0.0811,2.06,0.1726,4.385,0.122,0.135,rolamento_inner,500.0
67757,2026-05-22 05:54:41.194141+00:00,0.0504,1.28,76.82,24.9,0.1067,2.71,0.442,0.517,61.0,53.7,0.076,0.12,2.285,2.459,3.574,3.866,0.0712,1.81,0.1509,3.833,0.123,0.133,rolamento_inner,500.0
67887,2026-05-22 05:59:01.209261+00:00,0.055,1.397,77.52,25.29,0.1039,2.639,0.526,0.521,61.0,53.7,0.082,0.124,2.518,2.647,4.218,3.83,0.0777,1.975,0.1469,3.733,0.124,0.136,rolamento_inner,500.0
67896,2026-05-22 05:59:19.210316+00:00,0.0528,1.341,77.43,25.24,0.1047,2.661,0.392,0.485,61.0,56.1,0.073,0.114,2.317,2.472,3.156,3.602,0.0747,1.897,0.1482,3.764,0.124,0.134,rolamento_inner,500.0
67993,2026-05-22 06:02:33.222004+00:00,0.0534,1.358,77.52,25.29,0.1051,2.67,0.561,0.505,61.0,56.1,0.08,0.119,2.503,2.589,4.428,3.66,0.0756,1.921,0.1487,3.777,0.126,0.138,rolamento_inner,500.0
67996,2026-05-22 06:02:39.222347+00:00,0.0533,1.355,78.09,25.6,0.1029,2.614,0.497,0.52,61.0,56.1,0.073,0.117,2.417,2.609,4.007,3.857,0.0754,1.916,0.1455,3.698,0.124,0.134,rolamento_inner,500.0
68003,2026-05-22 06:02:53.223157+00:00,0.0516,1.313,77.38,25.21,0.1013,2.575,0.467,0.519,61.0,53.7,0.078,0.116,2.355,2.471,3.766,3.852,0.0731,1.856,0.1433,3.641,0.124,0.134,rolamento_inner,500.0
68010,2026-05-22 06:03:07.223777+00:00,0.0569,1.447,77.62,25.34,0.1061,2.695,0.507,0.549,61.0,56.1,0.082,0.12,2.473,2.504,4.031,3.991,0.0805,2.047,0.15,3.811,0.126,0.137,rolamento_inner,500.0
68049,2026-05-22 06:04:25.228803+00:00,0.0622,1.58,78.52,25.84,0.1085,2.756,0.475,0.52,61.0,56.1,0.077,0.123,2.439,2.603,3.832,3.82,0.0879,2.235,0.1534,3.898,0.124,0.136,rolamento_inner,500.0
68053,2026-05-22 06:04:33.228989+00:00,0.0531,1.35,78.99,26.1,0.1056,2.683,0.473,0.537,61.0,53.7,0.075,0.122,2.438,2.552,3.766,3.959,0.0751,1.909,0.1494,3.795,0.125,0.135,rolamento_inner,500.0
68119,2026-05-22 06:06:45.236633+00:00,0.056,1.423,78.89,26.05,0.1119,2.843,0.403,0.457,58.5,56.1,0.083,0.122,2.274,2.425,3.278,3.423,0.0792,2.013,0.1583,4.02,0.123,0.133,rolamento_inner,500.0
68134,2026-05-22 06:07:15.238683+00:00,0.0573,1.457,77.81,25.45,0.1083,2.753,0.458,0.456,61.0,56.1,0.082,0.12,2.349,2.474,3.624,3.361,0.0811,2.061,0.1532,3.893,0.126,0.135,rolamento_inner,500.0
68135,2026-05-22 06:07:17.238624+00:00,0.0598,1.519,77.66,25.37,0.1138,2.89,0.435,0.459,58.5,56.1,0.083,0.128,2.307,2.548,3.517,3.349,0.0846,2.149,0.1609,4.088,0.123,0.137,rolamento_inner,500.0
68159,2026-05-22 06:08:05.241314+00:00,0.0598,1.519,78.99,26.1,0.1154,2.931,0.498,0.567,58.5,56.1,0.076,0.126,2.335,2.665,4.014,4.15,0.0845,2.148,0.1632,4.146,0.124,0.136,rolamento_inner,500.0
68206,2026-05-22 06:09:39.244778+00:00,0.0543,1.381,77.81,25.45,0.1045,2.656,0.526,0.512,61.0,53.7,0.08,0.116,2.398,2.631,4.222,3.784,0.0768,1.953,0.1479,3.756,0.124,0.135,rolamento_inner,500.0
68227,2026-05-22 06:10:21.249331+00:00,0.0579,1.471,78.52,25.84,0.1054,2.677,0.432,0.549,61.0,53.7,0.077,0.117,2.355,2.61,3.558,4.068,0.0819,2.08,0.149,3.786,0.121,0.135,rolamento_inner,500.0
68261,2026-05-22 06:11:29.253241+00:00,0.0543,1.38,78.28,25.71,0.1232,3.13,0.447,0.557,61.0,56.1,0.079,0.129,2.29,2.685,3.655,4.093,0.0768,1.952,0.1742,4.426,0.122,0.136,rolamento_inner,500.0
68310,2026-05-22 06:13:07.258927+00:00,0.0589,1.496,77.85,25.47,0.1087,2.761,0.527,0.48,58.5,56.1,0.079,0.127,2.403,2.441,4.287,3.586,0.0833,2.116,0.1537,3.904,0.122,0.134,rolamento_inner,500.0
68417,2026-05-22 06:16:41.271753+00:00,0.0501,1.274,78.23,25.68,0.1013,2.575,0.457,0.497,61.0,56.1,0.071,0.116,2.438,2.537,3.703,3.645,0.0709,1.802,0.1433,3.642,0.123,0.136,rolamento_inner,500.0
68423,2026-05-22 06:16:53.272399+00:00,0.0564,1.433,77.71,25.39,0.1095,2.782,0.517,0.413,61.0,56.1,0.082,0.128,2.417,2.464,4.136,3.064,0.0798,2.027,0.1549,3.934,0.125,0.135,rolamento_inner,500.0
68430,2026-05-22 06:17:07.273290+00:00,0.0565,1.435,77.71,25.39,0.1182,3.002,0.421,0.536,58.5,56.1,0.08,0.129,2.343,2.577,3.415,3.949,0.0799,2.029,0.1671,4.246,0.123,0.135,rolamento_inner,500.0
68472,2026-05-22 06:18:31.278238+00:00,0.0592,1.504,78.99,26.1,0.1099,2.792,0.499,0.489,61.0,56.1,0.091,0.127,2.465,2.541,4.01,3.618,0.0837,2.127,0.1554,3.949,0.124,0.135,rolamento_inner,500.0
68490,2026-05-22 06:19:07.280154+00:00,0.059,1.498,78.0,25.55,0.1197,3.042,0.421,0.478,58.5,56.1,0.08,0.123,2.323,2.48,3.365,3.49,0.0834,2.119,0.1693,4.302,0.125,0.136,rolamento_inner,500.0
68525,2026-05-22 06:20:17.284320+00:00,0.0553,1.406,78.47,25.81,0.1044,2.654,0.485,0.481,61.0,56.1,0.078,0.12,2.42,2.559,3.917,3.552,0.0783,1.989,0.1477,3.753,0.123,0.135,rolamento_inner,500.0
68526,2026-05-22 06:20:19.284558+00:00,0.0531,1.349,78.47,25.81,0.1067,2.71,0.462,0.615,61.0,56.1,0.079,0.121,2.343,2.613,3.68,4.486,0.0751,1.908,0.1509,3.833,0.125,0.137,rolamento_inner,500.0
68544,2026-05-22 06:45:22.744340+00:00,0.0585,1.488,78.42,25.79,0.0958,2.435,0.475,0.51,61.0,61.0,0.08,0.11,2.392,2.523,3.871,3.827,0.0828,2.104,0.1355,3.444,0.122,0.133,rolamento_inner,500.0
68560,2026-05-22 06:45:54.746276+00:00,0.0566,1.439,77.71,25.39,0.0865,2.198,0.529,0.521,61.0,61.0,0.072,0.105,2.529,2.505,4.166,3.831,0.0801,2.036,0.1223,3.108,0.127,0.136,rolamento_inner,500.0
68569,2026-05-22 06:46:12.747272+00:00,0.053,1.348,78.33,25.73,0.0941,2.391,0.38,0.497,61.0,56.1,0.075,0.108,2.367,2.503,3.052,3.677,0.075,1.906,0.1331,3.382,0.124,0.135,rolamento_inner,500.0
68582,2026-05-22 06:46:38.748659+00:00,0.0523,1.328,78.52,25.84,0.1064,2.704,0.582,0.608,61.0,58.5,0.075,0.114,2.567,2.651,4.614,4.405,0.0739,1.879,0.1505,3.825,0.126,0.138,rolamento_inner,500.0
68679,2026-05-22 06:49:52.760066+00:00,0.0578,1.468,76.63,24.79,0.0935,2.376,0.584,0.534,61.0,53.7,0.074,0.112,2.566,2.596,4.636,3.912,0.0817,2.077,0.1323,3.36,0.125,0.136,rolamento_inner,500.0
68715,2026-05-22 06:51:04.764282+00:00,0.0507,1.288,75.69,24.27,0.0943,2.397,0.471,0.557,61.0,56.1,0.071,0.107,2.395,2.688,3.653,4.0,0.0717,1.822,0.1334,3.39,0.129,0.139,rolamento_inner,500.0
68753,2026-05-22 06:52:20.768588+00:00,0.0507,1.288,75.55,24.19,0.1039,2.641,0.484,0.654,61.0,56.1,0.079,0.117,2.312,2.595,3.831,4.765,0.0717,1.821,0.147,3.735,0.126,0.137,rolamento_inner,500.0
68765,2026-05-22 06:52:44.770052+00:00,0.0651,1.654,75.5,24.16,0.1021,2.594,0.459,0.533,9.7,56.1,0.075,0.115,2.425,2.627,3.611,3.85,0.0921,2.339,0.1444,3.668,0.127,0.138,rolamento_inner,500.0
68772,2026-05-22 06:52:58.770957+00:00,0.0566,1.438,76.3,24.61,0.1059,2.69,0.533,0.484,58.5,56.1,0.076,0.113,2.495,2.538,4.198,3.502,0.08,2.034,0.1498,3.805,0.127,0.138,rolamento_inner,500.0
68830,2026-05-22 06:54:54.774996+00:00,0.0581,1.477,75.5,24.16,0.096,2.438,0.477,0.532,61.0,53.7,0.08,0.107,2.388,2.661,3.792,3.886,0.0822,2.09,0.1357,3.448,0.125,0.136,rolamento_inner,500.0
68854,2026-05-22 06:55:42.781816+00:00,0.0576,1.463,76.49,24.71,0.1013,2.573,0.571,0.635,61.0,56.1,0.079,0.119,2.409,2.774,4.506,4.568,0.0814,2.069,0.1433,3.639,0.126,0.139,rolamento_inner,500.0
68894,2026-05-22 06:57:02.787176+00:00,0.0604,1.535,75.5,24.16,0.0982,2.496,0.521,0.544,61.0,53.7,0.075,0.109,2.446,2.623,4.098,3.917,0.0855,2.171,0.139,3.53,0.127,0.139,rolamento_inner,500.0
68903,2026-05-22 06:57:20.788294+00:00,0.0504,1.281,75.45,24.14,0.0953,2.422,0.545,0.643,61.0,53.7,0.078,0.112,2.434,2.658,4.301,4.629,0.0713,1.812,0.1348,3.425,0.126,0.139,rolamento_inner,500.0
68973,2026-05-22 06:59:40.796804+00:00,0.0541,1.375,75.64,24.24,0.1001,2.544,0.384,0.482,61.0,61.0,0.081,0.112,2.281,2.442,3.099,3.556,0.0766,1.945,0.1416,3.598,0.124,0.135,rolamento_inner,500.0
68986,2026-05-22 07:00:06.796612+00:00,0.0591,1.502,75.74,24.3,0.1056,2.682,0.563,0.428,58.5,56.1,0.077,0.12,2.587,2.497,4.453,3.145,0.0836,2.124,0.1493,3.793,0.126,0.136,rolamento_inner,500.0
69048,2026-05-22 07:02:10.805925+00:00,0.0612,1.556,76.3,24.61,0.0984,2.499,0.538,0.607,61.0,56.1,0.072,0.116,2.485,2.676,4.244,4.362,0.0866,2.201,0.1391,3.535,0.126,0.139,rolamento_inner,500.0
69133,2026-05-22 07:05:00.818221+00:00,0.0559,1.421,76.02,24.45,0.1103,2.801,0.415,0.491,61.0,56.1,0.083,0.125,2.354,2.412,3.26,3.593,0.0791,2.01,0.1559,3.962,0.127,0.136,rolamento_inner,500.0
69142,2026-05-22 07:05:18.819265+00:00,0.0558,1.417,76.35,24.63,0.0991,2.519,0.542,0.518,61.0,61.0,0.077,0.115,2.43,2.621,4.349,3.706,0.0789,2.004,0.1402,3.563,0.124,0.139,rolamento_inner,500.0
69152,2026-05-22 07:05:38.820359+00:00,0.0492,1.249,76.02,24.45,0.1006,2.556,0.503,0.532,61.0,56.1,0.075,0.111,2.414,2.79,3.981,3.785,0.0695,1.767,0.1423,3.614,0.126,0.14,rolamento_inner,500.0
69181,2026-05-22 07:06:36.823982+00:00,0.0574,1.459,76.06,24.48,0.1023,2.6,0.444,0.51,58.5,56.1,0.079,0.121,2.444,2.369,3.53,3.789,0.0812,2.064,0.1447,3.677,0.125,0.134,rolamento_inner,500.0
69259,2026-05-22 07:09:12.833184+00:00,0.0556,1.413,76.25,24.58,0.0957,2.432,0.535,0.632,61.0,53.7,0.073,0.113,2.517,2.773,4.242,4.588,0.0787,1.999,0.1354,3.44,0.126,0.137,rolamento_inner,500.0
69295,2026-05-22 07:10:24.837310+00:00,0.0521,1.324,76.35,24.63,0.0995,2.528,0.364,0.569,61.0,53.7,0.076,0.114,2.284,2.514,2.936,4.195,0.0737,1.872,0.1408,3.576,0.124,0.135,rolamento_inner,500.0
69365,2026-05-22 07:12:44.845650+00:00,0.0574,1.458,76.53,24.74,0.1156,2.938,0.442,0.479,58.5,56.1,0.085,0.126,2.358,2.553,3.511,3.519,0.0811,2.062,0.1636,4.155,0.125,0.136,rolamento_inner,500.0
69383,2026-05-22 07:13:20.848011+00:00,0.0564,1.433,76.58,24.77,0.0993,2.524,0.426,0.556,61.0,53.7,0.078,0.116,2.393,2.608,3.364,4.063,0.0798,2.027,0.1405,3.57,0.126,0.137,rolamento_inner,500.0
69472,2026-05-22 07:16:18.857673+00:00,0.0566,1.438,76.68,24.82,0.1097,2.787,0.545,0.557,58.5,56.1,0.078,0.122,2.426,2.592,4.28,3.978,0.08,2.034,0.1551,3.941,0.127,0.14,rolamento_inner,500.0
69484,2026-05-22 07:16:42.859815+00:00,0.0612,1.555,76.68,24.82,0.1087,2.762,0.486,0.5,58.5,56.1,0.081,0.124,2.366,2.534,3.846,3.675,0.0865,2.199,0.1538,3.907,0.126,0.136,rolamento_inner,500.0
69527,2026-05-22 07:18:08.865347+00:00,0.057,1.45,76.77,24.87,0.1053,2.675,0.442,0.584,58.5,56.1,0.078,0.117,2.391,2.603,3.552,4.255,0.0807,2.05,0.1489,3.783,0.124,0.137,rolamento_inner,500.0
69564,2026-05-22 07:23:33.498711+00:00,0.0525,1.334,76.35,24.63,0.0814,2.067,0.559,0.623,61.0,61.0,0.109,0.117,2.73,2.76,4.189,3.991,0.0743,1.887,0.1151,2.924,0.133,0.156,rolamento_inner,1000.0
69603,2026-05-22 07:24:51.503308+00:00,0.0566,1.439,75.74,24.3,0.0806,2.047,0.535,0.584,61.0,61.0,0.11,0.117,2.491,2.669,3.924,3.718,0.0801,2.035,0.1139,2.895,0.136,0.157,rolamento_inner,1000.0
69605,2026-05-22 07:24:55.503600+00:00,0.0593,1.506,75.55,24.19,0.0736,1.869,0.492,0.524,58.5,61.0,0.104,0.119,2.589,2.717,3.669,3.331,0.0838,2.131,0.1041,2.644,0.134,0.157,rolamento_inner,1000.0
69761,2026-05-22 07:30:07.521817+00:00,0.0559,1.421,74.89,23.83,0.0717,1.823,0.538,0.59,61.0,61.0,0.105,0.106,2.611,2.777,3.989,3.784,0.0791,2.009,0.1015,2.578,0.135,0.156,rolamento_inner,1000.0
69776,2026-05-22 07:30:37.523596+00:00,0.0522,1.327,74.47,23.59,0.0787,1.999,0.514,0.631,61.0,61.0,0.108,0.113,2.551,2.768,3.842,4.002,0.0739,1.877,0.1113,2.827,0.133,0.157,rolamento_inner,1000.0
69818,2026-05-22 07:32:01.528887+00:00,0.0537,1.364,74.42,23.57,0.0754,1.917,0.575,0.558,61.0,61.0,0.108,0.109,2.577,2.654,4.204,3.497,0.0759,1.929,0.1067,2.711,0.136,0.159,rolamento_inner,1000.0
69822,2026-05-22 07:32:09.529395+00:00,0.0572,1.454,74.61,23.67,0.0807,2.052,0.518,0.535,58.5,61.0,0.102,0.114,2.468,2.716,3.882,3.425,0.081,2.057,0.1142,2.902,0.133,0.156,rolamento_inner,1000.0
69850,2026-05-22 07:33:05.532758+00:00,0.0553,1.406,74.42,23.57,0.0829,2.107,0.476,0.682,61.0,61.0,0.103,0.11,2.59,2.932,3.456,4.305,0.0783,1.989,0.1173,2.98,0.137,0.158,rolamento_inner,1000.0
69991,2026-05-22 07:37:47.549245+00:00,0.0567,1.44,74.52,23.62,0.0793,2.014,0.462,0.615,61.0,61.0,0.098,0.117,2.479,2.714,3.444,3.868,0.0801,2.036,0.1121,2.848,0.134,0.158,rolamento_inner,1000.0
70032,2026-05-22 07:39:09.554148+00:00,0.0585,1.488,75.45,24.14,0.0721,1.833,0.45,0.505,61.0,61.0,0.101,0.109,2.532,2.764,3.379,3.251,0.0828,2.104,0.102,2.593,0.133,0.155,rolamento_inner,1000.0
70047,2026-05-22 07:39:39.555841+00:00,0.0544,1.383,74.33,23.51,0.0811,2.062,0.536,0.58,61.0,61.0,0.117,0.12,2.578,2.79,3.955,3.665,0.077,1.957,0.1148,2.916,0.135,0.158,rolamento_inner,1000.0
70050,2026-05-22 07:39:45.556041+00:00,0.0544,1.381,74.19,23.44,0.0781,1.984,0.492,0.564,61.0,61.0,0.114,0.116,2.508,2.745,3.718,3.573,0.0769,1.954,0.1104,2.806,0.132,0.157,rolamento_inner,1000.0
70101,2026-05-22 07:41:27.562340+00:00,0.0578,1.469,74.33,23.51,0.0858,2.18,0.495,0.596,61.0,58.5,0.107,0.111,2.577,2.608,3.68,3.849,0.0817,2.077,0.1214,3.084,0.134,0.154,rolamento_inner,1000.0
70125,2026-05-22 07:42:15.565248+00:00,0.0522,1.327,74.38,23.54,0.0752,1.911,0.506,0.582,61.0,61.0,0.105,0.11,2.574,2.687,3.745,3.752,0.0738,1.876,0.1064,2.703,0.135,0.155,rolamento_inner,1000.0
70139,2026-05-22 07:42:43.566958+00:00,0.0638,1.62,74.47,23.59,0.0817,2.076,0.503,0.589,61.0,58.5,0.109,0.118,2.531,2.71,3.724,3.862,0.0902,2.292,0.1156,2.937,0.135,0.152,rolamento_inner,1000.0
70319,2026-05-22 07:48:43.588474+00:00,0.0586,1.488,74.24,23.46,0.0794,2.018,0.528,0.617,61.0,61.0,0.117,0.123,2.541,2.834,3.879,3.919,0.0828,2.105,0.1123,2.854,0.136,0.157,rolamento_inner,1000.0
70335,2026-05-22 07:49:15.590482+00:00,0.0584,1.484,74.42,23.57,0.0886,2.251,0.461,0.558,61.0,61.0,0.102,0.115,2.545,2.572,3.438,3.589,0.0826,2.099,0.1253,3.183,0.134,0.155,rolamento_inner,1000.0
70431,2026-05-22 07:52:27.601570+00:00,0.056,1.423,74.05,23.36,0.0739,1.878,0.532,0.587,61.0,61.0,0.102,0.115,2.561,2.785,3.925,3.705,0.0792,2.012,0.1045,2.656,0.135,0.158,rolamento_inner,1000.0
70433,2026-05-22 07:52:31.601816+00:00,0.0541,1.374,74.1,23.38,0.0777,1.975,0.526,0.654,61.0,61.0,0.108,0.114,2.489,2.795,3.879,4.215,0.0765,1.944,0.1099,2.793,0.135,0.155,rolamento_inner,1000.0
70463,2026-05-22 07:53:31.605403+00:00,0.0583,1.483,74.42,23.57,0.0856,2.176,0.554,0.656,61.0,61.0,0.113,0.119,2.491,2.861,4.087,4.136,0.0825,2.097,0.1211,3.077,0.135,0.158,rolamento_inner,1000.0
70467,2026-05-22 07:53:39.605895+00:00,0.0539,1.371,74.7,23.72,0.0773,1.964,0.475,0.743,61.0,61.0,0.101,0.109,2.509,2.821,3.537,4.732,0.0763,1.938,0.1093,2.777,0.134,0.157,rolamento_inner,1000.0
70472,2026-05-22 07:53:49.606439+00:00,0.0559,1.42,74.42,23.57,0.0783,1.991,0.47,0.547,61.0,61.0,0.121,0.124,2.529,2.68,3.48,3.516,0.079,2.008,0.1108,2.815,0.135,0.155,rolamento_inner,1000.0
70567,2026-05-22 08:03:19.657271+00:00,0.0777,1.975,62.07,16.7,0.0888,2.256,0.926,0.904,9.7,61.0,0.181,0.138,3.156,2.971,3.864,3.329,0.1099,2.793,0.1256,3.191,0.239,0.271,rolamento_combination,2000.0
70569,2026-05-22 08:03:23.657483+00:00,0.0681,1.731,61.93,16.62,0.1076,2.733,0.939,0.922,58.5,58.5,0.171,0.145,3.054,2.863,3.816,3.382,0.0964,2.449,0.1521,3.865,0.246,0.272,rolamento_combination,2000.0
70571,2026-05-22 08:03:27.657687+00:00,0.0722,1.834,62.99,17.21,0.1085,2.756,1.268,1.124,61.0,58.5,0.172,0.144,3.403,3.248,5.394,4.214,0.1021,2.594,0.1534,3.898,0.235,0.266,rolamento_combination,2000.0
70573,2026-05-22 08:03:31.657919+00:00,0.0733,1.863,62.16,16.75,0.0945,2.4,0.798,1.051,9.7,61.0,0.161,0.142,2.88,2.996,3.577,3.988,0.1037,2.634,0.1336,3.395,0.223,0.263,rolamento_combination,2000.0
70577,2026-05-22 08:03:39.658336+00:00,0.0611,1.552,62.25,16.8,0.0976,2.479,0.808,1.201,61.0,61.0,0.158,0.141,3.043,2.957,3.704,4.451,0.0864,2.195,0.138,3.507,0.218,0.269,rolamento_combination,2000.0
70618,2026-05-22 08:05:01.657529+00:00,0.0692,1.758,63.13,17.29,0.1122,2.851,0.834,1.109,61.0,61.0,0.148,0.142,2.938,3.116,3.784,4.0,0.0979,2.486,0.1587,4.031,0.22,0.277,rolamento_combination,2000.0
70626,2026-05-22 08:05:17.664228+00:00,0.0646,1.642,62.9,17.16,0.1056,2.682,0.923,1.321,61.0,61.0,0.143,0.149,3.049,3.176,3.916,4.565,0.0914,2.322,0.1493,3.794,0.235,0.289,rolamento_combination,2000.0
70630,2026-05-22 08:05:25.664547+00:00,0.0719,1.826,64.46,18.03,0.1068,2.715,0.998,1.054,61.0,61.0,0.177,0.135,3.266,3.087,4.17,3.657,0.1016,2.583,0.1511,3.839,0.239,0.288,rolamento_combination,2000.0
70634,2026-05-22 08:05:33.665163+00:00,0.0615,1.563,63.22,17.34,0.1064,2.704,0.847,1.081,61.0,9.7,0.174,0.139,3.11,3.185,3.812,3.99,0.087,2.21,0.1505,3.825,0.222,0.27,rolamento_combination,2000.0
70644,2026-05-22 08:05:53.666353+00:00,0.0812,2.064,64.69,18.16,0.0901,2.289,0.916,1.084,9.7,58.5,0.171,0.137,3.113,3.037,3.877,3.614,0.1149,2.92,0.1274,3.238,0.236,0.3,rolamento_combination,2000.0
70645,2026-05-22 08:05:55.666553+00:00,0.0812,2.064,64.14,17.85,0.0901,2.289,0.916,1.084,9.7,58.5,0.171,0.137,3.113,3.037,3.877,3.614,0.1149,2.92,0.1274,3.238,0.236,0.3,rolamento_combination,2000.0
70657,2026-05-22 08:06:19.668072+00:00,0.0676,1.717,63.4,17.44,0.1063,2.7,0.773,0.881,61.0,61.0,0.149,0.142,3.0,3.045,3.46,3.427,0.0956,2.429,0.1503,3.818,0.223,0.257,rolamento_combination,2000.0
70789,2026-05-22 08:10:43.683940+00:00,0.081,2.059,65.29,18.49,0.1145,2.909,1.014,1.029,9.7,9.7,0.166,0.171,3.535,3.013,4.612,3.521,0.1146,2.912,0.1619,4.114,0.219,0.292,rolamento_combination,2000.0
70797,2026-05-22 08:10:59.684992+00:00,0.0788,2.003,65.48,18.6,0.1011,2.568,0.82,1.408,61.0,58.5,0.159,0.139,3.037,3.115,3.592,4.483,0.1115,2.832,0.1429,3.631,0.228,0.314,rolamento_combination,2000.0
70842,2026-05-22 08:12:29.690336+00:00,0.0693,1.76,66.49,19.16,0.1029,2.616,1.059,1.011,9.7,61.0,0.152,0.141,3.436,3.063,4.606,3.57,0.098,2.489,0.1456,3.699,0.229,0.283,rolamento_combination,2000.0
70849,2026-05-22 08:12:43.691294+00:00,0.0653,1.659,66.08,18.93,0.0885,2.248,0.776,1.018,61.0,61.0,0.163,0.139,2.915,3.134,3.6,3.49,0.0924,2.347,0.1251,3.18,0.215,0.291,rolamento_combination,2000.0
70859,2026-05-22 08:13:03.692450+00:00,0.0657,1.67,66.08,18.93,0.1134,2.88,0.805,1.146,58.5,53.7,0.155,0.154,3.009,3.099,3.843,3.988,0.0929,2.361,0.1604,4.074,0.209,0.287,rolamento_combination,2000.0
70898,2026-05-22 08:14:21.696986+00:00,0.069,1.754,67.37,19.65,0.1087,2.763,1.175,1.422,61.0,53.7,0.191,0.148,3.896,3.388,4.82,4.545,0.0976,2.48,0.1538,3.907,0.243,0.312,rolamento_combination,2000.0
70954,2026-05-22 08:16:13.704121+00:00,0.0679,1.727,66.91,19.39,0.1045,2.654,0.835,1.038,61.0,58.5,0.182,0.156,3.15,2.854,3.922,3.474,0.0961,2.442,0.1477,3.753,0.213,0.299,rolamento_combination,2000.0
70977,2026-05-22 08:16:59.706632+00:00,0.0769,1.955,67.27,19.59,0.1005,2.553,0.857,1.514,61.0,61.0,0.151,0.139,3.291,3.411,4.113,5.365,0.1088,2.764,0.1421,3.611,0.208,0.282,rolamento_combination,2000.0
71025,2026-05-22 08:18:35.712741+00:00,0.0692,1.759,67.64,19.8,0.0956,2.429,0.782,1.153,58.5,61.0,0.169,0.139,3.059,2.825,3.674,3.577,0.0979,2.488,0.1352,3.435,0.212,0.322,rolamento_combination,2000.0
71048,2026-05-22 08:19:21.714670+00:00,0.0656,1.667,67.92,19.95,0.1011,2.57,1.117,1.662,61.0,61.0,0.193,0.155,3.789,3.17,4.799,5.216,0.0928,2.357,0.1431,3.634,0.232,0.318,rolamento_combination,2000.0
71056,2026-05-22 08:19:37.716103+00:00,0.0649,1.649,68.2,20.11,0.1029,2.613,0.865,1.209,61.0,61.0,0.19,0.142,3.335,3.037,4.005,3.956,0.0918,2.332,0.1455,3.696,0.216,0.305,rolamento_combination,2000.0
71114,2026-05-22 08:21:33.723144+00:00,0.0664,1.688,68.2,20.11,0.0933,2.372,0.96,1.037,58.5,58.5,0.16,0.138,3.146,2.963,4.38,3.499,0.094,2.388,0.132,3.354,0.219,0.296,rolamento_combination,2000.0
71120,2026-05-22 08:21:45.723916+00:00,0.0675,1.716,68.06,20.03,0.1162,2.953,0.831,1.32,61.0,61.0,0.17,0.157,3.252,2.892,3.886,3.757,0.0955,2.427,0.1644,4.177,0.214,0.351,rolamento_combination,2000.0
71159,2026-05-22 08:23:03.728250+00:00,0.0641,1.628,68.66,20.36,0.1054,2.679,0.864,1.308,61.0,61.0,0.162,0.138,3.241,3.455,4.056,4.274,0.0906,2.303,0.1491,3.788,0.213,0.306,rolamento_combination,2000.0
71251,2026-05-22 08:26:07.739412+00:00,0.0693,1.762,69.12,20.62,0.0995,2.528,0.884,1.184,61.0,61.0,0.163,0.138,3.083,2.94,4.338,3.617,0.0981,2.492,0.1407,3.575,0.203,0.327,rolamento_combination,2000.0
71273,2026-05-22 08:26:51.742040+00:00,0.0593,1.507,69.08,20.6,0.1062,2.697,0.855,1.184,58.5,61.0,0.168,0.145,3.179,3.209,4.09,3.94,0.0839,2.131,0.1501,3.815,0.209,0.3,rolamento_combination,2000.0
71302,2026-05-22 08:27:49.745754+00:00,0.0687,1.745,68.98,20.54,0.1002,2.547,0.881,1.3,61.0,61.0,0.17,0.16,3.195,3.128,4.107,4.15,0.0972,2.469,0.1418,3.602,0.214,0.313,rolamento_combination,2000.0
71303,2026-05-22 08:27:51.745671+00:00,0.0632,1.606,68.94,20.52,0.0887,2.255,0.954,1.091,61.0,61.0,0.164,0.134,2.948,2.92,4.384,3.452,0.0894,2.271,0.1255,3.189,0.217,0.316,rolamento_combination,2000.0
71332,2026-05-22 08:28:49.748921+00:00,0.0659,1.676,69.63,20.9,0.086,2.184,0.912,1.08,61.0,61.0,0.173,0.14,3.159,2.958,4.041,3.559,0.0933,2.37,0.1216,3.089,0.225,0.303,rolamento_combination,2000.0
71337,2026-05-22 08:28:59.749387+00:00,0.0644,1.636,69.45,20.8,0.096,2.438,1.064,1.234,61.0,61.0,0.161,0.146,3.236,3.148,4.897,3.861,0.0911,2.314,0.1357,3.448,0.217,0.319,rolamento_combination,2000.0
71490,2026-05-22 08:34:05.767696+00:00,0.0679,1.726,70.65,21.47,0.098,2.49,1.348,1.221,61.0,58.5,0.168,0.144,4.002,3.067,5.614,3.702,0.0961,2.441,0.1386,3.522,0.24,0.329,rolamento_combination,2000.0
71496,2026-05-22 08:34:17.768555+00:00,0.0734,1.866,69.77,20.98,0.104,2.643,1.137,1.592,61.0,61.0,0.171,0.168,3.275,3.246,5.306,5.199,0.1039,2.639,0.1471,3.738,0.214,0.306,rolamento_combination,2000.0
71508,2026-05-22 08:34:41.769871+00:00,0.0622,1.582,69.73,20.96,0.0993,2.524,1.393,2.259,61.0,61.0,0.18,0.16,4.496,3.607,5.684,6.588,0.0881,2.237,0.1405,3.569,0.245,0.342,rolamento_combination,2000.0
71509,2026-05-22 08:34:43.770163+00:00,0.0713,1.811,69.82,21.01,0.1054,2.677,0.956,1.174,61.0,61.0,0.172,0.174,3.049,3.086,4.728,3.783,0.1008,2.562,0.149,3.786,0.202,0.31,rolamento_combination,2000.0
71531,2026-05-22 08:35:27.772661+00:00,0.0726,1.846,71.3,21.83,0.1088,2.765,1.004,1.311,61.0,61.0,0.185,0.171,3.365,3.011,4.617,4.222,0.1027,2.61,0.1539,3.91,0.217,0.31,rolamento_combination,2000.0
71594,2026-05-22 08:38:04.731526+00:00,0.0555,1.41,71.95,22.19,0.109,2.769,0.429,0.573,61.0,53.7,0.074,0.122,2.324,2.61,3.357,4.063,0.0785,1.995,0.1542,3.917,0.128,0.141,rolamento_combination,500.0
71606,2026-05-22 08:38:28.732836+00:00,0.0587,1.491,73.82,23.23,0.1277,3.245,0.488,0.533,61.0,56.1,0.077,0.136,2.357,2.584,3.848,3.81,0.083,2.108,0.1807,4.59,0.127,0.14,rolamento_combination,500.0
71650,2026-05-22 08:39:56.736283+00:00,0.0515,1.31,73.3,22.94,0.116,2.948,0.456,0.487,61.0,53.7,0.075,0.133,2.432,2.521,3.612,3.509,0.0729,1.853,0.1641,4.17,0.126,0.138,rolamento_combination,500.0
71661,2026-05-22 08:40:18.739429+00:00,0.0508,1.29,73.26,22.92,0.1116,2.835,0.516,0.603,61.0,56.1,0.075,0.125,2.436,2.646,4.065,4.275,0.0718,1.825,0.1578,4.009,0.127,0.141,rolamento_combination,500.0
71685,2026-05-22 08:41:06.741987+00:00,0.0545,1.385,73.91,23.28,0.1171,2.974,0.413,0.492,61.0,56.1,0.078,0.124,2.334,2.412,3.274,3.619,0.0771,1.959,0.1656,4.207,0.126,0.136,rolamento_combination,500.0
71726,2026-05-22 08:42:28.746866+00:00,0.0527,1.339,74.56,23.64,0.1132,2.875,0.575,0.544,61.0,53.7,0.077,0.125,2.478,2.688,4.594,3.922,0.0746,1.894,0.1601,4.067,0.125,0.138,rolamento_combination,500.0
71762,2026-05-22 08:43:40.751078+00:00,0.0507,1.288,74.14,23.41,0.1224,3.11,0.453,0.53,61.0,56.1,0.076,0.136,2.388,2.485,3.593,3.907,0.0717,1.821,0.1731,4.398,0.126,0.135,rolamento_combination,500.0
71785,2026-05-22 08:44:26.753919+00:00,0.0557,1.415,74.38,23.54,0.1212,3.079,0.46,0.603,58.5,56.1,0.079,0.129,2.459,2.569,3.627,4.289,0.0788,2.002,0.1714,4.355,0.126,0.14,rolamento_combination,500.0
71799,2026-05-22 08:44:54.755694+00:00,0.0578,1.47,74.56,23.64,0.1148,2.916,0.542,0.567,61.0,56.1,0.075,0.118,2.442,2.505,4.287,4.115,0.0818,2.079,0.1624,4.125,0.126,0.137,rolamento_combination,500.0
71853,2026-05-22 08:46:42.762053+00:00,0.0589,1.498,74.56,23.64,0.1211,3.078,0.421,0.515,58.5,56.1,0.08,0.128,2.356,2.475,3.357,3.765,0.0834,2.118,0.1713,4.353,0.125,0.137,rolamento_combination,500.0
71885,2026-05-22 08:47:46.765984+00:00,0.0541,1.376,74.56,23.64,0.1186,3.013,0.473,0.42,58.5,56.1,0.078,0.129,2.324,2.403,3.769,3.085,0.0766,1.946,0.1677,4.261,0.125,0.136,rolamento_combination,500.0
71911,2026-05-22 08:48:38.769050+00:00,0.0526,1.338,76.11,24.5,0.1142,2.901,0.438,0.528,61.0,53.7,0.076,0.128,2.387,2.626,3.429,3.784,0.0745,1.892,0.1615,4.103,0.127,0.139,rolamento_combination,500.0
72032,2026-05-22 08:52:40.783790+00:00,0.0577,1.467,75.03,23.9,0.1309,3.325,0.534,0.519,58.5,56.1,0.076,0.139,2.374,2.542,4.243,3.821,0.0817,2.075,0.1851,4.703,0.125,0.135,rolamento_combination,500.0
72047,2026-05-22 08:53:10.785832+00:00,0.0562,1.427,75.03,23.9,0.1061,2.696,0.473,0.599,61.0,53.7,0.071,0.121,2.376,2.616,3.778,4.373,0.0794,2.019,0.1501,3.814,0.125,0.137,rolamento_combination,500.0
72050,2026-05-22 08:53:16.786186+00:00,0.0604,1.535,74.94,23.85,0.1307,3.32,0.394,0.443,58.5,56.1,0.075,0.139,2.278,2.437,3.177,3.29,0.0855,2.171,0.1849,4.696,0.124,0.134,rolamento_combination,500.0
72051,2026-05-22 08:53:18.786266+00:00,0.0604,1.535,74.89,23.83,0.1307,3.32,0.394,0.443,58.5,56.1,0.075,0.139,2.278,2.437,3.177,3.29,0.0855,2.171,0.1849,4.696,0.124,0.134,rolamento_combination,500.0
72100,2026-05-22 08:54:56.792369+00:00,0.0538,1.368,75.17,23.98,0.1064,2.702,0.471,0.511,61.0,53.7,0.087,0.125,2.348,2.493,3.706,3.683,0.0762,1.935,0.1504,3.822,0.127,0.138,rolamento_combination,500.0
72131,2026-05-22 08:55:58.795941+00:00,0.0506,1.285,75.13,23.96,0.1115,2.833,0.415,0.547,61.0,56.1,0.07,0.119,2.312,2.59,3.307,3.944,0.0715,1.818,0.1577,4.006,0.125,0.138,rolamento_combination,500.0
72269,2026-05-22 09:00:34.812674+00:00,0.0616,1.566,75.31,24.06,0.1091,2.771,0.443,0.466,61.0,56.1,0.094,0.13,2.325,2.509,3.519,3.36,0.0871,2.214,0.1543,3.919,0.126,0.138,rolamento_combination,500.0
72298,2026-05-22 09:01:32.816126+00:00,0.057,1.448,75.5,24.16,0.1229,3.121,0.4,0.536,61.0,56.1,0.08,0.136,2.335,2.497,3.161,3.916,0.0806,2.048,0.1738,4.414,0.126,0.137,rolamento_combination,500.0
72400,2026-05-22 09:04:56.828024+00:00,0.0609,1.548,75.69,24.27,0.1146,2.911,0.434,0.521,61.0,56.1,0.077,0.123,2.295,2.557,3.45,3.768,0.0862,2.19,0.1621,4.117,0.125,0.138,rolamento_combination,500.0
72501,2026-05-22 09:08:18.840167+00:00,0.059,1.5,75.59,24.22,0.1193,3.031,0.449,0.503,61.0,56.1,0.081,0.135,2.351,2.549,3.562,3.631,0.0835,2.122,0.1688,4.287,0.126,0.138,rolamento_combination,500.0
72558,2026-05-22 09:39:22.194255+00:00,0.0554,1.408,76.16,24.53,0.0791,2.011,0.542,0.558,61.0,61.0,0.114,0.133,2.616,2.783,4.051,3.606,0.0784,1.992,0.1119,2.844,0.133,0.154,rolamento_combination,2000.0
72605,2026-05-22 09:40:56.199708+00:00,0.0608,1.545,76.3,24.61,0.0822,2.088,0.421,0.521,58.5,61.0,0.123,0.136,2.432,2.619,3.234,3.516,0.086,2.185,0.1162,2.953,0.13,0.148,rolamento_combination,2000.0
72685,2026-05-22 09:43:36.209009+00:00,0.057,1.449,74.47,23.59,0.0757,1.923,0.463,0.653,61.0,61.0,0.091,0.114,2.452,2.864,3.554,4.236,0.0807,2.05,0.107,2.72,0.13,0.154,rolamento_combination,2000.0
72703,2026-05-22 09:44:12.211323+00:00,0.054,1.371,74.33,23.51,0.076,1.931,0.436,0.685,61.0,61.0,0.112,0.124,2.472,2.816,3.298,4.442,0.0763,1.94,0.1075,2.732,0.132,0.154,rolamento_combination,2000.0
72770,2026-05-22 09:46:26.217756+00:00,0.0616,1.565,74.1,23.38,0.0793,2.014,0.466,0.504,61.0,58.5,0.12,0.126,2.459,2.638,3.473,3.266,0.0871,2.214,0.1121,2.848,0.134,0.154,rolamento_combination,2000.0
72771,2026-05-22 09:46:28.219163+00:00,0.0589,1.497,74.1,23.38,0.0797,2.026,0.498,0.519,61.0,61.0,0.113,0.12,2.516,2.708,3.767,3.471,0.0833,2.117,0.1128,2.866,0.132,0.149,rolamento_combination,2000.0
72787,2026-05-22 09:47:00.220885+00:00,0.0551,1.4,74.05,23.36,0.0755,1.917,0.489,0.553,61.0,61.0,0.117,0.116,2.581,2.663,3.709,3.729,0.0779,1.98,0.1067,2.712,0.131,0.148,rolamento_combination,2000.0
72842,2026-05-22 09:48:50.227419+00:00,0.0652,1.657,74.66,23.7,0.0789,2.004,0.444,0.631,58.5,61.0,0.124,0.136,2.382,2.699,3.379,4.243,0.0922,2.344,0.1115,2.834,0.131,0.148,rolamento_combination,2000.0
72878,2026-05-22 09:50:02.231674+00:00,0.0577,1.467,74.1,23.38,0.0811,2.06,0.496,0.752,61.0,58.5,0.108,0.123,2.405,2.908,3.741,4.841,0.0816,2.075,0.1147,2.913,0.132,0.155,rolamento_combination,2000.0
72882,2026-05-22 09:50:10.232128+00:00,0.0553,1.405,75.17,23.98,0.0784,1.993,0.462,0.59,61.0,61.0,0.107,0.11,2.509,2.61,3.503,3.863,0.0782,1.987,0.1109,2.819,0.132,0.152,rolamento_combination,2000.0
72898,2026-05-22 09:50:42.234097+00:00,0.0657,1.671,74.19,23.44,0.0788,2.001,0.571,0.582,61.0,61.0,0.126,0.136,2.574,2.849,4.234,3.575,0.093,2.363,0.1114,2.83,0.134,0.163,rolamento_combination,2000.0
73036,2026-05-22 09:55:18.250492+00:00,0.0582,1.479,75.08,23.93,0.0872,2.215,0.473,0.662,61.0,61.0,0.117,0.123,2.518,2.699,3.536,4.211,0.0823,2.092,0.1233,3.132,0.133,0.157,rolamento_combination,2000.0
73083,2026-05-22 09:56:52.256513+00:00,0.0683,1.736,74.19,23.44,0.0818,2.078,0.536,0.6,61.0,61.0,0.118,0.122,2.494,2.736,4.069,3.846,0.0966,2.455,0.1157,2.938,0.131,0.156,rolamento_combination,2000.0
73130,2026-05-22 09:58:26.262018+00:00,0.0641,1.628,74.24,23.46,0.0772,1.961,0.426,0.625,61.0,61.0,0.112,0.12,2.337,2.67,3.312,4.188,0.0906,2.302,0.1091,2.773,0.128,0.149,rolamento_combination,2000.0
73165,2026-05-22 09:59:36.266243+00:00,0.0613,1.559,75.64,24.24,0.0901,2.289,0.678,0.707,61.0,58.5,0.114,0.126,2.736,2.882,5.116,4.56,0.0868,2.204,0.1274,3.237,0.132,0.155,rolamento_combination,2000.0
73216,2026-05-22 10:01:18.272366+00:00,0.0581,1.477,74.19,23.44,0.0766,1.946,0.478,0.661,61.0,61.0,0.109,0.125,2.547,2.826,3.544,4.242,0.0822,2.089,0.1084,2.753,0.135,0.155,rolamento_combination,2000.0
73226,2026-05-22 10:01:38.273429+00:00,0.0604,1.535,74.24,23.46,0.0804,2.042,0.564,0.62,61.0,61.0,0.096,0.116,2.615,2.788,4.269,4.065,0.0855,2.171,0.1137,2.888,0.132,0.152,rolamento_combination,2000.0
73275,2026-05-22 10:03:16.279406+00:00,0.0531,1.35,74.52,23.62,0.0761,1.935,0.471,0.64,61.0,61.0,0.108,0.119,2.551,2.755,3.525,4.174,0.0751,1.909,0.1077,2.736,0.133,0.153,rolamento_combination,2000.0
73288,2026-05-22 10:03:42.281041+00:00,0.0664,1.688,73.96,23.31,0.0761,1.935,0.453,0.562,61.0,61.0,0.103,0.118,2.476,2.681,3.397,3.702,0.094,2.387,0.1077,2.736,0.133,0.151,rolamento_combination,2000.0
73291,2026-05-22 10:03:48.281428+00:00,0.0637,1.62,74.99,23.88,0.0823,2.091,0.455,0.623,61.0,61.0,0.114,0.134,2.514,2.78,3.482,4.196,0.0902,2.291,0.1164,2.957,0.13,0.148,rolamento_combination,2000.0
73340,2026-05-22 10:05:26.287193+00:00,0.0678,1.724,74.14,23.41,0.0773,1.963,0.621,0.608,61.0,61.0,0.112,0.12,2.566,2.784,4.647,3.965,0.0959,2.438,0.1093,2.777,0.133,0.153,rolamento_combination,2000.0
73393,2026-05-22 10:07:12.293596+00:00,0.0617,1.568,74.28,23.49,0.0833,2.117,0.434,0.532,61.0,61.0,0.113,0.12,2.421,2.625,3.294,3.438,0.0873,2.217,0.1179,2.994,0.131,0.154,rolamento_combination,2000.0
73414,2026-05-22 10:07:54.295936+00:00,0.0613,1.557,75.64,24.24,0.0857,2.177,0.523,0.74,61.0,61.0,0.126,0.145,2.671,3.025,3.94,4.78,0.0867,2.202,0.1212,3.079,0.132,0.154,rolamento_combination,2000.0
73432,2026-05-22 10:08:30.298111+00:00,0.0564,1.434,74.05,23.36,0.0826,2.098,0.47,0.557,61.0,58.5,0.102,0.121,2.462,2.76,3.614,3.676,0.0798,2.028,0.1168,2.967,0.13,0.151,rolamento_combination,2000.0
73446,2026-05-22 10:08:58.299854+00:00,0.0622,1.58,74.0,23.33,0.0788,2.001,0.459,0.6,61.0,58.5,0.101,0.125,2.451,2.681,3.525,4.13,0.088,2.235,0.1114,2.83,0.13,0.145,rolamento_combination,2000.0
73465,2026-05-22 10:09:36.302058+00:00,0.0576,1.463,73.91,23.28,0.0807,2.049,0.483,0.737,61.0,61.0,0.118,0.129,2.44,2.86,3.615,4.646,0.0814,2.069,0.1141,2.898,0.133,0.158,rolamento_combination,2000.0
73544,2026-05-22 12:19:05.634536+00:00,0.0585,1.487,68.11,20.06,0.0798,2.029,0.481,0.501,58.5,58.5,0.103,0.111,2.477,2.47,3.512,3.335,0.0827,2.103,0.1129,2.869,0.137,0.15,rolamento_combination,1000.0
73553,2026-05-22 12:19:23.635789+00:00,0.0835,2.121,67.97,19.98,0.0783,1.989,0.503,0.561,14.6,61.0,0.112,0.11,2.448,2.573,3.651,3.715,0.1181,2.999,0.1107,2.813,0.137,0.151,rolamento_combination,1000.0
73570,2026-05-22 12:19:57.637605+00:00,0.0661,1.68,67.55,19.75,0.0825,2.097,0.543,0.459,61.0,61.0,0.113,0.119,2.446,2.577,3.952,3.008,0.0935,2.376,0.1167,2.966,0.137,0.152,rolamento_combination,1000.0
73577,2026-05-22 12:20:11.638460+00:00,0.0638,1.622,67.55,19.75,0.0778,1.977,0.478,0.644,61.0,61.0,0.105,0.117,2.507,2.694,3.411,4.072,0.0903,2.294,0.11,2.795,0.14,0.158,rolamento_combination,1000.0
73608,2026-05-22 12:21:13.642209+00:00,0.068,1.728,66.95,19.42,0.0859,2.182,0.416,0.612,61.0,58.5,0.089,0.116,2.461,2.684,3.036,3.969,0.0962,2.445,0.1215,3.086,0.137,0.154,rolamento_combination,1000.0
73638,2026-05-22 12:22:13.645879+00:00,0.0697,1.772,67.88,19.93,0.0779,1.979,0.552,0.7,9.7,61.0,0.12,0.118,2.518,2.728,3.98,4.48,0.0986,2.506,0.1101,2.798,0.138,0.156,rolamento_combination,1000.0
73660,2026-05-22 12:22:57.648257+00:00,0.0609,1.547,67.83,19.9,0.0772,1.961,0.533,0.563,61.0,58.5,0.101,0.109,2.381,2.571,3.843,3.606,0.0861,2.188,0.1092,2.773,0.138,0.156,rolamento_combination,1000.0
73683,2026-05-22 12:23:43.650897+00:00,0.0645,1.64,66.77,19.31,0.0909,2.31,0.482,0.632,61.0,61.0,0.102,0.119,2.509,2.589,3.469,4.019,0.0913,2.32,0.1286,3.268,0.138,0.157,rolamento_combination,1000.0
73692,2026-05-22 12:24:01.651879+00:00,0.0683,1.735,66.86,19.36,0.0863,2.193,0.449,0.593,61.0,61.0,0.121,0.128,2.389,2.576,3.234,3.789,0.0966,2.454,0.1221,3.101,0.138,0.156,rolamento_combination,1000.0
73698,2026-05-22 12:24:13.652635+00:00,0.0676,1.719,66.91,19.39,0.0851,2.163,0.542,0.596,61.0,61.0,0.121,0.119,2.454,2.56,3.948,3.85,0.0957,2.431,0.1204,3.059,0.137,0.154,rolamento_combination,1000.0
73769,2026-05-22 12:26:35.660966+00:00,0.0621,1.579,68.66,20.36,0.0929,2.361,0.464,0.527,61.0,58.5,0.097,0.112,2.423,2.625,3.334,3.324,0.0879,2.233,0.1314,3.339,0.139,0.158,rolamento_combination,1000.0
73843,2026-05-22 12:29:03.669536+00:00,0.0576,1.463,67.74,19.85,0.0731,1.858,0.521,0.544,58.5,61.0,0.11,0.118,2.499,2.731,3.709,3.373,0.0814,2.069,0.1034,2.628,0.14,0.161,rolamento_combination,1000.0
73875,2026-05-22 12:30:07.673311+00:00,0.0578,1.47,67.97,19.98,0.0705,1.792,0.63,0.626,61.0,61.0,0.106,0.106,2.58,2.694,4.541,3.956,0.0818,2.079,0.0997,2.534,0.138,0.158,rolamento_combination,1000.0
73888,2026-05-22 12:30:33.675048+00:00,0.0578,1.468,68.11,20.06,0.0793,2.015,0.516,0.555,61.0,61.0,0.093,0.107,2.502,2.626,3.72,3.515,0.0817,2.076,0.1122,2.85,0.138,0.157,rolamento_combination,1000.0
73931,2026-05-22 12:31:59.680209+00:00,0.0663,1.685,68.98,20.54,0.0769,1.954,0.483,0.519,61.0,61.0,0.12,0.114,2.478,2.539,3.515,3.315,0.0938,2.384,0.1088,2.764,0.137,0.156,rolamento_combination,1000.0
73937,2026-05-22 12:32:11.680944+00:00,0.0605,1.539,68.85,20.47,0.082,2.083,0.512,0.724,61.0,61.0,0.098,0.112,2.475,2.748,3.747,4.56,0.0856,2.176,0.116,2.946,0.136,0.158,rolamento_combination,1000.0
73948,2026-05-22 12:32:33.682186+00:00,0.0587,1.491,68.71,20.39,0.0752,1.912,0.488,0.579,61.0,61.0,0.092,0.106,2.55,2.546,3.618,3.814,0.083,2.109,0.1064,2.704,0.135,0.151,rolamento_combination,1000.0
73972,2026-05-22 12:33:21.684954+00:00,0.0578,1.47,69.03,20.57,0.0812,2.063,0.554,0.631,61.0,61.0,0.106,0.115,2.628,2.787,3.957,3.908,0.0818,2.079,0.1148,2.917,0.14,0.161,rolamento_combination,1000.0
74003,2026-05-22 12:34:23.688573+00:00,0.0525,1.333,68.98,20.54,0.0748,1.901,0.455,0.521,61.0,61.0,0.091,0.109,2.452,2.66,3.351,3.403,0.0742,1.886,0.1058,2.688,0.136,0.153,rolamento_combination,1000.0
74039,2026-05-22 12:35:35.692806+00:00,0.0656,1.667,69.96,21.08,0.0768,1.952,0.404,0.646,61.0,58.5,0.093,0.1,2.399,2.729,2.963,4.156,0.0928,2.357,0.1086,2.76,0.136,0.155,rolamento_combination,1000.0
74108,2026-05-22 12:37:53.700041+00:00,0.0603,1.532,69.59,20.88,0.0718,1.824,0.44,0.612,61.0,61.0,0.104,0.105,2.397,2.843,3.243,3.946,0.0853,2.166,0.1016,2.58,0.135,0.155,rolamento_combination,1000.0
74200,2026-05-22 12:40:57.711493+00:00,0.0522,1.328,70.1,21.16,0.0824,2.093,0.501,0.564,61.0,61.0,0.107,0.116,2.574,2.765,3.661,3.538,0.0739,1.878,0.1165,2.96,0.136,0.159,rolamento_combination,1000.0
74261,2026-05-22 12:42:59.718724+00:00,0.0548,1.393,71.72,22.06,0.0707,1.796,0.527,0.574,58.5,61.0,0.095,0.104,2.544,2.584,3.834,3.73,0.0775,1.97,0.1,2.541,0.137,0.153,rolamento_combination,1000.0
74325,2026-05-22 12:45:07.726251+00:00,0.0649,1.65,72.23,22.35,0.0726,1.844,0.425,0.649,61.0,61.0,0.112,0.117,2.449,2.827,3.114,4.161,0.0919,2.334,0.1027,2.608,0.136,0.156,rolamento_combination,1000.0
74328,2026-05-22 12:45:13.726606+00:00,0.0637,1.62,70.7,21.5,0.0792,2.013,0.495,0.62,61.0,61.0,0.118,0.121,2.46,2.872,3.634,3.961,0.0902,2.291,0.112,2.846,0.136,0.156,rolamento_combination,1000.0
74355,2026-05-22 12:46:07.729559+00:00,0.0609,1.547,70.93,21.63,0.088,2.236,0.418,0.606,61.0,61.0,0.125,0.124,2.422,2.808,3.09,3.828,0.0861,2.187,0.1245,3.162,0.135,0.158,rolamento_combination,1000.0
74372,2026-05-22 12:46:41.731920+00:00,0.0582,1.478,71.02,21.68,0.0858,2.179,0.635,0.705,61.0,58.5,0.115,0.118,2.703,2.861,4.694,4.587,0.0823,2.091,0.1213,3.082,0.135,0.153,rolamento_combination,1000.0
74395,2026-05-22 12:47:27.734623+00:00,0.0624,1.587,71.12,21.73,0.0798,2.028,0.51,0.655,58.5,61.0,0.123,0.13,2.634,2.838,3.666,4.155,0.0883,2.244,0.1129,2.868,0.139,0.157,rolamento_combination,1000.0
74436,2026-05-22 12:48:49.739460+00:00,0.0582,1.48,71.3,21.83,0.0786,1.998,0.599,0.648,61.0,61.0,0.104,0.113,2.608,2.823,4.382,4.161,0.0824,2.093,0.1112,2.826,0.136,0.155,rolamento_combination,1000.0
74450,2026-05-22 12:49:17.741154+00:00,0.0587,1.493,72.09,22.27,0.0841,2.137,0.438,0.546,61.0,61.0,0.108,0.119,2.443,2.635,3.212,3.441,0.0831,2.111,0.119,3.023,0.136,0.158,rolamento_combination,1000.0
74511,2026-05-22 12:51:19.748293+00:00,0.0567,1.44,71.44,21.91,0.0691,1.755,0.463,0.62,61.0,61.0,0.109,0.111,2.599,2.851,3.385,4.054,0.0801,2.036,0.0977,2.482,0.136,0.153,rolamento_combination,1000.0
74537,2026-05-22 12:52:11.751598+00:00,0.0659,1.675,71.58,21.99,0.0802,2.038,0.532,0.563,61.0,61.0,0.125,0.136,2.596,2.742,3.903,3.591,0.0933,2.369,0.1134,2.882,0.136,0.156,rolamento_combination,1000.0
74541,2026-05-22 13:03:39.357880+00:00,0.073,1.856,72.46,22.48,0.109,2.77,0.927,1.11,61.0,61.0,0.149,0.161,3.269,2.974,4.567,3.848,0.1033,2.625,0.1542,3.918,0.203,0.288,rolamento_combination,2000.0
74587,2026-05-22 13:05:11.363437+00:00,0.0699,1.776,71.35,21.86,0.1061,2.695,0.731,1.222,61.0,61.0,0.167,0.149,2.958,3.152,3.707,4.027,0.0988,2.511,0.15,3.811,0.197,0.303,rolamento_combination,2000.0
74609,2026-05-22 13:05:55.366079+00:00,0.0789,2.006,71.02,21.68,0.0932,2.368,1.108,1.02,12.2,61.0,0.177,0.154,3.43,3.011,5.132,3.502,0.1116,2.837,0.1318,3.349,0.216,0.291,rolamento_combination,2000.0
74619,2026-05-22 13:06:15.367223+00:00,0.069,1.753,71.12,21.73,0.0987,2.508,0.997,1.307,61.0,58.5,0.18,0.143,3.466,3.253,4.468,4.154,0.0976,2.479,0.1396,3.547,0.223,0.314,rolamento_combination,2000.0
74650,2026-05-22 13:07:17.370793+00:00,0.0727,1.848,70.93,21.63,0.0985,2.502,0.94,1.186,61.0,61.0,0.197,0.153,3.179,3.138,4.47,4.11,0.1028,2.613,0.1393,3.539,0.21,0.288,rolamento_combination,2000.0
74732,2026-05-22 13:10:01.380216+00:00,0.069,1.752,71.07,21.7,0.1076,2.733,1.017,1.278,61.0,61.0,0.164,0.152,3.401,3.2,4.773,4.134,0.0975,2.478,0.1521,3.865,0.213,0.309,rolamento_combination,2000.0
74740,2026-05-22 13:10:17.381245+00:00,0.0646,1.641,71.44,21.91,0.0948,2.408,0.969,1.678,61.0,61.0,0.174,0.151,3.493,3.536,4.287,5.339,0.0913,2.321,0.1341,3.406,0.226,0.314,rolamento_combination,2000.0
74754,2026-05-22 13:10:45.382882+00:00,0.0759,1.93,70.98,21.65,0.1187,3.016,1.063,1.194,61.0,9.7,0.18,0.189,3.247,3.075,5.117,4.043,0.1074,2.729,0.1679,4.265,0.207,0.295,rolamento_combination,2000.0
74807,2026-05-22 13:12:31.387120+00:00,0.0744,1.889,71.12,21.73,0.1194,3.032,0.836,1.354,9.7,61.0,0.181,0.167,3.045,3.107,3.903,4.36,0.1052,2.672,0.1688,4.289,0.214,0.31,rolamento_combination,2000.0
74859,2026-05-22 13:14:15.395107+00:00,0.0699,1.777,71.26,21.81,0.1094,2.78,0.7,1.098,58.5,58.5,0.178,0.153,3.001,2.906,3.517,3.587,0.0989,2.513,0.1548,3.932,0.199,0.306,rolamento_combination,2000.0
74919,2026-05-22 13:16:15.402463+00:00,0.0673,1.709,71.53,21.96,0.1004,2.55,0.784,1.032,61.0,61.0,0.154,0.148,3.077,2.823,3.938,3.536,0.0951,2.417,0.142,3.606,0.199,0.292,rolamento_combination,2000.0
74924,2026-05-22 13:16:25.402829+00:00,0.0706,1.793,72.0,22.22,0.0961,2.442,1.216,1.477,9.7,61.0,0.169,0.146,3.845,3.303,5.426,4.457,0.0998,2.536,0.136,3.454,0.224,0.331,rolamento_combination,2000.0
74961,2026-05-22 13:17:39.406074+00:00,0.0654,1.662,71.3,21.83,0.1027,2.61,1.161,1.263,61.0,58.5,0.153,0.146,3.761,2.992,5.288,3.824,0.0925,2.351,0.1453,3.692,0.219,0.33,rolamento_combination,2000.0
74980,2026-05-22 13:18:17.409698+00:00,0.076,1.931,71.49,21.94,0.11,2.794,0.759,1.14,61.0,58.5,0.165,0.167,3.092,2.842,3.658,3.308,0.1075,2.732,0.1555,3.952,0.207,0.344,rolamento_combination,2000.0
75051,2026-05-22 13:20:39.417874+00:00,0.0673,1.709,71.72,22.06,0.0932,2.367,0.839,1.17,61.0,61.0,0.183,0.161,3.041,3.183,4.073,3.738,0.0952,2.418,0.1318,3.347,0.206,0.313,rolamento_combination,2000.0
75054,2026-05-22 13:20:45.418421+00:00,0.0777,1.973,71.44,21.91,0.1234,3.136,0.76,1.214,61.0,61.0,0.187,0.194,2.982,2.891,3.713,3.758,0.1098,2.791,0.1746,4.435,0.204,0.323,rolamento_combination,2000.0
75059,2026-05-22 13:20:55.419177+00:00,0.0677,1.72,73.12,22.84,0.1034,2.627,0.944,1.398,61.0,61.0,0.186,0.158,3.188,3.09,4.332,4.405,0.0957,2.433,0.1463,3.716,0.218,0.317,rolamento_combination,2000.0
75151,2026-05-22 13:23:59.430155+00:00,0.0678,1.723,71.58,21.99,0.0953,2.422,0.949,1.471,61.0,61.0,0.163,0.15,3.126,3.308,4.125,4.506,0.0959,2.437,0.1348,3.425,0.23,0.326,rolamento_combination,2000.0
75163,2026-05-22 13:24:23.431613+00:00,0.0633,1.609,73.4,23.0,0.1034,2.627,0.932,1.389,61.0,61.0,0.166,0.151,3.461,3.058,4.148,3.799,0.0896,2.276,0.1462,3.715,0.224,0.365,rolamento_combination,2000.0
75178,2026-05-22 13:24:53.433396+00:00,0.0616,1.565,71.63,22.01,0.1001,2.543,1.185,1.354,61.0,61.0,0.175,0.148,3.61,3.221,5.019,4.104,0.0871,2.213,0.1416,3.596,0.236,0.33,rolamento_combination,2000.0
75222,2026-05-22 13:26:21.438730+00:00,0.0811,2.062,71.72,22.06,0.1232,3.13,1.124,1.344,61.0,58.5,0.208,0.202,3.614,3.176,4.809,4.016,0.1148,2.916,0.1742,4.427,0.233,0.334,rolamento_combination,2000.0
75233,2026-05-22 13:26:43.440116+00:00,0.0775,1.97,73.07,22.81,0.1082,2.749,1.234,1.204,61.0,61.0,0.182,0.168,3.426,2.961,5.394,3.287,0.1097,2.787,0.153,3.887,0.228,0.366,rolamento_combination,2000.0
75280,2026-05-22 13:28:17.445601+00:00,0.0727,1.846,71.72,22.06,0.1026,2.607,0.87,1.225,61.0,58.5,0.168,0.153,3.126,3.225,4.069,3.829,0.1028,2.611,0.1452,3.688,0.213,0.32,rolamento_combination,2000.0
75285,2026-05-22 13:28:27.446088+00:00,0.0722,1.836,71.67,22.04,0.102,2.592,1.087,1.485,61.0,61.0,0.182,0.174,3.581,3.163,4.661,4.337,0.1022,2.596,0.1443,3.665,0.233,0.342,rolamento_combination,2000.0
75289,2026-05-22 13:28:35.446604+00:00,0.0755,1.919,71.77,22.09,0.1155,2.934,1.061,1.525,61.0,58.5,0.201,0.189,3.694,3.102,4.821,4.398,0.1068,2.714,0.1633,4.15,0.22,0.346,rolamento_combination,2000.0
75357,2026-05-22 13:30:51.454983+00:00,0.0676,1.717,73.35,22.97,0.0986,2.505,0.934,1.5,61.0,61.0,0.185,0.163,3.451,3.106,3.958,3.618,0.0956,2.429,0.1395,3.543,0.236,0.414,rolamento_combination,2000.0
75360,2026-05-22 13:30:57.454707+00:00,0.0745,1.894,71.81,22.12,0.1136,2.887,0.963,1.82,58.5,61.0,0.184,0.172,3.507,3.118,4.337,4.839,0.1054,2.678,0.1607,4.083,0.222,0.376,rolamento_combination,2000.0
75441,2026-05-22 13:33:39.464328+00:00,0.0717,1.821,71.86,22.14,0.1085,2.757,1.024,1.32,58.5,61.0,0.177,0.17,3.333,3.17,4.721,3.901,0.1014,2.576,0.1535,3.899,0.217,0.338,rolamento_combination,2000.0
75480,2026-05-22 13:34:57.468918+00:00,0.0628,1.596,73.54,23.07,0.0911,2.316,1.019,1.244,61.0,61.0,0.166,0.151,3.463,3.114,4.881,3.794,0.0889,2.258,0.1289,3.275,0.208,0.327,rolamento_combination,2000.0
75485,2026-05-22 13:35:07.469585+00:00,0.0704,1.789,71.86,22.14,0.1047,2.659,0.917,1.474,61.0,61.0,0.181,0.161,3.163,3.026,4.162,4.066,0.0996,2.531,0.148,3.761,0.22,0.362,rolamento_combination,2000.0
75487,2026-05-22 13:35:11.469832+00:00,0.0693,1.76,73.35,22.97,0.1039,2.641,0.915,1.293,61.0,61.0,0.183,0.163,3.338,3.011,4.244,3.718,0.098,2.49,0.147,3.734,0.215,0.347,rolamento_combination,2000.0
75531,2026-05-22 13:36:39.474901+00:00,0.0715,1.816,72.09,22.27,0.0913,2.319,0.918,1.395,61.0,61.0,0.172,0.147,3.242,3.068,4.185,4.476,0.1011,2.569,0.1291,3.28,0.219,0.311,rolamento_combination,2000.0
75557,2026-05-22 13:39:05.668438+00:00,0.0574,1.459,73.07,22.81,0.1175,2.986,0.44,0.524,61.0,56.1,0.084,0.13,2.327,2.48,3.442,3.726,0.0812,2.063,0.1662,4.223,0.128,0.14,rolamento_combination,500.0
75721,2026-05-23 17:21:34.056642+00:00,0.0532,1.352,76.44,24.69,0.1142,2.901,0.516,0.573,61.0,56.1,0.079,0.131,2.514,2.626,4.086,4.142,0.0752,1.912,0.1615,4.103,0.126,0.138,rolamento_combination,500.0
75734,2026-05-23 17:22:00.058280+00:00,0.058,1.474,76.44,24.69,0.1175,2.984,0.395,0.684,61.0,56.1,0.084,0.136,2.305,2.935,3.149,4.86,0.0821,2.085,0.1661,4.221,0.125,0.14,rolamento_combination,500.0
75736,2026-05-23 17:22:04.059237+00:00,0.0574,1.458,76.49,24.71,0.1124,2.855,0.503,0.465,61.0,53.7,0.074,0.123,2.36,2.477,3.985,3.399,0.0812,2.062,0.1589,4.037,0.126,0.137,rolamento_combination,500.0
75740,2026-05-23 17:22:12.059993+00:00,0.0535,1.359,76.53,24.74,0.1134,2.882,0.492,0.534,61.0,56.1,0.077,0.129,2.484,2.595,3.867,3.909,0.0757,1.923,0.1604,4.076,0.127,0.136,rolamento_combination,500.0
75804,2026-05-23 17:24:20.068201+00:00,0.0535,1.359,78.04,25.58,0.1031,2.618,0.489,0.513,61.0,53.7,0.083,0.124,2.325,2.495,3.935,3.758,0.0756,1.922,0.1458,3.703,0.124,0.136,rolamento_combination,500.0
75807,2026-05-23 17:24:26.068576+00:00,0.057,1.448,76.91,24.95,0.1226,3.116,0.421,0.492,58.5,56.1,0.077,0.136,2.366,2.448,3.331,3.586,0.0806,2.048,0.1735,4.406,0.126,0.137,rolamento_combination,500.0
75810,2026-05-23 17:24:32.069063+00:00,0.055,1.397,76.86,24.92,0.1089,2.768,0.457,0.509,61.0,56.1,0.082,0.128,2.464,2.659,3.601,3.709,0.0777,1.975,0.1541,3.914,0.127,0.137,rolamento_combination,500.0
75847,2026-05-23 17:25:46.072993+00:00,0.0539,1.369,77.0,25.0,0.1195,3.036,0.493,0.521,58.5,56.1,0.075,0.128,2.326,2.602,3.985,3.79,0.0762,1.937,0.169,4.294,0.123,0.137,rolamento_combination,500.0
75861,2026-05-23 17:26:14.074588+00:00,0.0586,1.489,77.0,25.0,0.1196,3.04,0.449,0.524,61.0,56.1,0.078,0.119,2.329,2.491,3.58,3.876,0.0829,2.105,0.1692,4.299,0.125,0.135,rolamento_combination,500.0
75897,2026-05-23 17:27:26.078394+00:00,0.0542,1.378,77.19,25.11,0.1038,2.637,0.427,0.522,61.0,56.1,0.079,0.129,2.395,2.694,3.376,3.763,0.0767,1.949,0.1468,3.73,0.126,0.138,rolamento_combination,500.0
75919,2026-05-23 17:28:10.080508+00:00,0.0552,1.403,77.15,25.08,0.1012,2.57,0.611,0.582,61.0,53.7,0.082,0.122,2.416,2.513,4.927,4.359,0.0781,1.984,0.1431,3.635,0.124,0.133,rolamento_combination,500.0
75959,2026-05-23 17:29:30.084913+00:00,0.0584,1.483,77.24,25.13,0.1049,2.665,0.485,0.589,61.0,56.1,0.082,0.119,2.336,2.694,3.849,4.276,0.0825,2.097,0.1484,3.77,0.126,0.137,rolamento_combination,500.0
75978,2026-05-23 17:30:08.085195+00:00,0.0508,1.291,77.24,25.13,0.1106,2.811,0.54,0.537,61.0,53.7,0.077,0.126,2.407,2.45,4.288,3.935,0.0719,1.826,0.1565,3.975,0.125,0.136,rolamento_combination,500.0
76065,2026-05-23 17:33:02.097305+00:00,0.0523,1.329,77.43,25.24,0.1106,2.811,0.401,0.552,61.0,56.1,0.081,0.129,2.278,2.54,3.195,4.021,0.074,1.88,0.1565,3.975,0.125,0.137,rolamento_combination,500.0
76085,2026-05-23 17:33:42.099491+00:00,0.0546,1.388,77.43,25.24,0.1173,2.98,0.441,0.488,61.0,56.1,0.075,0.128,2.323,2.561,3.572,3.591,0.0772,1.963,0.1659,4.215,0.123,0.135,rolamento_combination,500.0
76127,2026-05-23 17:35:06.104188+00:00,0.0511,1.298,77.76,25.42,0.0949,2.412,0.516,0.571,61.0,53.7,0.074,0.113,2.275,2.714,4.12,4.132,0.0723,1.836,0.1342,3.411,0.125,0.138,rolamento_combination,500.0
76191,2026-05-23 17:37:14.110707+00:00,0.0526,1.336,77.95,25.52,0.1157,2.94,0.419,0.525,61.0,56.1,0.078,0.127,2.374,2.54,3.39,3.888,0.0744,1.89,0.1637,4.158,0.123,0.135,rolamento_combination,500.0
76200,2026-05-23 17:37:32.111371+00:00,0.0526,1.336,77.52,25.29,0.113,2.871,0.445,0.458,61.0,56.1,0.076,0.125,2.339,2.509,3.518,3.37,0.0744,1.889,0.1598,4.06,0.126,0.135,rolamento_combination,500.0
76203,2026-05-23 17:37:38.112739+00:00,0.0559,1.421,77.48,25.26,0.1141,2.899,0.454,0.521,61.0,56.1,0.089,0.138,2.355,2.635,3.604,3.85,0.0791,2.01,0.1614,4.1,0.126,0.135,rolamento_combination,500.0
76212,2026-05-23 17:37:56.113889+00:00,0.0562,1.428,77.57,25.31,0.1171,2.974,0.455,0.523,61.0,56.1,0.076,0.127,2.302,2.571,3.66,3.862,0.0795,2.019,0.1656,4.206,0.124,0.135,rolamento_combination,500.0
76241,2026-05-23 17:38:54.117239+00:00,0.0549,1.395,78.42,25.79,0.1091,2.771,0.472,0.578,61.0,56.1,0.073,0.126,2.344,2.698,3.773,4.237,0.0776,1.973,0.1543,3.92,0.125,0.136,rolamento_combination,500.0
76279,2026-05-23 17:40:10.121549+00:00,0.0538,1.366,77.52,25.29,0.1093,2.777,0.416,0.481,61.0,56.1,0.077,0.122,2.32,2.444,3.268,3.525,0.0761,1.933,0.1546,3.927,0.127,0.136,rolamento_combination,500.0
76332,2026-05-23 17:41:56.127777+00:00,0.0559,1.419,77.52,25.29,0.1147,2.913,0.471,0.624,61.0,56.1,0.083,0.129,2.383,2.635,3.757,4.55,0.079,2.008,0.1622,4.12,0.125,0.137,rolamento_combination,500.0
76391,2026-05-23 17:43:54.134494+00:00,0.0528,1.343,77.62,25.34,0.1123,2.854,0.396,0.48,61.0,53.7,0.072,0.121,2.284,2.646,3.201,3.493,0.0747,1.899,0.1589,4.036,0.123,0.137,rolamento_combination,500.0
76399,2026-05-23 17:44:10.135142+00:00,0.0561,1.425,77.57,25.31,0.1207,3.067,0.435,0.535,61.0,56.1,0.079,0.134,2.269,2.628,3.456,3.896,0.0793,2.015,0.1707,4.337,0.125,0.137,rolamento_combination,500.0
76448,2026-05-23 17:45:48.156614+00:00,0.0562,1.429,77.71,25.39,0.1076,2.733,0.425,0.608,61.0,53.7,0.079,0.125,2.352,2.535,3.376,4.424,0.0795,2.021,0.1522,3.866,0.125,0.137,rolamento_combination,500.0
76508,2026-05-23 17:47:48.166739+00:00,0.0618,1.569,77.57,25.31,0.1224,3.11,0.674,0.588,61.0,56.1,0.078,0.134,2.526,2.629,5.398,4.369,0.0874,2.219,0.1731,4.398,0.124,0.134,rolamento_combination,500.0
76543,2026-05-23 18:11:42.935339+00:00,0.0585,1.488,63.4,17.44,0.1084,2.753,0.406,0.485,9.7,12.2,0.072,0.112,2.288,2.389,3.067,3.368,0.0828,2.104,0.1533,3.893,0.132,0.144,rolamento_combination,500.0
76571,2026-05-23 18:12:38.951626+00:00,0.0595,1.512,61.7,16.5,0.0896,2.277,0.404,0.432,58.5,58.5,0.064,0.099,2.297,2.371,3.055,3.002,0.0842,2.139,0.1268,3.221,0.132,0.143,rolamento_combination,500.0
76577,2026-05-23 18:12:50.952529+00:00,0.0673,1.711,61.74,16.52,0.1061,2.695,0.475,0.535,61.0,58.5,0.071,0.108,2.288,2.386,3.581,3.737,0.0952,2.42,0.1501,3.812,0.132,0.143,rolamento_combination,500.0
76615,2026-05-23 18:14:06.957273+00:00,0.0521,1.324,62.16,16.75,0.0752,1.911,0.462,0.478,61.0,12.2,0.071,0.091,2.363,2.441,3.447,3.253,0.0737,1.873,0.1064,2.702,0.134,0.147,rolamento_combination,500.0
76701,2026-05-23 18:16:58.966380+00:00,0.065,1.652,63.22,17.34,0.095,2.413,0.43,0.543,12.2,61.0,0.072,0.102,2.338,2.373,3.249,3.777,0.0919,2.336,0.1343,3.412,0.132,0.143,rolamento_combination,500.0
76769,2026-05-23 18:19:14.977905+00:00,0.0589,1.496,63.4,17.44,0.1087,2.76,0.486,0.564,61.0,58.5,0.069,0.112,2.353,2.511,3.695,3.874,0.0833,2.116,0.1537,3.904,0.131,0.145,rolamento_combination,500.0
76790,2026-05-23 18:19:56.980476+00:00,0.059,1.5,63.59,17.55,0.0976,2.479,0.406,0.548,61.0,58.5,0.072,0.102,2.278,2.462,3.081,3.824,0.0835,2.122,0.138,3.506,0.132,0.143,rolamento_combination,500.0
76799,2026-05-23 18:20:14.981486+00:00,0.0562,1.429,64.92,18.29,0.0794,2.017,0.514,0.472,58.5,58.5,0.078,0.096,2.384,2.414,3.849,3.309,0.0796,2.022,0.1123,2.853,0.133,0.142,rolamento_combination,500.0
76830,2026-05-23 18:21:16.985301+00:00,0.0678,1.723,64.19,17.88,0.0916,2.326,0.449,0.497,61.0,58.5,0.074,0.102,2.369,2.384,3.377,3.479,0.0959,2.436,0.1295,3.29,0.133,0.142,rolamento_combination,500.0
76878,2026-05-23 18:22:52.989131+00:00,0.0615,1.563,65.38,18.54,0.1193,3.031,0.558,0.508,58.5,58.5,0.076,0.119,2.446,2.431,4.215,3.486,0.087,2.211,0.1687,4.287,0.132,0.145,rolamento_combination,500.0
76901,2026-05-23 18:23:38.993942+00:00,0.0627,1.593,64.97,18.31,0.1022,2.597,0.486,0.494,61.0,58.5,0.081,0.116,2.419,2.378,3.635,3.422,0.0887,2.254,0.1446,3.672,0.133,0.144,rolamento_combination,500.0
76980,2026-05-23 18:26:17.002261+00:00,0.0673,1.71,66.58,19.21,0.1092,2.775,0.528,0.577,9.7,58.5,0.076,0.118,2.358,2.446,4.0,3.967,0.0952,2.419,0.1545,3.925,0.132,0.145,rolamento_combination,500.0
77010,2026-05-23 18:27:17.006723+00:00,0.0597,1.517,66.63,19.24,0.0926,2.354,0.494,0.551,61.0,58.5,0.077,0.112,2.432,2.429,3.788,3.851,0.0845,2.146,0.131,3.329,0.13,0.143,rolamento_combination,500.0
77039,2026-05-23 18:28:15.010013+00:00,0.0589,1.496,66.54,19.18,0.0853,2.168,0.451,0.49,61.0,61.0,0.075,0.097,2.385,2.397,3.428,3.366,0.0833,2.116,0.1207,3.067,0.131,0.145,rolamento_combination,500.0
77055,2026-05-23 18:28:47.011936+00:00,0.0561,1.425,67.09,19.49,0.1112,2.825,0.45,0.61,61.0,58.5,0.08,0.114,2.331,2.591,3.468,4.216,0.0793,2.015,0.1573,3.996,0.129,0.144,rolamento_combination,500.0
77088,2026-05-23 18:29:53.015657+00:00,0.0618,1.569,67.23,19.57,0.0901,2.29,0.546,0.52,61.0,58.5,0.078,0.108,2.374,2.588,4.179,3.631,0.0874,2.22,0.1275,3.239,0.13,0.143,rolamento_combination,500.0
77128,2026-05-23 18:31:13.020355+00:00,0.0587,1.492,67.51,19.72,0.1088,2.764,0.482,0.439,58.5,58.5,0.075,0.122,2.363,2.442,3.712,3.047,0.0831,2.11,0.1539,3.91,0.129,0.144,rolamento_combination,500.0
77137,2026-05-23 18:31:31.021676+00:00,0.0542,1.378,68.43,20.24,0.0755,1.919,0.475,0.467,61.0,61.0,0.069,0.091,2.413,2.521,3.664,3.299,0.0767,1.95,0.1068,2.714,0.129,0.141,rolamento_combination,500.0
77168,2026-05-23 18:32:33.025231+00:00,0.06,1.524,67.78,19.88,0.079,2.008,0.523,0.553,9.7,61.0,0.076,0.094,2.521,2.575,3.977,3.915,0.0848,2.155,0.1118,2.84,0.131,0.141,rolamento_combination,500.0
77219,2026-05-23 18:34:15.031457+00:00,0.0594,1.509,68.75,20.42,0.1021,2.595,0.361,0.542,61.0,58.5,0.068,0.109,2.269,2.374,2.84,3.83,0.084,2.134,0.1445,3.671,0.127,0.141,rolamento_combination,500.0
77225,2026-05-23 18:34:27.031938+00:00,0.0615,1.564,68.52,20.29,0.0973,2.473,0.469,0.48,58.5,58.5,0.076,0.118,2.369,2.525,3.629,3.386,0.0871,2.212,0.1377,3.497,0.129,0.141,rolamento_combination,500.0
77265,2026-05-23 18:35:47.036883+00:00,0.0751,1.908,68.8,20.44,0.1044,2.653,0.491,0.515,9.7,58.5,0.082,0.12,2.403,2.421,3.801,3.702,0.1062,2.698,0.1477,3.752,0.129,0.139,rolamento_combination,500.0
77281,2026-05-23 18:36:19.038746+00:00,0.0558,1.417,68.98,20.54,0.0776,1.971,0.515,0.58,61.0,61.0,0.076,0.098,2.361,2.524,3.971,4.149,0.0789,2.005,0.1097,2.787,0.129,0.139,rolamento_combination,500.0
77291,2026-05-23 18:36:39.039950+00:00,0.0596,1.514,68.89,20.49,0.1025,2.603,0.51,0.549,58.5,58.5,0.075,0.114,2.416,2.549,3.924,3.874,0.0843,2.142,0.1449,3.682,0.13,0.141,rolamento_combination,500.0
77327,2026-05-23 18:37:51.044246+00:00,0.0611,1.552,69.08,20.6,0.1045,2.655,0.516,0.788,58.5,58.5,0.076,0.119,2.363,2.774,4.006,5.523,0.0864,2.195,0.1478,3.755,0.128,0.142,rolamento_combination,500.0
77328,2026-05-23 18:37:53.044278+00:00,0.056,1.422,69.4,20.78,0.0896,2.277,0.448,0.566,61.0,61.0,0.082,0.106,2.373,2.492,3.492,4.09,0.0791,2.011,0.1267,3.22,0.128,0.138,rolamento_combination,500.0
77368,2026-05-23 18:39:13.049288+00:00,0.0581,1.476,69.68,20.93,0.0786,1.998,0.438,0.544,9.7,61.0,0.073,0.104,2.372,2.494,3.427,3.852,0.0822,2.088,0.1112,2.826,0.127,0.141,rolamento_combination,500.0
77381,2026-05-23 18:39:39.050771+00:00,0.0628,1.595,69.54,20.85,0.0734,1.864,0.422,0.67,61.0,61.0,0.074,0.09,2.32,2.705,3.313,4.795,0.0888,2.256,0.1038,2.637,0.127,0.139,rolamento_combination,500.0
77435,2026-05-23 18:41:27.057101+00:00,0.058,1.474,69.82,21.01,0.0831,2.111,0.438,0.445,61.0,61.0,0.073,0.098,2.379,2.316,3.403,3.214,0.082,2.085,0.1175,2.986,0.128,0.138,rolamento_combination,500.0
77589,2026-05-23 19:02:05.751292+00:00,0.058,1.475,71.77,22.09,0.0942,2.393,0.518,0.556,61.0,61.0,0.118,0.128,2.553,2.862,3.822,3.627,0.0821,2.086,0.1332,3.384,0.135,0.153,rolamento_combination,1000.0
77596,2026-05-23 19:02:19.752101+00:00,0.0601,1.526,71.81,22.12,0.0797,2.026,0.475,0.578,61.0,61.0,0.109,0.114,2.479,2.66,3.587,3.842,0.085,2.159,0.1128,2.866,0.132,0.15,rolamento_combination,1000.0
77684,2026-05-23 19:05:15.762276+00:00,0.0547,1.389,71.39,21.88,0.0729,1.853,0.438,0.577,61.0,58.5,0.112,0.113,2.433,2.676,3.272,3.855,0.0773,1.965,0.1032,2.621,0.133,0.149,rolamento_combination,1000.0
77707,2026-05-23 19:06:01.764811+00:00,0.056,1.422,71.72,22.06,0.0699,1.776,0.488,0.528,61.0,61.0,0.109,0.113,2.575,2.702,3.65,3.54,0.0792,2.012,0.0989,2.512,0.133,0.149,rolamento_combination,1000.0
77754,2026-05-23 19:07:35.770586+00:00,0.0569,1.446,71.44,21.91,0.0739,1.877,0.508,0.699,61.0,58.5,0.107,0.112,2.529,2.932,3.81,4.638,0.0805,2.045,0.1045,2.655,0.133,0.15,rolamento_combination,1000.0
77766,2026-05-23 19:07:59.771807+00:00,0.0558,1.418,71.44,21.91,0.0821,2.087,0.554,0.553,61.0,61.0,0.096,0.109,2.6,2.837,4.09,3.546,0.0789,2.006,0.1162,2.952,0.135,0.155,rolamento_combination,1000.0
77769,2026-05-23 19:08:05.766344+00:00,0.0589,1.498,72.23,22.35,0.0792,2.012,0.632,0.602,61.0,61.0,0.116,0.128,2.609,2.773,4.725,3.827,0.0834,2.118,0.112,2.846,0.133,0.157,rolamento_combination,1000.0
77773,2026-05-23 19:08:13.772740+00:00,0.0601,1.528,71.81,22.12,0.0757,1.924,0.551,0.618,61.0,61.0,0.116,0.113,2.601,2.754,4.07,3.906,0.0851,2.162,0.1071,2.722,0.135,0.158,rolamento_combination,1000.0
77915,2026-05-23 19:12:57.789750+00:00,0.0634,1.61,72.98,22.76,0.0969,2.462,0.529,0.559,61.0,61.0,0.108,0.132,2.541,2.671,3.982,3.716,0.0896,2.277,0.137,3.481,0.133,0.15,rolamento_combination,1000.0
77955,2026-05-23 19:14:17.794330+00:00,0.0619,1.574,71.67,22.04,0.078,1.981,0.473,0.599,61.0,61.0,0.104,0.111,2.432,2.686,3.575,3.951,0.0876,2.227,0.1103,2.802,0.132,0.151,rolamento_combination,1000.0
77976,2026-05-23 19:14:59.796848+00:00,0.0621,1.579,71.81,22.12,0.0826,2.098,0.484,0.688,61.0,61.0,0.116,0.121,2.493,2.792,3.574,4.409,0.0879,2.233,0.1168,2.967,0.135,0.156,rolamento_combination,1000.0
77995,2026-05-23 19:15:37.799081+00:00,0.0566,1.437,71.77,22.09,0.0879,2.233,0.455,0.531,61.0,61.0,0.095,0.118,2.492,2.668,3.453,3.491,0.08,2.033,0.1243,3.158,0.131,0.152,rolamento_combination,1000.0
78025,2026-05-23 19:16:37.802931+00:00,0.0612,1.554,73.07,22.81,0.0823,2.091,0.471,0.554,61.0,61.0,0.115,0.127,2.485,2.659,3.557,3.632,0.0865,2.198,0.1164,2.957,0.132,0.152,rolamento_combination,1000.0
78045,2026-05-23 19:17:17.805258+00:00,0.0596,1.513,71.81,22.12,0.0856,2.174,0.453,0.522,61.0,58.5,0.118,0.122,2.534,2.689,3.421,3.456,0.0842,2.141,0.121,3.075,0.132,0.151,rolamento_combination,1000.0
78077,2026-05-23 19:18:21.808926+00:00,0.057,1.45,72.14,22.3,0.0863,2.192,0.503,0.624,61.0,58.5,0.132,0.131,2.595,2.68,3.727,4.042,0.0807,2.051,0.122,3.1,0.135,0.154,rolamento_combination,1000.0
78139,2026-05-23 19:20:25.816131+00:00,0.0659,1.675,72.05,22.25,0.0763,1.939,0.549,0.698,61.0,61.0,0.118,0.117,2.612,2.913,3.99,4.299,0.0932,2.369,0.1079,2.742,0.137,0.162,rolamento_combination,1000.0
78156,2026-05-23 19:20:59.818164+00:00,0.0619,1.574,71.95,22.19,0.0757,1.924,0.737,0.646,61.0,61.0,0.11,0.121,2.819,2.831,5.419,4.066,0.0876,2.226,0.1071,2.721,0.136,0.158,rolamento_combination,1000.0
78178,2026-05-23 19:21:43.818460+00:00,0.0534,1.358,73.26,22.92,0.0745,1.894,0.424,0.473,61.0,58.5,0.112,0.114,2.545,2.633,3.202,3.127,0.0756,1.921,0.1054,2.679,0.132,0.151,rolamento_combination,1000.0
78180,2026-05-23 19:21:47.821056+00:00,0.0599,1.523,72.28,22.37,0.0811,2.06,0.457,0.581,61.0,61.0,0.105,0.122,2.45,2.612,3.446,3.901,0.0848,2.154,0.1147,2.913,0.132,0.149,rolamento_combination,1000.0
78233,2026-05-23 19:23:33.827114+00:00,0.0592,1.504,72.0,22.22,0.093,2.363,0.563,0.602,61.0,61.0,0.119,0.132,2.522,2.678,4.222,3.945,0.0837,2.127,0.1316,3.343,0.133,0.152,rolamento_combination,1000.0
78308,2026-05-23 19:26:03.836020+00:00,0.0535,1.36,72.51,22.5,0.0792,2.011,0.497,0.66,61.0,61.0,0.112,0.12,2.631,2.765,3.685,4.361,0.0757,1.923,0.112,2.845,0.135,0.151,rolamento_combination,1000.0
78310,2026-05-23 19:26:07.836388+00:00,0.0617,1.568,72.05,22.25,0.0803,2.041,0.472,0.576,61.0,61.0,0.118,0.121,2.403,2.608,3.524,3.774,0.0873,2.218,0.1136,2.887,0.133,0.152,rolamento_combination,1000.0
78329,2026-05-23 19:26:45.838563+00:00,0.0551,1.4,72.0,22.22,0.0779,1.979,0.434,0.615,61.0,61.0,0.104,0.121,2.426,2.787,3.254,4.046,0.0779,1.981,0.1102,2.799,0.133,0.152,rolamento_combination,1000.0
78345,2026-05-23 19:27:17.840357+00:00,0.0533,1.355,72.79,22.66,0.0818,2.079,0.472,0.57,58.5,61.0,0.097,0.114,2.469,2.597,3.562,3.812,0.0754,1.917,0.1157,2.941,0.132,0.149,rolamento_combination,1000.0
78359,2026-05-23 19:27:45.842189+00:00,0.0638,1.622,72.56,22.53,0.0795,2.021,0.602,0.578,58.5,61.0,0.111,0.119,2.622,2.713,4.531,3.775,0.0903,2.293,0.1125,2.858,0.132,0.153,rolamento_combination,1000.0
78363,2026-05-23 19:27:53.842479+00:00,0.0609,1.547,72.09,22.27,0.0763,1.939,0.666,0.681,61.0,61.0,0.103,0.123,2.622,2.95,4.894,4.374,0.0861,2.188,0.108,2.743,0.136,0.155,rolamento_combination,1000.0
78379,2026-05-23 19:28:25.843333+00:00,0.0524,1.333,72.09,22.27,0.074,1.88,0.515,0.642,61.0,61.0,0.096,0.111,2.495,2.854,3.944,4.166,0.0742,1.885,0.1046,2.659,0.13,0.154,rolamento_combination,1000.0
78388,2026-05-23 19:28:43.844322+00:00,0.0633,1.607,72.19,22.32,0.0851,2.162,0.522,0.597,58.5,61.0,0.122,0.133,2.61,2.774,3.91,3.899,0.0895,2.274,0.1204,3.058,0.133,0.153,rolamento_combination,1000.0
78425,2026-05-23 19:29:57.849740+00:00,0.063,1.601,72.23,22.35,0.0855,2.173,0.595,0.569,61.0,61.0,0.114,0.123,2.67,2.722,4.391,3.702,0.0891,2.264,0.121,3.074,0.135,0.153,rolamento_combination,1000.0
78445,2026-05-23 19:30:37.852023+00:00,0.0553,1.405,72.51,22.5,0.0726,1.846,0.481,0.624,61.0,61.0,0.104,0.11,2.472,2.592,3.625,4.228,0.0782,1.987,0.1028,2.611,0.132,0.147,rolamento_combination,1000.0
78468,2026-05-23 19:31:23.854996+00:00,0.0548,1.393,72.79,22.66,0.0782,1.986,0.561,0.583,61.0,61.0,0.098,0.118,2.452,2.597,4.25,3.831,0.0775,1.97,0.1106,2.809,0.132,0.152,rolamento_combination,1000.0
78470,2026-05-23 19:31:27.855139+00:00,0.0611,1.553,72.19,22.32,0.0789,2.006,0.485,0.634,61.0,58.5,0.117,0.122,2.473,2.763,3.561,3.945,0.0864,2.196,0.1117,2.837,0.136,0.16,rolamento_combination,1000.0
78476,2026-05-23 19:31:39.853724+00:00,0.0602,1.531,72.74,22.63,0.0713,1.812,0.428,0.688,61.0,61.0,0.116,0.126,2.487,2.831,3.224,4.286,0.0852,2.165,0.1009,2.563,0.133,0.16,rolamento_combination,1000.0
78480,2026-05-23 19:31:47.855334+00:00,0.0631,1.603,72.23,22.35,0.0767,1.949,0.441,0.567,61.0,61.0,0.114,0.116,2.492,2.692,3.319,3.732,0.0892,2.267,0.1085,2.756,0.133,0.151,rolamento_combination,1000.0
78490,2026-05-23 19:32:07.857573+00:00,0.057,1.449,72.19,22.32,0.0797,2.025,0.432,0.745,61.0,61.0,0.112,0.118,2.507,2.988,3.229,4.843,0.0806,2.049,0.1127,2.864,0.133,0.153,rolamento_combination,1000.0
78504,2026-05-23 19:32:35.859293+00:00,0.0696,1.768,72.19,22.32,0.0788,2.003,0.395,0.576,61.0,61.0,0.092,0.112,2.369,2.552,3.004,3.923,0.0984,2.501,0.1115,2.832,0.131,0.146,rolamento_combination,1000.0
78506,2026-05-23 19:32:39.859406+00:00,0.0533,1.355,72.19,22.32,0.0735,1.868,0.522,0.57,58.5,61.0,0.107,0.117,2.635,2.634,3.839,3.595,0.0754,1.916,0.104,2.642,0.136,0.158,rolamento_combination,1000.0
78538,2026-05-23 19:45:40.007029+00:00,0.0817,2.076,73.4,23.0,0.1186,3.012,0.709,1.204,9.7,61.0,0.165,0.189,3.068,2.858,3.619,3.876,0.1155,2.936,0.1677,4.26,0.196,0.31,rolamento_combination,2000.0
78558,2026-05-23 19:46:20.015429+00:00,0.072,1.83,72.05,22.25,0.1184,3.009,0.941,1.305,61.0,61.0,0.162,0.151,3.329,3.027,4.497,4.02,0.1018,2.588,0.1675,4.255,0.209,0.324,rolamento_combination,2000.0
78612,2026-05-23 19:48:08.021889+00:00,0.068,1.727,71.07,21.7,0.0943,2.395,0.777,1.188,61.0,58.5,0.153,0.14,2.886,2.976,3.786,4.019,0.0961,2.442,0.1333,3.387,0.205,0.295,rolamento_combination,2000.0
78614,2026-05-23 19:48:12.021426+00:00,0.0669,1.7,71.3,21.83,0.1039,2.639,0.732,1.173,58.5,61.0,0.166,0.158,2.866,3.058,3.658,3.84,0.0946,2.405,0.1469,3.733,0.2,0.305,rolamento_combination,2000.0
78618,2026-05-23 19:48:20.022570+00:00,0.0714,1.815,71.16,21.75,0.1072,2.723,0.93,1.771,61.0,58.5,0.177,0.152,3.279,4.183,4.63,6.057,0.101,2.567,0.1516,3.851,0.2,0.292,rolamento_combination,2000.0
78631,2026-05-23 19:48:46.024084+00:00,0.0729,1.853,70.93,21.63,0.0966,2.454,0.701,1.215,61.0,61.0,0.169,0.159,2.949,3.16,3.464,3.977,0.1032,2.621,0.1366,3.47,0.202,0.305,rolamento_combination,2000.0
78665,2026-05-23 19:49:54.028108+00:00,0.0739,1.879,70.79,21.55,0.1018,2.586,0.705,1.004,61.0,61.0,0.177,0.167,2.966,2.846,3.424,3.453,0.1046,2.657,0.144,3.658,0.206,0.29,rolamento_combination,2000.0
78696,2026-05-23 19:50:56.031855+00:00,0.0692,1.759,70.74,21.52,0.0963,2.448,0.821,1.11,61.0,61.0,0.175,0.156,3.073,2.985,4.043,3.442,0.0979,2.487,0.1363,3.462,0.203,0.322,rolamento_combination,2000.0
78716,2026-05-23 19:51:36.032577+00:00,0.0711,1.807,70.7,21.5,0.1042,2.647,1.176,1.287,61.0,61.0,0.184,0.149,3.648,3.278,4.897,3.852,0.1006,2.556,0.1474,3.744,0.24,0.334,rolamento_combination,2000.0
78719,2026-05-23 19:51:42.034378+00:00,0.0754,1.916,70.84,21.57,0.0953,2.422,0.918,1.19,9.7,61.0,0.16,0.14,3.022,3.294,4.414,4.148,0.1066,2.71,0.1348,3.426,0.208,0.286,rolamento_combination,2000.0
78725,2026-05-23 19:51:54.035105+00:00,0.0693,1.76,70.65,21.47,0.1081,2.747,1.057,1.594,58.5,61.0,0.175,0.159,3.481,3.372,4.573,5.259,0.098,2.489,0.1529,3.885,0.231,0.303,rolamento_combination,2000.0
78743,2026-05-23 19:52:30.037198+00:00,0.073,1.856,70.98,21.65,0.0913,2.319,0.691,1.03,61.0,61.0,0.154,0.151,2.855,2.946,3.564,3.586,0.1033,2.624,0.1291,3.28,0.194,0.287,rolamento_combination,2000.0
78781,2026-05-23 19:53:46.041510+00:00,0.0685,1.741,71.12,21.73,0.0917,2.331,1.023,1.117,61.0,61.0,0.176,0.152,3.342,3.071,4.812,3.583,0.0969,2.462,0.1298,3.297,0.212,0.311,rolamento_combination,2000.0
78822,2026-05-23 19:55:08.046529+00:00,0.0689,1.751,72.56,22.53,0.0992,2.52,0.848,1.169,61.0,58.5,0.167,0.152,3.305,3.009,3.92,3.593,0.0975,2.476,0.1403,3.564,0.216,0.325,rolamento_combination,2000.0
78851,2026-05-23 19:56:06.050030+00:00,0.0639,1.623,72.09,22.27,0.1065,2.706,0.716,1.164,61.0,58.5,0.163,0.161,2.94,3.131,3.388,3.783,0.0903,2.296,0.1506,3.827,0.211,0.307,rolamento_combination,2000.0
78866,2026-05-23 19:56:36.051672+00:00,0.0671,1.705,70.88,21.6,0.0982,2.496,0.954,1.189,61.0,61.0,0.145,0.139,3.243,3.001,4.737,3.933,0.0949,2.411,0.1389,3.53,0.201,0.302,rolamento_combination,2000.0
78874,2026-05-23 19:56:52.052539+00:00,0.0644,1.637,71.58,21.99,0.0922,2.343,0.724,1.294,61.0,61.0,0.17,0.147,2.892,3.113,3.429,4.054,0.0911,2.315,0.1304,3.314,0.211,0.319,rolamento_combination,2000.0
78880,2026-05-23 19:57:04.053185+00:00,0.0721,1.832,71.02,21.68,0.1021,2.593,0.961,1.48,9.7,61.0,0.185,0.175,3.318,3.191,4.314,4.377,0.102,2.592,0.1443,3.667,0.222,0.338,rolamento_combination,2000.0
78900,2026-05-23 19:57:44.055627+00:00,0.069,1.754,70.98,21.65,0.0926,2.353,0.908,1.599,61.0,61.0,0.185,0.149,3.261,3.291,4.326,5.464,0.0976,2.48,0.131,3.328,0.209,0.292,rolamento_combination,2000.0
78941,2026-05-23 19:59:06.060520+00:00,0.0713,1.812,70.93,21.63,0.1129,2.868,1.566,1.851,61.0,61.0,0.178,0.166,5.083,3.296,6.092,5.395,0.1009,2.562,0.1596,4.056,0.257,0.343,rolamento_combination,2000.0
78984,2026-05-23 20:00:32.065935+00:00,0.0677,1.721,70.93,21.63,0.1054,2.679,0.849,1.933,58.5,61.0,0.159,0.173,3.052,3.463,4.079,6.492,0.0958,2.435,0.1491,3.789,0.208,0.297,rolamento_combination,2000.0
79075,2026-05-23 20:03:34.077006+00:00,0.0831,2.111,72.79,22.66,0.1027,2.609,1.016,1.243,12.2,61.0,0.173,0.162,3.623,3.319,4.702,4.154,0.1175,2.985,0.1452,3.69,0.216,0.299,rolamento_combination,2000.0
79113,2026-05-23 20:04:50.080036+00:00,0.0698,1.775,71.63,22.01,0.0977,2.481,0.864,1.136,61.0,58.5,0.187,0.148,3.191,2.996,3.978,3.738,0.0988,2.51,0.1381,3.509,0.217,0.304,rolamento_combination,2000.0
79232,2026-05-23 20:08:48.096599+00:00,0.0677,1.721,71.3,21.83,0.0995,2.527,0.833,1.196,58.5,58.5,0.173,0.152,3.157,2.988,3.701,3.732,0.0958,2.434,0.1407,3.574,0.225,0.32,rolamento_combination,2000.0
79247,2026-05-23 20:09:18.098234+00:00,0.0662,1.682,71.21,21.78,0.1002,2.545,1.064,1.606,61.0,61.0,0.17,0.153,3.87,3.349,4.883,4.637,0.0936,2.379,0.1417,3.599,0.218,0.346,rolamento_combination,2000.0
79329,2026-05-23 20:12:02.107960+00:00,0.078,1.981,71.21,21.78,0.0989,2.513,0.903,1.174,61.0,61.0,0.183,0.159,3.28,3.155,4.171,3.851,0.1103,2.802,0.1399,3.554,0.216,0.304,rolamento_combination,2000.0
79357,2026-05-23 20:12:58.111337+00:00,0.0744,1.891,71.39,21.88,0.1183,3.006,0.935,1.465,61.0,9.7,0.181,0.179,3.114,3.02,4.069,4.053,0.1053,2.674,0.1673,4.251,0.229,0.361,rolamento_combination,2000.0
79384,2026-05-23 20:13:52.114710+00:00,0.0774,1.967,71.3,21.83,0.1106,2.809,0.714,1.267,61.0,58.5,0.182,0.175,3.012,2.962,3.43,4.001,0.1095,2.783,0.1564,3.973,0.208,0.316,rolamento_combination,2000.0
79385,2026-05-23 20:13:54.114932+00:00,0.0774,1.967,72.93,22.74,0.1106,2.809,0.714,1.267,61.0,58.5,0.182,0.175,3.012,2.962,3.43,4.001,0.1095,2.783,0.1564,3.973,0.208,0.316,rolamento_combination,2000.0
79432,2026-05-23 20:15:28.120582+00:00,0.0652,1.657,71.39,21.88,0.0907,2.304,0.81,1.172,61.0,61.0,0.161,0.148,2.896,3.096,3.858,3.837,0.0923,2.344,0.1282,3.258,0.209,0.305,rolamento_combination,2000.0
79503,2026-05-23 20:17:50.129070+00:00,0.0777,1.973,71.44,21.91,0.1124,2.856,0.806,1.103,61.0,58.5,0.182,0.173,2.984,3.016,3.681,3.617,0.1099,2.791,0.159,4.04,0.219,0.304,rolamento_combination,2000.0
79539,2026-05-23 20:23:40.801107+00:00,0.0692,1.759,71.67,22.04,0.0744,1.889,0.678,0.722,61.0,61.0,0.114,0.118,2.822,3.13,4.911,4.568,0.0979,2.488,0.1052,2.672,0.138,0.158,rolamento_combination,1000.0
79587,2026-05-23 20:25:16.818702+00:00,0.0584,1.484,72.65,22.58,0.0734,1.865,0.484,0.576,61.0,61.0,0.111,0.116,2.578,2.797,3.608,3.776,0.0826,2.098,0.1038,2.638,0.134,0.152,rolamento_combination,1000.0
79592,2026-05-23 20:25:26.819320+00:00,0.0581,1.477,72.7,22.61,0.0796,2.023,0.443,0.607,61.0,61.0,0.105,0.115,2.498,2.709,3.312,4.008,0.0822,2.088,0.1126,2.862,0.133,0.151,rolamento_combination,1000.0
79661,2026-05-23 20:27:44.827403+00:00,0.0574,1.458,74.42,23.57,0.0797,2.025,0.459,0.502,61.0,61.0,0.104,0.115,2.505,2.586,3.462,3.409,0.0811,2.062,0.1127,2.864,0.132,0.147,rolamento_combination,1000.0
79687,2026-05-23 20:28:36.830737+00:00,0.0561,1.425,73.58,23.1,0.0817,2.077,0.405,0.646,61.0,58.5,0.111,0.117,2.452,2.679,3.089,4.337,0.0793,2.016,0.1156,2.937,0.131,0.149,rolamento_combination,1000.0
79727,2026-05-23 20:29:56.835288+00:00,0.0548,1.392,73.58,23.1,0.0732,1.861,0.443,0.527,61.0,61.0,0.09,0.107,2.489,2.707,3.329,3.516,0.0775,1.969,0.1036,2.632,0.133,0.15,rolamento_combination,1000.0
79728,2026-05-23 20:29:58.835291+00:00,0.0634,1.611,74.75,23.75,0.0915,2.326,0.457,0.702,61.0,61.0,0.117,0.123,2.48,2.697,3.478,4.593,0.0897,2.279,0.1295,3.289,0.131,0.152,rolamento_combination,1000.0
79740,2026-05-23 20:30:22.836666+00:00,0.0568,1.443,74.0,23.33,0.0707,1.796,0.397,0.518,61.0,61.0,0.105,0.125,2.384,2.687,3.005,3.398,0.0803,2.041,0.1,2.54,0.132,0.152,rolamento_combination,1000.0
79776,2026-05-23 20:31:34.840919+00:00,0.0636,1.617,73.68,23.15,0.087,2.211,0.524,0.533,61.0,61.0,0.116,0.131,2.687,2.667,3.865,3.504,0.09,2.286,0.1231,3.127,0.135,0.152,rolamento_combination,1000.0
79813,2026-05-23 20:32:48.843449+00:00,0.064,1.626,74.0,23.33,0.0827,2.102,0.58,0.598,61.0,61.0,0.122,0.128,2.684,2.819,4.292,3.727,0.0905,2.299,0.117,2.972,0.135,0.16,rolamento_combination,1000.0
79855,2026-05-23 20:34:12.850301+00:00,0.0652,1.658,73.72,23.18,0.0768,1.953,0.543,0.703,61.0,61.0,0.106,0.123,2.568,2.917,4.046,4.445,0.0923,2.344,0.1087,2.762,0.134,0.158,rolamento_combination,1000.0
79873,2026-05-23 20:34:48.852497+00:00,0.0668,1.698,73.68,23.15,0.0802,2.038,0.664,0.607,61.0,61.0,0.127,0.135,2.696,2.852,4.816,3.82,0.0945,2.402,0.1134,2.882,0.137,0.159,rolamento_combination,1000.0
79950,2026-05-23 20:37:22.861679+00:00,0.0599,1.522,74.05,23.36,0.0745,1.894,0.436,0.544,61.0,61.0,0.096,0.11,2.441,2.715,3.341,3.612,0.0847,2.152,0.1054,2.679,0.13,0.15,rolamento_combination,1000.0
79955,2026-05-23 20:37:32.862062+00:00,0.0636,1.617,73.72,23.18,0.0803,2.04,0.474,0.529,61.0,61.0,0.109,0.118,2.565,2.689,3.6,3.493,0.09,2.286,0.1136,2.885,0.131,0.151,rolamento_combination,1000.0
79958,2026-05-23 20:37:38.862601+00:00,0.06,1.525,73.96,23.31,0.0815,2.072,0.524,0.627,61.0,61.0,0.107,0.126,2.638,2.876,3.967,4.084,0.0849,2.157,0.1153,2.93,0.132,0.153,rolamento_combination,1000.0
79983,2026-05-23 20:38:28.865608+00:00,0.0609,1.548,73.82,23.23,0.0843,2.143,0.46,0.664,61.0,58.5,0.119,0.139,2.541,3.092,3.44,4.232,0.0862,2.19,0.1193,3.03,0.133,0.157,rolamento_combination,1000.0
80023,2026-05-23 20:39:48.870153+00:00,0.0615,1.562,73.82,23.23,0.0837,2.127,0.503,0.551,61.0,61.0,0.097,0.121,2.542,2.719,3.801,3.611,0.087,2.21,0.1184,3.008,0.132,0.152,rolamento_combination,1000.0
80182,2026-05-23 20:45:06.888926+00:00,0.0625,1.588,73.72,23.18,0.0763,1.94,0.577,0.582,61.0,61.0,0.112,0.118,2.588,2.707,4.309,3.776,0.0884,2.245,0.108,2.744,0.134,0.154,rolamento_combination,1000.0
80193,2026-05-23 20:45:28.890148+00:00,0.0579,1.47,73.77,23.2,0.0778,1.976,0.515,0.562,61.0,61.0,0.111,0.119,2.562,2.661,3.864,3.7,0.0819,2.08,0.11,2.795,0.133,0.151,rolamento_combination,1000.0
80239,2026-05-23 20:47:00.895740+00:00,0.0567,1.441,73.68,23.15,0.0797,2.025,0.493,0.582,58.5,61.0,0.11,0.116,2.492,2.71,3.699,3.942,0.0802,2.038,0.1127,2.864,0.133,0.147,rolamento_combination,1000.0
80269,2026-05-23 20:48:00.899353+00:00,0.0698,1.773,73.86,23.25,0.0835,2.121,0.429,0.529,9.7,61.0,0.126,0.14,2.394,2.78,3.255,3.424,0.0987,2.507,0.1181,3.0,0.131,0.154,rolamento_combination,1000.0
80291,2026-05-23 20:48:44.901952+00:00,0.0698,1.774,75.55,24.19,0.0774,1.967,0.48,0.559,9.7,61.0,0.103,0.117,2.513,2.723,3.647,3.693,0.0988,2.51,0.1095,2.781,0.131,0.151,rolamento_combination,1000.0
80321,2026-05-23 20:49:44.905632+00:00,0.0599,1.523,73.96,23.31,0.076,1.932,0.534,0.571,58.5,61.0,0.11,0.132,2.622,2.698,4.067,3.589,0.0848,2.154,0.1076,2.733,0.131,0.159,rolamento_combination,1000.0
80434,2026-05-23 20:53:30.918136+00:00,0.0621,1.578,74.66,23.7,0.0805,2.045,0.544,0.58,61.0,61.0,0.112,0.137,2.444,2.699,4.075,3.769,0.0878,2.232,0.1138,2.892,0.133,0.154,rolamento_combination,1000.0
80458,2026-05-23 20:54:18.921439+00:00,0.0587,1.492,74.05,23.36,0.0853,2.168,0.612,0.675,61.0,58.5,0.112,0.131,2.632,2.698,4.522,4.461,0.083,2.11,0.1207,3.066,0.135,0.151,rolamento_combination,1000.0
80468,2026-05-23 20:54:38.919437+00:00,0.0551,1.401,74.33,23.51,0.079,2.007,0.554,0.714,61.0,61.0,0.103,0.111,2.548,2.862,4.074,4.461,0.078,1.982,0.1117,2.838,0.136,0.16,rolamento_combination,1000.0
80599,2026-05-25 16:44:49.158119+00:00,0.0499,1.269,68.34,20.19,0.0829,2.107,0.446,0.52,61.0,56.1,0.064,0.1,2.307,2.427,3.411,3.674,0.0706,1.795,0.1173,2.98,0.131,0.141,rolamento_ball,500.0
80634,2026-05-25 16:45:59.161934+00:00,0.0586,1.489,68.52,20.29,0.1151,2.925,0.568,0.514,61.0,58.5,0.066,0.111,2.449,2.447,4.276,3.624,0.0829,2.106,0.1628,4.137,0.132,0.142,rolamento_ball,500.0
80653,2026-05-25 16:46:37.162279+00:00,0.065,1.652,69.59,20.88,0.1008,2.56,0.541,0.53,9.7,56.1,0.069,0.11,2.39,2.475,4.109,3.665,0.092,2.336,0.1425,3.621,0.131,0.144,rolamento_ball,500.0
80747,2026-05-25 16:49:45.174119+00:00,0.0575,1.462,69.45,20.8,0.0963,2.448,0.413,0.543,58.5,58.5,0.073,0.11,2.387,2.517,3.165,3.818,0.0814,2.067,0.1363,3.462,0.13,0.142,rolamento_ball,500.0
80789,2026-05-25 16:51:09.178452+00:00,0.0649,1.649,69.54,20.85,0.1076,2.733,0.458,0.502,9.7,58.5,0.071,0.117,2.302,2.488,3.532,3.572,0.0918,2.332,0.1521,3.865,0.129,0.14,rolamento_ball,500.0
80804,2026-05-25 16:51:39.179686+00:00,0.048,1.22,70.51,21.39,0.0865,2.197,0.508,0.561,61.0,56.1,0.068,0.103,2.399,2.516,3.871,3.966,0.0679,1.725,0.1223,3.107,0.131,0.141,rolamento_ball,500.0
80822,2026-05-25 16:52:15.181771+00:00,0.0641,1.628,69.82,21.01,0.1032,2.623,0.445,0.561,58.5,58.5,0.069,0.107,2.346,2.393,3.366,3.969,0.0906,2.303,0.146,3.709,0.132,0.141,rolamento_ball,500.0
80859,2026-05-25 16:53:29.185806+00:00,0.0556,1.414,71.16,21.75,0.0907,2.305,0.465,0.577,61.0,61.0,0.066,0.097,2.371,2.602,3.599,4.026,0.0787,2.0,0.1283,3.26,0.129,0.143,rolamento_ball,500.0
80953,2026-05-25 16:56:37.195063+00:00,0.0564,1.432,72.19,22.32,0.0798,2.027,0.475,0.53,61.0,56.1,0.071,0.101,2.336,2.565,3.69,3.755,0.0797,2.026,0.1129,2.867,0.128,0.141,rolamento_ball,500.0
80959,2026-05-25 16:56:49.195652+00:00,0.0505,1.284,70.88,21.6,0.0815,2.07,0.436,0.464,61.0,56.1,0.069,0.098,2.327,2.395,3.45,3.377,0.0715,1.817,0.1152,2.927,0.126,0.137,rolamento_ball,500.0
81021,2026-05-25 16:58:53.202204+00:00,0.0582,1.478,71.35,21.86,0.1026,2.607,0.455,0.602,61.0,58.5,0.076,0.118,2.423,2.604,3.557,4.308,0.0823,2.09,0.1451,3.688,0.127,0.139,rolamento_ball,500.0
81030,2026-05-25 16:59:11.203524+00:00,0.0507,1.289,71.39,21.88,0.0793,2.014,0.469,0.547,61.0,56.1,0.069,0.095,2.382,2.621,3.648,3.85,0.0718,1.824,0.1121,2.849,0.128,0.142,rolamento_ball,500.0
81036,2026-05-25 16:59:23.204141+00:00,0.0553,1.407,71.39,21.88,0.0829,2.106,0.41,0.537,61.0,56.1,0.072,0.1,2.292,2.532,3.241,3.875,0.0783,1.989,0.1173,2.979,0.126,0.138,rolamento_ball,500.0
81043,2026-05-25 16:59:37.204990+00:00,0.0607,1.543,72.88,22.71,0.1106,2.81,0.492,0.506,58.5,56.1,0.072,0.118,2.385,2.57,3.869,3.575,0.0859,2.183,0.1564,3.974,0.127,0.141,rolamento_ball,500.0
81088,2026-05-25 17:01:07.209996+00:00,0.057,1.448,71.95,22.19,0.0864,2.196,0.504,0.541,61.0,56.1,0.077,0.103,2.371,2.466,3.886,3.862,0.0806,2.048,0.1223,3.106,0.129,0.14,rolamento_ball,500.0
81146,2026-05-25 17:03:03.216716+00:00,0.054,1.374,72.7,22.61,0.0775,1.97,0.441,0.506,61.0,61.0,0.071,0.092,2.346,2.471,3.411,3.575,0.0765,1.943,0.1097,2.786,0.129,0.141,rolamento_ball,500.0
81196,2026-05-25 17:04:43.222618+00:00,0.0548,1.392,73.26,22.92,0.0792,2.013,0.478,0.582,61.0,61.0,0.07,0.095,2.327,2.679,3.731,4.174,0.0775,1.969,0.112,2.846,0.128,0.139,rolamento_ball,500.0
81234,2026-05-25 17:05:59.226528+00:00,0.0478,1.214,72.6,22.56,0.1156,2.937,0.495,0.49,61.0,58.5,0.072,0.125,2.324,2.433,3.915,3.546,0.0676,1.717,0.1635,4.153,0.126,0.138,rolamento_ball,500.0
81270,2026-05-25 17:07:11.230631+00:00,0.0476,1.21,73.44,23.02,0.0726,1.844,0.428,0.545,61.0,56.1,0.07,0.092,2.374,2.538,3.341,3.889,0.0673,1.711,0.1027,2.609,0.128,0.14,rolamento_ball,500.0
81273,2026-05-25 17:07:17.229811+00:00,0.047,1.196,73.58,23.1,0.0809,2.055,0.415,0.57,61.0,56.1,0.075,0.098,2.341,2.565,3.293,4.106,0.0665,1.691,0.1144,2.907,0.126,0.138,rolamento_ball,500.0
81278,2026-05-25 17:07:27.231571+00:00,0.0555,1.41,72.98,22.76,0.1062,2.699,0.506,0.651,58.5,58.5,0.081,0.121,2.453,2.719,3.936,4.684,0.0785,1.994,0.1502,3.816,0.128,0.139,rolamento_ball,500.0
81280,2026-05-25 17:07:31.231742+00:00,0.0428,1.087,73.68,23.15,0.0882,2.241,0.386,0.576,61.0,56.1,0.071,0.105,2.344,2.668,3.035,4.201,0.0605,1.537,0.1247,3.169,0.127,0.137,rolamento_ball,500.0
81287,2026-05-25 17:07:45.232687+00:00,0.0518,1.316,73.02,22.79,0.0875,2.224,0.474,0.709,61.0,56.1,0.078,0.1,2.383,2.607,3.737,5.115,0.0733,1.862,0.1238,3.146,0.126,0.138,rolamento_ball,500.0
81459,2026-05-25 17:13:29.251066+00:00,0.0544,1.382,73.96,23.31,0.0811,2.062,0.365,0.591,61.0,56.1,0.072,0.101,2.268,2.474,2.9,4.3,0.0769,1.955,0.1148,2.916,0.125,0.137,rolamento_ball,500.0
81486,2026-05-25 17:14:23.254079+00:00,0.055,1.398,74.52,23.62,0.1056,2.682,0.515,0.496,58.5,58.5,0.078,0.116,2.395,2.439,4.054,3.633,0.0778,1.978,0.1493,3.794,0.127,0.136,rolamento_ball,500.0
81515,2026-05-25 17:15:21.257486+00:00,0.0575,1.461,74.42,23.57,0.0871,2.213,0.408,0.601,61.0,56.1,0.074,0.102,2.294,2.579,3.215,4.344,0.0813,2.067,0.1232,3.129,0.127,0.138,rolamento_ball,500.0
81516,2026-05-25 17:15:23.257574+00:00,0.0541,1.374,74.42,23.57,0.1177,2.99,0.545,0.485,58.5,58.5,0.072,0.123,2.411,2.375,4.283,3.533,0.0765,1.943,0.1665,4.229,0.127,0.137,rolamento_ball,500.0
81583,2026-05-25 19:43:39.320461+00:00,0.0568,1.445,75.83,24.35,0.0736,1.871,0.487,0.513,61.0,61.0,0.102,0.119,2.473,2.645,3.751,3.407,0.0804,2.043,0.1042,2.646,0.13,0.15,rolamento_ball,1000.0
81589,2026-05-25 19:43:51.321063+00:00,0.0582,1.48,75.5,24.16,0.0787,1.999,0.43,0.672,61.0,61.0,0.1,0.119,2.412,2.927,3.277,4.51,0.0824,2.093,0.1113,2.827,0.131,0.149,rolamento_ball,1000.0
81597,2026-05-25 19:44:07.321927+00:00,0.0527,1.339,75.55,24.19,0.0784,1.992,0.479,0.574,61.0,61.0,0.1,0.119,2.481,2.672,3.659,3.839,0.0746,1.894,0.1109,2.818,0.131,0.149,rolamento_ball,1000.0
81618,2026-05-25 19:44:49.324404+00:00,0.057,1.449,75.55,24.19,0.0845,2.148,0.443,0.536,61.0,58.5,0.1,0.116,2.411,2.681,3.452,3.59,0.0807,2.05,0.1196,3.038,0.128,0.149,rolamento_ball,1000.0
81676,2026-05-25 19:46:45.330840+00:00,0.054,1.373,75.45,24.14,0.0758,1.927,0.574,0.682,61.0,61.0,0.096,0.13,2.633,2.801,4.364,4.388,0.0764,1.942,0.1073,2.725,0.131,0.155,rolamento_ball,1000.0
81727,2026-05-25 19:48:27.336663+00:00,0.0581,1.477,74.99,23.88,0.0759,1.929,0.493,0.589,61.0,61.0,0.094,0.123,2.511,2.736,3.707,3.814,0.0822,2.089,0.1074,2.728,0.133,0.154,rolamento_ball,1000.0
81737,2026-05-25 19:48:47.337635+00:00,0.0536,1.363,76.35,24.63,0.0708,1.798,0.445,0.713,61.0,61.0,0.099,0.116,2.446,2.725,3.426,4.728,0.0759,1.928,0.1001,2.543,0.13,0.15,rolamento_ball,1000.0
81752,2026-05-25 19:49:17.339305+00:00,0.0563,1.431,75.92,24.4,0.0774,1.966,0.449,0.507,61.0,61.0,0.098,0.119,2.422,2.605,3.428,3.306,0.0797,2.024,0.1095,2.781,0.13,0.153,rolamento_ball,1000.0
81801,2026-05-25 19:50:55.344939+00:00,0.0527,1.34,74.99,23.88,0.0731,1.858,0.497,0.55,61.0,61.0,0.093,0.112,2.421,2.594,3.817,3.636,0.0746,1.895,0.1034,2.627,0.13,0.151,rolamento_ball,1000.0
81814,2026-05-25 19:51:21.346103+00:00,0.0595,1.512,74.89,23.83,0.073,1.856,0.447,0.509,61.0,61.0,0.099,0.112,2.458,2.642,3.361,3.316,0.0842,2.139,0.1033,2.625,0.133,0.153,rolamento_ball,1000.0
81857,2026-05-25 19:52:47.351109+00:00,0.0561,1.425,75.97,24.43,0.0779,1.979,0.489,0.565,61.0,58.5,0.094,0.109,2.505,2.649,3.719,3.642,0.0793,2.015,0.1102,2.799,0.131,0.155,rolamento_ball,1000.0
81906,2026-05-25 19:54:25.356762+00:00,0.0628,1.595,74.75,23.75,0.0687,1.745,0.477,0.572,61.0,58.5,0.098,0.11,2.469,2.644,3.615,3.644,0.0888,2.255,0.0971,2.468,0.132,0.157,rolamento_ball,1000.0
81961,2026-05-25 19:56:15.357458+00:00,0.0548,1.394,74.7,23.72,0.0743,1.888,0.469,0.549,61.0,61.0,0.095,0.111,2.521,2.674,3.539,3.551,0.0776,1.971,0.1051,2.67,0.132,0.154,rolamento_ball,1000.0
82012,2026-05-25 19:57:57.369497+00:00,0.0577,1.467,75.03,23.9,0.0761,1.933,0.478,0.524,61.0,61.0,0.093,0.11,2.461,2.709,3.613,3.363,0.0817,2.075,0.1076,2.734,0.132,0.155,rolamento_ball,1000.0
82112,2026-05-25 20:01:17.381142+00:00,0.0587,1.492,74.61,23.67,0.0773,1.965,0.418,0.624,61.0,61.0,0.096,0.112,2.443,2.648,3.16,4.017,0.083,2.11,0.1094,2.779,0.132,0.155,rolamento_ball,1000.0
82121,2026-05-25 20:01:35.382094+00:00,0.0533,1.355,74.61,23.67,0.0766,1.948,0.501,0.598,61.0,61.0,0.092,0.11,2.464,2.815,3.804,3.895,0.0754,1.916,0.1084,2.754,0.131,0.153,rolamento_ball,1000.0
82152,2026-05-25 20:02:37.385781+00:00,0.0605,1.537,75.08,23.93,0.0753,1.914,0.599,0.68,61.0,58.5,0.097,0.114,2.565,2.814,4.508,4.421,0.0855,2.174,0.1066,2.708,0.133,0.153,rolamento_ball,1000.0
82181,2026-05-25 20:03:35.388740+00:00,0.0556,1.413,75.41,24.11,0.0828,2.104,0.526,0.551,61.0,61.0,0.091,0.112,2.481,2.709,3.897,3.566,0.0787,1.999,0.1171,2.976,0.135,0.154,rolamento_ball,1000.0
82200,2026-05-25 20:04:13.390798+00:00,0.0559,1.421,74.52,23.62,0.0781,1.985,0.425,0.651,61.0,61.0,0.096,0.116,2.461,2.738,3.199,4.177,0.0791,2.01,0.1105,2.807,0.132,0.155,rolamento_ball,1000.0
82214,2026-05-25 20:04:41.392505+00:00,0.0618,1.569,74.99,23.88,0.0807,2.05,0.452,0.531,61.0,61.0,0.103,0.129,2.406,2.607,3.418,3.423,0.0874,2.22,0.1141,2.9,0.132,0.155,rolamento_ball,1000.0
82223,2026-05-25 20:04:59.393208+00:00,0.0601,1.527,74.56,23.64,0.0793,2.016,0.554,0.57,58.5,61.0,0.1,0.104,2.489,2.638,4.168,3.658,0.085,2.159,0.1122,2.851,0.133,0.156,rolamento_ball,1000.0
82356,2026-05-25 20:09:25.407841+00:00,0.0631,1.602,74.61,23.67,0.0728,1.849,0.55,0.632,61.0,61.0,0.1,0.11,2.64,2.828,4.075,4.023,0.0892,2.266,0.1029,2.615,0.135,0.157,rolamento_ball,1000.0
82362,2026-05-25 20:09:37.408712+00:00,0.0554,1.407,74.38,23.54,0.0785,1.995,0.394,0.501,61.0,58.5,0.098,0.126,2.45,2.741,3.011,3.233,0.0783,1.99,0.1111,2.822,0.13,0.155,rolamento_ball,1000.0
82437,2026-05-25 20:12:07.417001+00:00,0.0668,1.698,74.33,23.51,0.0773,1.965,0.515,0.523,61.0,61.0,0.098,0.116,2.422,2.702,3.911,3.427,0.0945,2.401,0.1094,2.779,0.131,0.152,rolamento_ball,1000.0
82440,2026-05-25 20:12:13.417621+00:00,0.0645,1.638,75.27,24.03,0.071,1.805,0.499,0.578,61.0,58.5,0.098,0.11,2.506,2.698,3.796,3.811,0.0912,2.317,0.1005,2.553,0.131,0.151,rolamento_ball,1000.0
82474,2026-05-25 20:13:21.420422+00:00,0.057,1.448,74.47,23.59,0.0847,2.153,0.502,0.56,61.0,61.0,0.095,0.121,2.503,2.718,3.783,3.629,0.0806,2.048,0.1199,3.045,0.132,0.154,rolamento_ball,1000.0
82547,2026-05-25 20:50:13.644063+00:00,0.0601,1.528,73.82,23.23,0.0994,2.524,0.738,0.981,61.0,61.0,0.131,0.135,2.859,3.017,4.208,3.664,0.085,2.161,0.1405,3.57,0.175,0.267,rolamento_ball,2000.0
82555,2026-05-25 20:50:29.644950+00:00,0.0714,1.815,73.68,23.15,0.0992,2.519,0.721,0.997,61.0,58.5,0.135,0.142,2.981,2.908,3.958,3.468,0.101,2.567,0.1403,3.563,0.182,0.287,rolamento_ball,2000.0
82598,2026-05-25 20:51:55.649357+00:00,0.0724,1.839,73.63,23.13,0.1132,2.877,0.65,1.008,61.0,61.0,0.127,0.148,2.974,2.909,3.578,3.602,0.1023,2.6,0.1602,4.069,0.181,0.28,rolamento_ball,2000.0
82614,2026-05-25 20:52:27.650770+00:00,0.0708,1.799,73.35,22.97,0.115,2.921,0.658,1.086,61.0,61.0,0.132,0.152,2.885,2.9,3.55,3.668,0.1001,2.544,0.1626,4.132,0.185,0.296,rolamento_ball,2000.0
82628,2026-05-25 20:52:55.652185+00:00,0.0636,1.617,72.56,22.53,0.1028,2.612,0.659,0.958,61.0,61.0,0.129,0.14,2.777,2.929,3.578,3.252,0.09,2.286,0.1454,3.694,0.184,0.294,rolamento_ball,2000.0
82655,2026-05-25 20:53:49.654975+00:00,0.0737,1.872,72.42,22.45,0.1038,2.638,0.685,0.99,61.0,61.0,0.133,0.15,2.954,2.95,3.799,3.606,0.1042,2.647,0.1469,3.731,0.18,0.274,rolamento_ball,2000.0
82710,2026-05-25 20:55:39.660374+00:00,0.0739,1.879,72.23,22.35,0.1258,3.196,0.73,0.98,9.7,61.0,0.133,0.154,2.821,2.914,4.024,3.621,0.1046,2.657,0.1779,4.519,0.181,0.27,rolamento_ball,2000.0
82762,2026-05-25 20:57:23.665644+00:00,0.0652,1.656,72.37,22.43,0.1167,2.964,0.683,0.983,61.0,61.0,0.123,0.15,2.89,2.788,3.713,3.291,0.0922,2.342,0.165,4.192,0.183,0.298,rolamento_ball,2000.0
82915,2026-05-25 21:02:29.682528+00:00,0.065,1.651,73.4,23.0,0.1045,2.654,0.721,1.118,61.0,58.5,0.127,0.146,2.843,3.009,3.808,3.826,0.0919,2.334,0.1478,3.754,0.189,0.292,rolamento_ball,2000.0
82930,2026-05-25 21:02:59.684307+00:00,0.0709,1.802,72.42,22.45,0.1265,3.215,0.667,1.103,9.7,61.0,0.127,0.148,2.833,2.87,3.576,4.061,0.1003,2.548,0.179,4.547,0.186,0.271,rolamento_ball,2000.0
82946,2026-05-25 21:03:31.686059+00:00,0.0787,1.999,73.12,22.84,0.1094,2.779,0.699,1.111,9.7,61.0,0.13,0.145,2.822,2.877,3.751,3.781,0.1113,2.828,0.1547,3.93,0.186,0.293,rolamento_ball,2000.0
83001,2026-05-25 21:05:21.692345+00:00,0.0619,1.572,72.7,22.61,0.1047,2.659,0.688,1.014,61.0,61.0,0.135,0.141,2.886,3.061,3.633,3.498,0.0875,2.223,0.148,3.761,0.189,0.289,rolamento_ball,2000.0
83027,2026-05-25 21:06:13.693713+00:00,0.0625,1.587,73.07,22.81,0.0925,2.351,0.587,1.122,61.0,58.5,0.145,0.15,2.781,2.846,3.14,3.818,0.0884,2.245,0.1309,3.326,0.187,0.293,rolamento_ball,2000.0
83074,2026-05-25 21:07:47.700774+00:00,0.0779,1.979,72.46,22.48,0.1059,2.69,0.654,1.029,58.5,61.0,0.138,0.147,2.749,2.92,3.525,3.4,0.1102,2.799,0.1497,3.804,0.185,0.302,rolamento_ball,2000.0
83143,2026-05-25 21:10:05.708176+00:00,0.0661,1.681,72.6,22.56,0.1086,2.759,0.716,1.01,61.0,58.5,0.129,0.146,2.858,2.953,3.826,3.496,0.0936,2.377,0.1536,3.903,0.187,0.289,rolamento_ball,2000.0
83155,2026-05-25 21:10:29.709430+00:00,0.0698,1.773,74.1,23.38,0.1091,2.772,0.663,1.215,9.7,61.0,0.123,0.136,2.806,3.023,3.648,4.185,0.0987,2.508,0.1543,3.92,0.181,0.29,rolamento_ball,2000.0
83200,2026-05-25 21:11:59.713922+00:00,0.062,1.575,72.74,22.63,0.0995,2.528,0.7,1.194,61.0,61.0,0.14,0.148,2.822,2.886,3.749,3.958,0.0877,2.227,0.1407,3.576,0.186,0.301,rolamento_ball,2000.0
83224,2026-05-25 21:12:47.715454+00:00,0.0631,1.602,72.88,22.71,0.1026,2.608,0.699,1.018,58.5,61.0,0.122,0.144,2.818,2.952,3.809,3.344,0.0892,2.266,0.1452,3.688,0.183,0.304,rolamento_ball,2000.0
83284,2026-05-25 21:14:47.721042+00:00,0.06,1.524,72.98,22.76,0.1024,2.602,0.631,0.999,61.0,61.0,0.13,0.148,2.856,2.898,3.351,3.347,0.0848,2.155,0.1448,3.679,0.188,0.298,rolamento_ball,2000.0
83348,2026-05-25 21:16:55.730109+00:00,0.0732,1.859,72.65,22.58,0.1038,2.637,0.754,0.961,61.0,61.0,0.153,0.167,2.862,2.825,3.699,3.139,0.1035,2.629,0.1468,3.729,0.203,0.306,rolamento_ball,2000.0
83382,2026-05-25 21:18:03.733420+00:00,0.069,1.753,72.65,22.58,0.1082,2.749,0.698,0.956,61.0,61.0,0.137,0.155,2.847,2.871,3.527,3.315,0.0976,2.479,0.153,3.888,0.197,0.288,rolamento_ball,2000.0
83390,2026-05-25 21:18:19.734293+00:00,0.0666,1.691,72.65,22.58,0.1174,2.983,0.804,1.265,61.0,61.0,0.13,0.168,2.879,2.758,4.025,4.041,0.0941,2.392,0.1661,4.219,0.199,0.313,rolamento_ball,2000.0
83398,2026-05-25 21:18:35.732756+00:00,0.0687,1.745,72.7,22.61,0.0986,2.505,0.675,1.263,9.7,61.0,0.132,0.149,2.832,3.139,3.485,4.493,0.0972,2.468,0.1395,3.543,0.193,0.281,rolamento_ball,2000.0
83414,2026-05-25 21:19:07.736909+00:00,0.0806,2.048,72.79,22.66,0.1106,2.811,0.762,1.44,9.7,61.0,0.127,0.139,2.874,3.313,3.876,5.059,0.114,2.897,0.1565,3.975,0.196,0.284,rolamento_ball,2000.0
83488,2026-05-25 21:21:35.745494+00:00,0.0561,1.425,72.6,22.56,0.0938,2.382,0.745,0.953,61.0,61.0,0.114,0.135,2.802,2.867,3.753,3.263,0.0793,2.016,0.1326,3.37,0.198,0.292,rolamento_ball,2000.0
83533,2026-05-25 21:23:05.750410+00:00,0.0622,1.58,72.7,22.61,0.1026,2.607,0.69,1.045,61.0,61.0,0.127,0.151,2.81,3.014,3.489,3.521,0.088,2.235,0.1451,3.687,0.197,0.296,rolamento_ball,2000.0
83613,2026-05-25 21:55:01.011251+00:00,0.0574,1.46,78.85,26.02,0.1178,2.992,0.466,0.55,58.5,58.5,0.081,0.128,2.415,2.576,3.749,4.052,0.0812,2.064,0.1666,4.231,0.124,0.135,rolamento_ball,500.0
83639,2026-05-25 21:55:53.015369+00:00,0.0543,1.379,80.03,26.68,0.1156,2.936,0.425,0.488,58.5,58.5,0.077,0.127,2.289,2.564,3.503,3.597,0.0768,1.951,0.1634,4.152,0.121,0.135,rolamento_ball,500.0
83648,2026-05-25 21:56:11.016417+00:00,0.0482,1.225,78.47,25.81,0.0816,2.073,0.413,0.478,61.0,61.0,0.078,0.109,2.312,2.459,3.357,3.539,0.0682,1.733,0.1154,2.931,0.123,0.135,rolamento_ball,500.0
83747,2026-05-25 21:59:29.026842+00:00,0.0495,1.258,77.81,25.45,0.0789,2.005,0.46,0.513,61.0,61.0,0.082,0.103,2.34,2.537,3.736,3.701,0.07,1.779,0.1116,2.835,0.123,0.138,rolamento_ball,500.0
83753,2026-05-25 21:59:41.028923+00:00,0.0569,1.446,77.9,25.5,0.0752,1.911,0.467,0.601,61.0,61.0,0.076,0.1,2.418,2.619,3.776,4.434,0.0805,2.045,0.1064,2.703,0.123,0.135,rolamento_ball,500.0
83781,2026-05-25 22:00:37.031454+00:00,0.0589,1.497,77.76,25.42,0.0973,2.473,0.524,0.503,58.5,58.5,0.083,0.117,2.375,2.498,4.155,3.691,0.0833,2.117,0.1377,3.497,0.126,0.136,rolamento_ball,500.0
83843,2026-05-25 22:02:41.038829+00:00,0.0579,1.472,77.48,25.26,0.1095,2.781,0.503,0.499,58.5,58.5,0.085,0.13,2.329,2.556,4.021,3.667,0.0819,2.081,0.1548,3.934,0.125,0.136,rolamento_ball,500.0
83864,2026-05-25 22:03:23.041362+00:00,0.059,1.498,77.43,25.24,0.097,2.466,0.535,0.513,61.0,58.5,0.077,0.115,2.41,2.541,4.286,3.755,0.0834,2.119,0.1373,3.487,0.124,0.136,rolamento_ball,500.0
83918,2026-05-25 22:05:11.046949+00:00,0.0517,1.313,77.52,25.29,0.0725,1.843,0.359,0.524,61.0,61.0,0.08,0.099,2.191,2.503,2.941,3.862,0.0731,1.857,0.1026,2.606,0.122,0.135,rolamento_ball,500.0
83924,2026-05-25 22:05:23.047561+00:00,0.0634,1.612,77.38,25.21,0.1131,2.874,0.447,0.499,61.0,58.5,0.093,0.138,2.417,2.658,3.551,3.677,0.0897,2.28,0.16,4.065,0.125,0.135,rolamento_ball,500.0
83945,2026-05-25 22:06:05.050008+00:00,0.0522,1.327,77.52,25.29,0.0977,2.483,0.451,0.547,58.5,58.5,0.072,0.115,2.358,2.651,3.654,3.934,0.0739,1.877,0.1382,3.512,0.123,0.139,rolamento_ball,500.0
84013,2026-05-25 22:08:21.057869+00:00,0.0609,1.547,77.33,25.18,0.0902,2.291,0.515,0.692,61.0,58.5,0.082,0.118,2.411,2.731,4.109,4.966,0.0861,2.188,0.1275,3.24,0.125,0.139,rolamento_ball,500.0
84045,2026-05-25 22:09:25.061398+00:00,0.0537,1.365,78.94,26.08,0.099,2.515,0.536,0.513,61.0,58.5,0.081,0.12,2.585,2.519,4.296,3.742,0.076,1.93,0.14,3.556,0.124,0.137,rolamento_ball,500.0
84050,2026-05-25 22:09:35.062175+00:00,0.061,1.549,79.04,26.13,0.0841,2.136,0.539,0.514,61.0,61.0,0.081,0.105,2.416,2.544,4.296,3.762,0.0862,2.191,0.1189,3.021,0.125,0.136,rolamento_ball,500.0
84057,2026-05-25 22:09:49.062929+00:00,0.0453,1.151,78.09,25.6,0.0678,1.723,0.431,0.533,61.0,61.0,0.077,0.107,2.365,2.641,3.47,3.949,0.0641,1.628,0.0959,2.437,0.124,0.134,rolamento_ball,500.0
84080,2026-05-25 22:10:35.065818+00:00,0.0548,1.392,78.04,25.58,0.0975,2.476,0.547,0.514,61.0,58.5,0.078,0.114,2.529,2.454,4.418,3.755,0.0775,1.969,0.1378,3.502,0.123,0.136,rolamento_ball,500.0
84129,2026-05-25 22:12:13.071421+00:00,0.0519,1.319,77.48,25.26,0.0678,1.724,0.433,0.624,61.0,61.0,0.079,0.095,2.312,2.622,3.482,4.534,0.0734,1.865,0.096,2.438,0.124,0.137,rolamento_ball,500.0
84139,2026-05-25 22:12:33.071793+00:00,0.0539,1.369,77.52,25.29,0.0986,2.505,0.499,0.601,58.5,58.5,0.077,0.115,2.408,2.664,3.949,4.279,0.0762,1.936,0.1394,3.542,0.126,0.14,rolamento_ball,500.0
84155,2026-05-25 22:13:05.074234+00:00,0.0498,1.265,77.33,25.18,0.0841,2.138,0.576,0.477,61.0,58.5,0.075,0.107,2.387,2.521,4.604,3.509,0.0704,1.789,0.119,3.023,0.125,0.135,rolamento_ball,500.0
84180,2026-05-25 22:13:55.077211+00:00,0.0498,1.267,77.33,25.18,0.077,1.958,0.482,0.6,61.0,61.0,0.078,0.104,2.424,2.621,3.82,4.39,0.0705,1.792,0.109,2.769,0.126,0.136,rolamento_ball,500.0
84198,2026-05-25 22:14:31.079068+00:00,0.0538,1.366,77.38,25.21,0.0849,2.158,0.457,0.535,61.0,61.0,0.081,0.11,2.291,2.54,3.701,3.943,0.0761,1.932,0.1201,3.052,0.123,0.135,rolamento_ball,500.0
84206,2026-05-25 22:14:47.080187+00:00,0.0591,1.502,77.48,25.26,0.0982,2.494,0.439,0.554,58.5,58.5,0.08,0.12,2.476,2.489,3.516,4.014,0.0836,2.125,0.1389,3.528,0.124,0.138,rolamento_ball,500.0
84230,2026-05-25 22:15:35.082576+00:00,0.049,1.245,77.24,25.13,0.0865,2.197,0.484,0.586,61.0,61.0,0.074,0.109,2.373,2.541,3.839,4.21,0.0693,1.761,0.1223,3.108,0.126,0.139,rolamento_ball,500.0
84252,2026-05-25 22:16:19.084921+00:00,0.058,1.475,77.48,25.26,0.0969,2.462,0.47,0.628,58.5,58.5,0.085,0.124,2.379,2.696,3.732,4.535,0.0821,2.086,0.1371,3.482,0.126,0.138,rolamento_ball,500.0
84263,2026-05-25 22:16:41.086203+00:00,0.0554,1.407,77.43,25.24,0.0725,1.841,0.511,0.615,61.0,61.0,0.078,0.101,2.388,2.599,4.134,4.491,0.0783,1.99,0.1025,2.604,0.123,0.137,rolamento_ball,500.0
84270,2026-05-25 22:16:55.086932+00:00,0.0615,1.563,77.95,25.52,0.0985,2.503,0.498,0.524,61.0,58.5,0.081,0.117,2.484,2.561,3.921,3.769,0.087,2.211,0.1393,3.54,0.127,0.139,rolamento_ball,500.0
84305,2026-05-25 22:18:05.090917+00:00,0.0545,1.385,79.13,26.18,0.0936,2.379,0.44,0.578,61.0,58.5,0.078,0.112,2.315,2.54,3.516,4.246,0.0771,1.959,0.1325,3.365,0.125,0.136,rolamento_ball,500.0
84396,2026-05-25 22:21:07.099116+00:00,0.0499,1.269,77.66,25.37,0.0971,2.466,0.51,0.489,61.0,58.5,0.075,0.121,2.427,2.556,4.106,3.579,0.0706,1.794,0.1373,3.488,0.124,0.136,rolamento_ball,500.0
84398,2026-05-25 22:21:11.101472+00:00,0.0528,1.341,77.43,25.24,0.0942,2.392,0.453,0.596,61.0,58.5,0.079,0.113,2.423,2.509,3.649,4.286,0.0746,1.897,0.1332,3.384,0.124,0.139,rolamento_ball,500.0
84408,2026-05-25 22:21:31.102699+00:00,0.0553,1.405,77.76,25.42,0.0942,2.392,0.493,0.46,61.0,58.5,0.078,0.112,2.388,2.541,3.948,3.35,0.0782,1.987,0.1332,3.384,0.125,0.137,rolamento_ball,500.0
84468,2026-05-25 22:23:31.109067+00:00,0.0504,1.28,77.43,25.24,0.1025,2.603,0.428,0.523,61.0,58.5,0.075,0.119,2.331,2.549,3.433,3.852,0.0713,1.811,0.1449,3.681,0.124,0.135,rolamento_ball,500.0
84501,2026-05-25 22:24:37.112347+00:00,0.0535,1.359,77.43,25.24,0.107,2.718,0.421,0.563,61.0,58.5,0.079,0.124,2.395,2.704,3.396,4.092,0.0756,1.922,0.1513,3.844,0.124,0.137,rolamento_ball,500.0
84521,2026-05-25 22:25:17.115119+00:00,0.0542,1.376,77.48,25.26,0.0981,2.493,0.572,0.572,61.0,58.5,0.078,0.115,2.51,2.626,4.569,4.14,0.0766,1.947,0.1388,3.525,0.125,0.138,rolamento_ball,500.0
84531,2026-05-25 22:25:37.116096+00:00,0.0507,1.29,78.37,25.76,0.0777,1.974,0.491,0.543,61.0,61.0,0.085,0.111,2.391,2.57,3.902,3.987,0.0718,1.824,0.1099,2.792,0.125,0.136,rolamento_ball,500.0
84618,2026-05-25 23:54:15.594731+00:00,0.0605,1.538,72.09,22.27,0.1015,2.579,0.439,0.622,58.5,58.5,0.077,0.118,2.381,2.533,3.424,4.498,0.0856,2.175,0.1436,3.648,0.128,0.138,polia,500.0
84626,2026-05-25 23:54:31.595647+00:00,0.0577,1.468,71.63,22.01,0.0842,2.139,0.426,0.525,61.0,61.0,0.068,0.093,2.337,2.478,3.306,3.733,0.0817,2.076,0.1191,3.025,0.129,0.14,polia,500.0
84631,2026-05-25 23:54:41.596110+00:00,0.0566,1.438,71.39,21.88,0.1048,2.662,0.476,0.622,61.0,58.5,0.073,0.111,2.418,2.659,3.681,4.427,0.08,2.033,0.1482,3.765,0.129,0.14,polia,500.0
84633,2026-05-25 23:54:45.596392+00:00,0.0595,1.511,71.53,21.96,0.0651,1.655,0.437,0.566,61.0,61.0,0.072,0.09,2.331,2.523,3.389,4.018,0.0841,2.138,0.0921,2.341,0.129,0.141,polia,500.0
84645,2026-05-25 23:55:09.597524+00:00,0.0528,1.341,71.3,21.83,0.1044,2.652,0.428,0.5,58.5,58.5,0.072,0.113,2.304,2.501,3.349,3.548,0.0747,1.897,0.1477,3.751,0.128,0.14,polia,500.0
84669,2026-05-25 23:55:57.600515+00:00,0.064,1.626,71.95,22.19,0.0873,2.217,0.422,0.557,9.7,61.0,0.072,0.101,2.344,2.545,3.287,4.003,0.0905,2.3,0.1234,3.136,0.128,0.139,polia,500.0
84707,2026-05-25 23:57:13.603503+00:00,0.059,1.5,70.98,21.65,0.0943,2.397,0.471,0.641,58.5,58.5,0.071,0.11,2.323,2.567,3.678,4.576,0.0835,2.121,0.1334,3.39,0.128,0.14,polia,500.0
84750,2026-05-25 23:58:39.609047+00:00,0.0622,1.581,70.88,21.6,0.0864,2.196,0.446,0.442,61.0,58.5,0.073,0.098,2.361,2.332,3.443,3.179,0.088,2.236,0.1223,3.106,0.129,0.139,polia,500.0
84760,2026-05-25 23:58:59.610274+00:00,0.0663,1.685,71.07,21.7,0.0752,1.91,0.388,0.502,9.7,61.0,0.071,0.095,2.248,2.359,2.991,3.631,0.0938,2.383,0.1063,2.702,0.129,0.138,polia,500.0
84777,2026-05-25 23:59:33.612136+00:00,0.0477,1.212,71.12,21.73,0.0752,1.91,0.469,0.48,61.0,61.0,0.07,0.097,2.332,2.416,3.626,3.393,0.0674,1.714,0.1063,2.702,0.129,0.141,polia,500.0
84786,2026-05-25 23:59:51.612929+00:00,0.0599,1.523,71.07,21.7,0.1055,2.68,0.616,0.693,58.5,58.5,0.071,0.116,2.52,2.698,4.794,4.821,0.0848,2.155,0.1492,3.79,0.128,0.143,polia,500.0
84805,2026-05-26 00:00:29.615094+00:00,0.0532,1.352,71.95,22.19,0.1015,2.578,0.496,0.621,61.0,58.5,0.076,0.108,2.422,2.55,3.856,4.374,0.0753,1.912,0.1435,3.646,0.128,0.142,polia,500.0
84853,2026-05-26 00:02:05.620472+00:00,0.0571,1.451,71.3,21.83,0.0672,1.707,0.427,0.494,61.0,61.0,0.07,0.089,2.407,2.477,3.283,3.478,0.0808,2.053,0.095,2.414,0.13,0.142,polia,500.0
84856,2026-05-26 00:02:11.620504+00:00,0.0585,1.487,71.77,22.09,0.0921,2.341,0.578,0.478,58.5,58.5,0.075,0.11,2.433,2.48,4.441,3.408,0.0828,2.103,0.1303,3.311,0.13,0.14,polia,500.0
84859,2026-05-26 00:02:17.621045+00:00,0.0556,1.414,72.56,22.53,0.0802,2.039,0.442,0.519,61.0,61.0,0.07,0.095,2.355,2.53,3.455,3.64,0.0787,2.0,0.1135,2.884,0.127,0.142,polia,500.0
84898,2026-05-26 00:03:35.625549+00:00,0.054,1.372,71.49,21.94,0.0905,2.3,0.45,0.524,61.0,58.5,0.073,0.105,2.415,2.572,3.45,3.65,0.0763,1.94,0.1281,3.254,0.13,0.143,polia,500.0
84985,2026-05-26 00:06:29.634878+00:00,0.0601,1.527,72.98,22.76,0.0863,2.192,0.528,0.558,61.0,61.0,0.075,0.101,2.426,2.525,3.999,3.952,0.085,2.16,0.122,3.1,0.132,0.141,polia,500.0
85049,2026-05-26 00:08:37.642352+00:00,0.0556,1.413,73.54,23.07,0.091,2.313,0.472,0.564,61.0,58.5,0.076,0.11,2.327,2.45,3.662,3.968,0.0786,1.998,0.1288,3.271,0.129,0.142,polia,500.0
85056,2026-05-26 00:08:51.643142+00:00,0.0545,1.384,72.42,22.45,0.0996,2.531,0.456,0.582,58.5,58.5,0.07,0.114,2.472,2.572,3.558,4.129,0.077,1.957,0.1409,3.58,0.128,0.141,polia,500.0
85101,2026-05-26 00:10:21.648474+00:00,0.0524,1.331,72.84,22.68,0.094,2.387,0.499,0.559,61.0,61.0,0.074,0.106,2.498,2.596,3.866,3.985,0.0741,1.883,0.1329,3.376,0.129,0.14,polia,500.0
85105,2026-05-26 00:10:29.647294+00:00,0.0535,1.36,72.7,22.61,0.0988,2.51,0.482,0.51,58.5,58.5,0.071,0.116,2.284,2.539,3.753,3.614,0.0757,1.923,0.1397,3.55,0.128,0.141,polia,500.0
85120,2026-05-26 00:10:59.649888+00:00,0.0535,1.359,72.88,22.71,0.1043,2.651,0.543,0.543,61.0,9.7,0.072,0.109,2.415,2.663,4.208,3.806,0.0756,1.921,0.1476,3.749,0.129,0.142,polia,500.0
85124,2026-05-26 00:11:07.650608+00:00,0.0641,1.628,73.49,23.05,0.0893,2.269,0.452,0.434,61.0,58.5,0.073,0.106,2.402,2.404,3.509,3.117,0.0906,2.302,0.1263,3.209,0.128,0.139,polia,500.0
85158,2026-05-26 00:12:15.655165+00:00,0.0553,1.405,73.3,22.94,0.0993,2.523,0.491,0.553,61.0,58.5,0.074,0.117,2.352,2.612,3.843,3.92,0.0782,1.987,0.1404,3.568,0.127,0.141,polia,500.0
85161,2026-05-26 00:12:21.655328+00:00,0.0535,1.361,73.07,22.81,0.0881,2.237,0.47,0.53,58.5,58.5,0.073,0.099,2.38,2.478,3.728,3.834,0.0757,1.924,0.1246,3.164,0.126,0.138,polia,500.0
85162,2026-05-26 00:12:23.655614+00:00,0.0577,1.465,74.52,23.62,0.0657,1.67,0.444,0.546,61.0,61.0,0.074,0.098,2.423,2.537,3.422,3.92,0.0816,2.072,0.093,2.362,0.129,0.139,polia,500.0
85185,2026-05-26 00:13:09.658009+00:00,0.0539,1.369,73.16,22.87,0.0968,2.46,0.507,0.489,58.5,58.5,0.075,0.12,2.449,2.556,3.906,3.465,0.0762,1.936,0.137,3.48,0.129,0.141,polia,500.0
85206,2026-05-26 00:13:51.660470+00:00,0.0589,1.497,73.35,22.97,0.0725,1.841,0.538,0.525,61.0,61.0,0.074,0.097,2.459,2.531,4.17,3.692,0.0834,2.118,0.1025,2.604,0.129,0.142,polia,500.0
85214,2026-05-26 00:14:07.661565+00:00,0.0628,1.597,73.82,23.23,0.0863,2.193,0.397,0.503,58.5,58.5,0.073,0.106,2.316,2.392,3.093,3.599,0.0889,2.258,0.1221,3.102,0.128,0.139,polia,500.0
85238,2026-05-26 00:14:55.664253+00:00,0.0614,1.56,74.14,23.41,0.1013,2.574,0.473,0.552,61.0,58.5,0.077,0.12,2.479,2.62,3.652,3.897,0.0868,2.207,0.1433,3.64,0.129,0.141,polia,500.0
85271,2026-05-26 00:16:01.667704+00:00,0.0557,1.416,73.82,23.23,0.0672,1.708,0.408,0.642,61.0,61.0,0.07,0.091,2.297,2.539,3.24,4.608,0.0788,2.002,0.0951,2.416,0.126,0.139,polia,500.0
85274,2026-05-26 00:16:07.668093+00:00,0.0552,1.402,74.33,23.51,0.0975,2.477,0.473,0.555,58.5,58.5,0.079,0.108,2.417,2.589,3.741,4.005,0.0781,1.983,0.1379,3.504,0.126,0.138,polia,500.0
85285,2026-05-26 00:16:29.669162+00:00,0.0481,1.222,74.38,23.54,0.0784,1.993,0.441,0.569,61.0,61.0,0.07,0.1,2.351,2.555,3.459,4.091,0.068,1.729,0.1109,2.818,0.127,0.139,polia,500.0
85301,2026-05-26 00:17:01.670994+00:00,0.0566,1.438,74.75,23.75,0.1074,2.73,0.456,0.598,58.5,58.5,0.077,0.123,2.362,2.492,3.573,4.292,0.0801,2.034,0.152,3.86,0.127,0.139,polia,500.0
85302,2026-05-26 00:17:03.671178+00:00,0.0628,1.596,73.86,23.25,0.0887,2.253,0.45,0.674,61.0,58.5,0.078,0.11,2.37,2.643,3.536,4.718,0.0888,2.257,0.1254,3.187,0.127,0.142,polia,500.0
85304,2026-05-26 00:17:07.671449+00:00,0.0546,1.388,74.33,23.51,0.066,1.676,0.506,0.477,61.0,61.0,0.072,0.094,2.419,2.46,4.009,3.466,0.0773,1.963,0.0933,2.371,0.126,0.137,polia,500.0
85417,2026-05-26 00:20:53.684597+00:00,0.0514,1.306,75.41,24.11,0.0951,2.416,0.459,0.529,61.0,58.5,0.073,0.11,2.486,2.505,3.578,3.784,0.0727,1.848,0.1345,3.417,0.128,0.139,polia,500.0
85478,2026-05-26 00:22:55.691244+00:00,0.0543,1.38,74.7,23.72,0.0916,2.326,0.496,0.488,61.0,61.0,0.074,0.111,2.478,2.53,3.891,3.478,0.0768,1.952,0.1295,3.29,0.127,0.14,polia,500.0
85560,2026-05-26 00:29:26.907473+00:00,0.0743,1.888,75.17,23.98,0.1056,2.683,0.42,0.763,17.0,17.0,0.095,0.121,2.428,2.882,3.252,5.163,0.1051,2.671,0.1494,3.795,0.129,0.147,polia,1000.0
85582,2026-05-26 00:30:10.909800+00:00,0.0803,2.04,74.7,23.72,0.1037,2.636,0.504,0.574,17.0,17.0,0.099,0.119,2.503,2.681,3.841,3.843,0.1136,2.886,0.1467,3.728,0.131,0.149,polia,1000.0
85590,2026-05-26 00:30:26.910708+00:00,0.0806,2.049,74.47,23.59,0.1108,2.815,0.498,0.562,17.0,17.0,0.098,0.121,2.43,2.616,3.858,3.877,0.1141,2.898,0.1567,3.981,0.129,0.145,polia,1000.0
85595,2026-05-26 00:30:36.910598+00:00,0.0735,1.868,74.75,23.75,0.1104,2.805,0.402,0.553,17.0,17.0,0.095,0.127,2.391,2.649,3.07,3.708,0.104,2.641,0.1562,3.967,0.131,0.149,polia,1000.0
85614,2026-05-26 00:31:14.913328+00:00,0.0766,1.946,74.99,23.88,0.115,2.922,0.427,0.621,17.0,17.0,0.099,0.122,2.447,2.718,3.284,4.139,0.1083,2.752,0.1627,4.133,0.13,0.15,polia,1000.0
85625,2026-05-26 00:31:36.912952+00:00,0.0757,1.922,75.5,24.16,0.1124,2.856,0.484,0.585,17.0,17.0,0.091,0.12,2.427,2.594,3.708,3.902,0.107,2.719,0.159,4.039,0.13,0.15,polia,1000.0
85628,2026-05-26 00:31:42.914700+00:00,0.083,2.108,74.28,23.49,0.1042,2.647,0.489,0.665,17.0,17.0,0.097,0.108,2.491,2.755,3.776,4.482,0.1173,2.981,0.1474,3.744,0.129,0.148,polia,1000.0
85680,2026-05-26 00:33:26.920646+00:00,0.073,1.854,75.78,24.32,0.1129,2.869,0.549,0.541,17.0,17.0,0.099,0.128,2.515,2.713,4.213,3.588,0.1032,2.622,0.1597,4.057,0.13,0.15,polia,1000.0
85691,2026-05-26 00:33:48.922051+00:00,0.0819,2.082,74.0,23.33,0.093,2.363,0.465,0.689,17.0,17.0,0.093,0.116,2.514,2.696,3.57,4.624,0.1159,2.945,0.1315,3.341,0.13,0.149,polia,1000.0
85700,2026-05-26 00:34:06.923074+00:00,0.0729,1.854,74.0,23.33,0.1138,2.89,0.538,0.685,17.0,17.0,0.093,0.116,2.559,2.728,4.057,4.605,0.1032,2.622,0.1609,4.088,0.132,0.148,polia,1000.0
85718,2026-05-26 00:34:42.925184+00:00,0.0785,1.994,74.0,23.33,0.1094,2.779,0.469,0.564,17.0,17.0,0.096,0.125,2.4,2.645,3.613,3.75,0.111,2.821,0.1547,3.931,0.13,0.15,polia,1000.0
85721,2026-05-26 00:34:48.925464+00:00,0.0814,2.069,74.0,23.33,0.1075,2.73,0.5,0.584,17.0,17.0,0.093,0.115,2.469,2.708,3.876,3.92,0.1152,2.926,0.152,3.861,0.129,0.149,polia,1000.0
85748,2026-05-26 00:35:42.928687+00:00,0.091,2.312,74.1,23.38,0.1087,2.761,0.508,0.57,17.0,17.0,0.096,0.123,2.395,2.662,3.885,3.845,0.1287,3.269,0.1537,3.905,0.13,0.148,polia,1000.0
85860,2026-05-26 00:39:26.941534+00:00,0.0821,2.086,75.59,24.22,0.1101,2.798,0.548,0.55,17.0,17.0,0.099,0.127,2.504,2.698,4.125,3.692,0.1161,2.951,0.1558,3.958,0.133,0.149,polia,1000.0
85877,2026-05-26 00:40:00.943428+00:00,0.0791,2.01,74.0,23.33,0.091,2.313,0.548,0.689,17.0,61.0,0.098,0.107,2.517,2.709,4.118,4.611,0.1119,2.842,0.1287,3.271,0.133,0.149,polia,1000.0
85910,2026-05-26 00:41:06.947276+00:00,0.0771,1.958,75.5,24.16,0.1073,2.727,0.487,0.586,17.0,17.0,0.098,0.115,2.55,2.659,3.679,3.875,0.109,2.769,0.1518,3.856,0.132,0.151,polia,1000.0
85984,2026-05-26 00:43:34.955949+00:00,0.0758,1.926,74.24,23.46,0.1014,2.575,0.482,0.549,17.0,61.0,0.091,0.13,2.567,2.762,3.678,3.619,0.1072,2.724,0.1434,3.642,0.131,0.151,polia,1000.0
86065,2026-05-26 00:46:16.965286+00:00,0.0893,2.27,74.94,23.85,0.1053,2.675,0.483,0.563,17.0,17.0,0.091,0.116,2.377,2.61,3.72,3.758,0.1264,3.21,0.1489,3.783,0.129,0.149,polia,1000.0
86107,2026-05-26 00:47:40.970403+00:00,0.068,1.727,76.06,24.48,0.1025,2.603,0.492,0.68,17.0,17.0,0.088,0.11,2.461,2.79,3.804,4.578,0.0962,2.443,0.1449,3.681,0.129,0.148,polia,1000.0
86108,2026-05-26 00:47:42.970557+00:00,0.083,2.109,76.06,24.48,0.1104,2.805,0.571,0.642,17.0,17.0,0.093,0.118,2.521,2.67,4.363,4.346,0.1174,2.983,0.1562,3.967,0.131,0.147,polia,1000.0
86133,2026-05-26 00:48:32.973529+00:00,0.0736,1.87,74.61,23.67,0.1019,2.589,0.398,0.504,17.0,17.0,0.101,0.124,2.365,2.586,3.085,3.425,0.1041,2.645,0.1441,3.662,0.129,0.147,polia,1000.0
86155,2026-05-26 00:49:16.976245+00:00,0.0686,1.743,74.47,23.59,0.1016,2.581,0.462,0.695,17.0,17.0,0.093,0.12,2.433,2.823,3.503,4.666,0.097,2.465,0.1437,3.651,0.131,0.148,polia,1000.0
86180,2026-05-26 00:50:06.979228+00:00,0.0774,1.967,74.42,23.57,0.0989,2.512,0.483,0.492,17.0,17.0,0.096,0.121,2.369,2.498,3.746,3.377,0.1095,2.782,0.1399,3.553,0.128,0.145,polia,1000.0
86187,2026-05-26 00:50:20.980017+00:00,0.0745,1.894,76.3,24.61,0.0949,2.41,0.48,0.607,17.0,61.0,0.088,0.109,2.559,2.788,3.618,4.049,0.1054,2.679,0.1342,3.409,0.132,0.15,polia,1000.0
86237,2026-05-26 00:52:00.985758+00:00,0.0822,2.088,74.61,23.67,0.0994,2.526,0.488,0.57,17.0,17.0,0.097,0.117,2.45,2.726,3.839,3.823,0.1162,2.952,0.1406,3.573,0.127,0.149,polia,1000.0
86258,2026-05-26 00:52:42.988405+00:00,0.0842,2.139,74.56,23.64,0.1063,2.7,0.489,0.589,17.0,17.0,0.095,0.121,2.417,2.777,3.741,3.912,0.1191,3.025,0.1503,3.819,0.13,0.15,polia,1000.0
86259,2026-05-26 00:52:44.988503+00:00,0.0842,2.139,74.56,23.64,0.1063,2.7,0.489,0.589,17.0,17.0,0.095,0.121,2.417,2.777,3.741,3.912,0.1191,3.025,0.1503,3.819,0.13,0.15,polia,1000.0
86268,2026-05-26 00:53:02.989561+00:00,0.0679,1.725,74.61,23.67,0.1245,3.164,0.393,0.572,17.0,9.7,0.095,0.121,2.41,2.646,2.997,3.801,0.096,2.44,0.1761,4.475,0.131,0.15,polia,1000.0
86285,2026-05-26 00:53:36.991526+00:00,0.0875,2.222,74.56,23.64,0.0961,2.442,0.517,0.551,17.0,17.0,0.104,0.122,2.523,2.777,3.973,3.709,0.1237,3.143,0.1359,3.453,0.13,0.148,polia,1000.0
86318,2026-05-26 00:54:42.995660+00:00,0.0856,2.175,74.7,23.72,0.0999,2.537,0.52,0.606,17.0,17.0,0.097,0.122,2.492,2.628,3.991,4.086,0.1211,3.076,0.1412,3.588,0.13,0.148,polia,1000.0
86341,2026-05-26 00:55:28.997783+00:00,0.0764,1.94,74.61,23.67,0.1035,2.629,0.493,0.49,17.0,17.0,0.088,0.113,2.461,2.585,3.781,3.331,0.108,2.744,0.1464,3.719,0.13,0.147,polia,1000.0
86382,2026-05-26 00:56:51.002540+00:00,0.0842,2.141,74.7,23.72,0.1026,2.606,0.453,0.523,17.0,17.0,0.093,0.111,2.375,2.677,3.549,3.574,0.1192,3.027,0.1451,3.686,0.127,0.146,polia,1000.0
86415,2026-05-26 00:57:57.006482+00:00,0.0808,2.052,74.66,23.7,0.1016,2.582,0.386,0.691,17.0,17.0,0.088,0.112,2.417,2.805,2.982,4.565,0.1142,2.902,0.1437,3.652,0.129,0.151,polia,1000.0
86460,2026-05-26 00:59:27.011777+00:00,0.0817,2.077,74.75,23.75,0.095,2.413,0.489,0.577,17.0,61.0,0.099,0.119,2.506,2.717,3.76,3.874,0.1156,2.937,0.1344,3.413,0.13,0.149,polia,1000.0
86466,2026-05-26 00:59:39.010535+00:00,0.0731,1.857,74.94,23.85,0.1215,3.087,0.5,0.699,17.0,17.0,0.091,0.119,2.436,2.847,3.865,4.679,0.1034,2.627,0.1719,4.367,0.129,0.149,polia,1000.0
86500,2026-05-26 01:00:47.016599+00:00,0.0819,2.081,74.75,23.75,0.1002,2.545,0.397,0.552,17.0,17.0,0.098,0.118,2.337,2.696,3.111,3.728,0.1158,2.943,0.1417,3.599,0.127,0.148,polia,1000.0
86530,2026-05-26 01:01:47.020076+00:00,0.0789,2.004,75.5,24.16,0.1021,2.595,0.518,0.501,17.0,17.0,0.092,0.118,2.48,2.525,4.027,3.428,0.1116,2.835,0.1445,3.671,0.128,0.146,polia,1000.0
86574,2026-05-26 01:13:48.600488+00:00,0.0789,2.005,63.86,17.7,0.114,2.897,0.468,0.512,17.0,14.6,0.091,0.114,2.495,2.446,3.421,3.422,0.1116,2.836,0.1613,4.098,0.137,0.149,polia,1000.0
86626,2026-05-26 01:15:32.606460+00:00,0.0914,2.324,64.23,17.9,0.1152,2.928,0.369,0.567,17.0,17.0,0.082,0.107,2.379,2.566,2.719,3.759,0.1293,3.286,0.163,4.141,0.135,0.151,polia,1000.0
86702,2026-05-26 01:18:04.615349+00:00,0.0928,2.357,65.06,18.37,0.0972,2.469,0.449,0.61,17.0,17.0,0.093,0.114,2.384,2.559,3.298,4.01,0.1312,3.334,0.1375,3.492,0.136,0.152,polia,1000.0
86751,2026-05-26 01:19:42.620902+00:00,0.089,2.262,65.8,18.77,0.1068,2.714,0.469,0.581,17.0,9.7,0.093,0.113,2.445,2.615,3.43,3.811,0.1259,3.199,0.1511,3.838,0.137,0.152,polia,1000.0
86798,2026-05-26 01:21:16.624572+00:00,0.062,1.576,66.35,19.08,0.1053,2.676,0.477,0.63,61.0,17.0,0.093,0.116,2.55,2.591,3.48,4.121,0.0877,2.229,0.149,3.785,0.137,0.152,polia,1000.0
86804,2026-05-26 01:21:28.627080+00:00,0.1021,2.594,66.49,19.16,0.1111,2.823,0.493,0.495,17.0,17.0,0.1,0.116,2.38,2.52,3.671,3.361,0.1444,3.669,0.1572,3.993,0.134,0.147,polia,1000.0
86892,2026-05-26 01:24:24.637677+00:00,0.0727,1.846,67.51,19.72,0.0978,2.485,0.543,0.562,17.0,17.0,0.085,0.107,2.508,2.526,4.063,3.819,0.1028,2.611,0.1383,3.514,0.133,0.147,polia,1000.0
86974,2026-05-26 01:27:08.647287+00:00,0.0807,2.05,68.61,20.34,0.1008,2.562,0.454,0.525,17.0,14.6,0.096,0.123,2.459,2.58,3.44,3.561,0.1141,2.899,0.1426,3.623,0.132,0.147,polia,1000.0
87003,2026-05-26 01:28:06.650947+00:00,0.0846,2.148,69.31,20.72,0.1096,2.786,0.588,0.49,17.0,17.0,0.086,0.117,2.483,2.535,4.444,3.336,0.1196,3.039,0.1551,3.94,0.132,0.147,polia,1000.0
87022,2026-05-26 01:28:44.652817+00:00,0.0911,2.316,68.75,20.42,0.0919,2.336,0.46,0.522,17.0,17.0,0.093,0.113,2.396,2.682,3.436,3.463,0.1289,3.275,0.13,3.303,0.134,0.15,polia,1000.0
87046,2026-05-26 01:29:32.655785+00:00,0.0865,2.199,68.98,20.54,0.1094,2.78,0.451,0.602,17.0,17.0,0.096,0.12,2.313,2.578,3.36,3.99,0.1224,3.109,0.1547,3.931,0.134,0.151,polia,1000.0
87072,2026-05-26 01:30:24.659242+00:00,0.0848,2.154,69.22,20.67,0.0948,2.409,0.44,0.434,17.0,61.0,0.096,0.119,2.406,2.454,3.31,2.968,0.1199,3.046,0.1341,3.407,0.133,0.146,polia,1000.0
87092,2026-05-26 01:31:04.661265+00:00,0.0862,2.191,70.7,21.5,0.112,2.844,0.498,0.53,17.0,17.0,0.105,0.131,2.364,2.535,3.767,3.582,0.122,3.099,0.1584,4.023,0.132,0.148,polia,1000.0
87115,2026-05-26 01:31:50.664191+00:00,0.0858,2.179,69.59,20.88,0.0946,2.402,0.45,0.532,17.0,17.0,0.093,0.115,2.373,2.541,3.421,3.517,0.1213,3.082,0.1337,3.398,0.131,0.151,polia,1000.0
87158,2026-05-26 01:33:16.669195+00:00,0.0884,2.246,71.44,21.91,0.112,2.846,0.402,0.537,17.0,17.0,0.096,0.109,2.415,2.68,3.062,3.618,0.125,3.177,0.1585,4.025,0.131,0.148,polia,1000.0
87201,2026-05-26 01:34:42.674044+00:00,0.073,1.856,70.23,21.24,0.099,2.516,0.465,0.576,17.0,17.0,0.096,0.119,2.401,2.653,3.505,3.825,0.1033,2.625,0.14,3.558,0.132,0.15,polia,1000.0
87221,2026-05-26 01:35:22.676452+00:00,0.0825,2.097,70.37,21.32,0.1017,2.584,0.479,0.575,17.0,17.0,0.097,0.119,2.456,2.663,3.651,3.885,0.1168,2.966,0.1438,3.654,0.131,0.148,polia,1000.0
87256,2026-05-26 01:36:32.680471+00:00,0.0803,2.04,70.56,21.42,0.0954,2.424,0.488,0.567,17.0,17.0,0.097,0.117,2.489,2.678,3.729,3.815,0.1136,2.885,0.1349,3.428,0.13,0.148,polia,1000.0
87262,2026-05-26 01:36:44.681136+00:00,0.0909,2.31,70.93,21.63,0.1093,2.776,0.491,0.548,17.0,17.0,0.102,0.122,2.427,2.679,3.775,3.675,0.1286,3.267,0.1546,3.926,0.13,0.149,polia,1000.0
87266,2026-05-26 01:36:52.681495+00:00,0.0772,1.963,70.65,21.47,0.0993,2.524,0.455,0.52,17.0,17.0,0.092,0.121,2.353,2.601,3.515,3.609,0.1092,2.776,0.1405,3.569,0.129,0.144,polia,1000.0
87385,2026-05-26 01:40:50.695263+00:00,0.0839,2.133,71.3,21.83,0.1008,2.561,0.417,0.583,17.0,17.0,0.09,0.114,2.319,2.519,3.166,3.995,0.1187,3.017,0.1426,3.623,0.131,0.146,polia,1000.0
87397,2026-05-26 01:41:14.696277+00:00,0.0913,2.32,71.39,21.88,0.1034,2.628,0.596,0.571,17.0,17.0,0.1,0.129,2.441,2.604,4.562,3.882,0.1292,3.281,0.1463,3.717,0.13,0.147,polia,1000.0
87408,2026-05-26 01:41:36.697924+00:00,0.069,1.752,71.3,21.83,0.1064,2.702,0.56,0.506,17.0,17.0,0.09,0.119,2.443,2.613,4.35,3.426,0.0975,2.478,0.1504,3.822,0.128,0.147,polia,1000.0
87482,2026-05-26 01:44:04.706410+00:00,0.0893,2.269,71.86,22.14,0.1033,2.624,0.441,0.495,17.0,17.0,0.092,0.117,2.434,2.453,3.308,3.298,0.1263,3.209,0.1461,3.711,0.133,0.15,polia,1000.0
87539,2026-05-26 01:46:19.212111+00:00,0.0538,1.368,72.19,22.32,0.1234,3.135,0.371,0.454,61.0,56.1,0.07,0.128,2.29,2.327,2.965,3.326,0.0761,1.934,0.1745,4.434,0.125,0.136,polia,500.0
87549,2026-05-26 01:46:39.212227+00:00,0.0602,1.531,72.19,22.32,0.1306,3.317,0.49,0.647,58.5,56.1,0.076,0.138,2.419,2.617,3.925,4.652,0.0852,2.165,0.1847,4.692,0.124,0.139,polia,500.0
87623,2026-05-26 01:49:07.220696+00:00,0.0522,1.326,73.86,23.25,0.1098,2.789,0.406,0.476,61.0,56.1,0.072,0.119,2.295,2.425,3.264,3.458,0.0738,1.875,0.1553,3.945,0.124,0.137,polia,500.0
87625,2026-05-26 01:49:11.220918+00:00,0.0542,1.378,73.54,23.07,0.1181,3.001,0.449,0.499,61.0,56.1,0.076,0.128,2.387,2.511,3.588,3.655,0.0767,1.949,0.1671,4.244,0.125,0.136,polia,500.0
87638,2026-05-26 01:49:37.222391+00:00,0.0524,1.333,74.0,23.33,0.1235,3.137,0.491,0.466,61.0,56.1,0.074,0.13,2.41,2.456,3.892,3.442,0.0742,1.885,0.1746,4.437,0.126,0.135,polia,500.0
87663,2026-05-26 01:50:27.224782+00:00,0.0521,1.324,74.0,23.33,0.1181,3.0,0.429,0.521,61.0,56.1,0.07,0.126,2.383,2.486,3.444,3.756,0.0737,1.873,0.167,4.242,0.124,0.138,polia,500.0
87776,2026-05-26 11:25:21.076242+00:00,0.0524,1.331,74.8,23.77,0.1121,2.847,0.393,0.552,61.0,53.7,0.071,0.118,2.307,2.483,3.155,4.024,0.0741,1.883,0.1585,4.026,0.124,0.137,polia,500.0
87798,2026-05-26 11:26:04.638937+00:00,0.0529,1.343,74.8,23.77,0.107,2.718,0.486,0.479,61.0,56.1,0.069,0.12,2.401,2.461,3.861,3.497,0.0748,1.9,0.1513,3.844,0.125,0.137,polia,500.0
87921,2026-05-26 11:30:10.682885+00:00,0.0604,1.535,75.27,24.03,0.1178,2.993,0.46,0.567,61.0,56.1,0.079,0.127,2.404,2.506,3.605,4.153,0.0855,2.171,0.1666,4.233,0.127,0.136,polia,500.0
87935,2026-05-26 11:30:38.684926+00:00,0.0545,1.384,75.17,23.98,0.1227,3.117,0.491,0.525,58.5,56.1,0.074,0.132,2.392,2.48,3.93,3.873,0.077,1.958,0.1736,4.409,0.124,0.135,polia,500.0
87943,2026-05-26 11:30:54.686379+00:00,0.0572,1.453,75.5,24.16,0.1187,3.015,0.522,0.484,58.5,56.1,0.079,0.131,2.425,2.535,4.177,3.591,0.0809,2.054,0.1678,4.264,0.125,0.134,polia,500.0
87979,2026-05-26 11:32:06.690544+00:00,0.06,1.524,75.55,24.19,0.1112,2.826,0.43,0.541,61.0,56.1,0.078,0.122,2.316,2.514,3.485,4.001,0.0848,2.155,0.1573,3.996,0.123,0.135,polia,500.0
87983,2026-05-26 11:32:14.691035+00:00,0.0542,1.378,75.5,24.16,0.1061,2.696,0.38,0.461,61.0,56.1,0.074,0.118,2.306,2.51,3.094,3.36,0.0767,1.95,0.1501,3.814,0.122,0.137,polia,500.0
87997,2026-05-26 11:32:42.692362+00:00,0.0585,1.485,75.5,24.16,0.1124,2.856,0.446,0.454,61.0,56.1,0.074,0.122,2.364,2.446,3.543,3.298,0.0827,2.101,0.159,4.039,0.126,0.137,polia,500.0
88002,2026-05-26 11:32:52.692993+00:00,0.0634,1.61,75.74,24.3,0.1146,2.911,0.495,0.566,58.5,56.1,0.079,0.127,2.496,2.714,3.938,4.06,0.0896,2.277,0.1621,4.117,0.125,0.139,polia,500.0
88057,2026-05-26 11:34:42.699726+00:00,0.0569,1.446,75.78,24.32,0.1128,2.865,0.549,0.562,61.0,56.1,0.077,0.125,2.46,2.689,4.344,4.08,0.0805,2.046,0.1595,4.052,0.126,0.137,polia,500.0
88191,2026-05-26 11:39:10.715505+00:00,0.0582,1.48,77.19,25.11,0.1207,3.066,0.489,0.603,61.0,56.1,0.078,0.132,2.506,2.754,3.835,4.319,0.0824,2.093,0.1707,4.337,0.127,0.139,polia,500.0
88230,2026-05-26 11:40:28.720152+00:00,0.0597,1.517,77.0,25.0,0.1099,2.793,0.45,0.686,61.0,53.7,0.078,0.128,2.314,2.883,3.632,5.039,0.0844,2.145,0.1555,3.951,0.124,0.136,polia,500.0
88236,2026-05-26 11:40:40.720730+00:00,0.0534,1.356,76.44,24.69,0.1194,3.035,0.439,0.559,61.0,56.1,0.076,0.129,2.421,2.618,3.518,4.072,0.0755,1.918,0.1689,4.292,0.124,0.137,polia,500.0
88244,2026-05-26 11:40:56.721699+00:00,0.0582,1.478,76.25,24.58,0.1214,3.084,0.433,0.58,61.0,56.1,0.08,0.135,2.464,2.666,3.396,4.175,0.0823,2.091,0.1717,4.361,0.127,0.139,polia,500.0
88291,2026-05-26 11:42:30.727705+00:00,0.0548,1.393,76.49,24.71,0.1244,3.16,0.493,0.562,61.0,56.1,0.077,0.136,2.33,2.595,3.944,4.058,0.0775,1.97,0.1759,4.469,0.125,0.138,polia,500.0
88312,2026-05-26 11:43:12.730086+00:00,0.053,1.348,77.38,25.21,0.1053,2.675,0.51,0.546,61.0,56.1,0.074,0.118,2.522,2.635,4.041,3.932,0.075,1.906,0.1489,3.783,0.126,0.139,polia,500.0
88318,2026-05-26 11:43:24.730739+00:00,0.0548,1.392,76.58,24.77,0.122,3.1,0.388,0.546,61.0,56.1,0.074,0.133,2.336,2.649,3.107,3.943,0.0775,1.969,0.1726,4.384,0.124,0.138,polia,500.0
88372,2026-05-26 11:45:12.737519+00:00,0.056,1.422,76.86,24.92,0.1231,3.129,0.489,0.491,58.5,56.1,0.081,0.132,2.375,2.572,3.902,3.615,0.0792,2.011,0.1742,4.425,0.125,0.135,polia,500.0
88380,2026-05-26 11:45:28.738592+00:00,0.0566,1.438,76.72,24.84,0.1148,2.916,0.524,0.604,61.0,56.1,0.077,0.127,2.558,2.797,4.109,4.362,0.0801,2.035,0.1623,4.124,0.127,0.138,polia,500.0
88484,2026-05-26 11:48:56.751413+00:00,0.0567,1.442,77.1,25.05,0.1236,3.14,0.399,0.549,58.5,56.1,0.077,0.133,2.372,2.733,3.189,3.988,0.0802,2.039,0.1748,4.441,0.125,0.137,polia,500.0
88509,2026-05-26 11:49:46.754585+00:00,0.0608,1.545,77.05,25.03,0.1181,3.002,0.411,0.457,61.0,56.1,0.077,0.131,2.378,2.437,3.285,3.339,0.086,2.185,0.1671,4.245,0.125,0.136,polia,500.0
88550,2026-05-26 11:57:13.363641+00:00,0.1014,2.577,76.63,24.79,0.135,3.429,0.601,0.929,34.1,34.1,0.149,0.18,2.772,3.188,3.771,3.655,0.1434,3.644,0.1909,4.85,0.159,0.254,polia,2000.0
88569,2026-05-26 11:57:51.365831+00:00,0.096,2.438,76.25,24.58,0.1399,3.554,0.587,1.022,34.1,34.1,0.16,0.184,2.765,2.977,3.715,4.11,0.1357,3.448,0.1979,5.027,0.157,0.248,polia,2000.0
88605,2026-05-26 11:59:03.370386+00:00,0.0937,2.381,74.75,23.75,0.1365,3.468,0.556,0.939,34.1,34.1,0.152,0.191,2.844,2.866,3.453,3.674,0.1325,3.367,0.1931,4.905,0.161,0.255,polia,2000.0
88609,2026-05-26 11:59:11.370998+00:00,0.0938,2.383,74.05,23.36,0.1405,3.569,0.608,0.991,34.1,34.1,0.15,0.181,2.763,2.918,3.834,3.956,0.1327,3.371,0.1987,5.047,0.158,0.25,polia,2000.0
88619,2026-05-26 11:59:31.372284+00:00,0.0879,2.234,73.68,23.15,0.1312,3.333,0.549,0.887,34.1,34.1,0.142,0.171,2.749,2.945,3.483,3.631,0.1244,3.16,0.1855,4.714,0.157,0.244,polia,2000.0
88637,2026-05-26 12:00:07.374709+00:00,0.0848,2.154,73.44,23.02,0.1354,3.44,0.59,1.121,34.1,34.1,0.143,0.183,2.862,3.021,3.689,4.432,0.1199,3.047,0.1915,4.866,0.16,0.253,polia,2000.0
88685,2026-05-26 12:01:43.382655+00:00,0.0928,2.358,73.21,22.89,0.1461,3.713,0.602,1.064,34.1,34.1,0.146,0.185,2.823,3.084,3.771,4.241,0.1313,3.335,0.2067,5.251,0.159,0.251,polia,2000.0
88689,2026-05-26 12:01:51.386248+00:00,0.093,2.364,73.26,22.92,0.1406,3.571,0.485,0.885,34.1,34.1,0.146,0.182,2.642,2.929,3.05,3.562,0.1316,3.344,0.1988,5.05,0.159,0.248,polia,2000.0
88729,2026-05-26 12:03:11.386177+00:00,0.0865,2.199,73.82,23.23,0.1335,3.392,0.563,0.966,34.1,34.1,0.138,0.179,2.709,3.185,3.423,3.761,0.1224,3.11,0.1888,4.797,0.164,0.257,polia,2000.0
88742,2026-05-26 12:03:37.387891+00:00,0.0875,2.224,73.12,22.84,0.1348,3.426,0.518,0.784,34.1,34.1,0.139,0.174,2.686,2.823,3.184,3.222,0.1238,3.146,0.1907,4.845,0.162,0.243,polia,2000.0
88758,2026-05-26 12:04:09.389704+00:00,0.0959,2.436,73.54,23.07,0.1395,3.544,0.606,0.881,34.1,34.1,0.145,0.175,2.863,2.814,3.792,3.465,0.1356,3.445,0.1973,5.012,0.16,0.254,polia,2000.0
88807,2026-05-26 12:05:47.396017+00:00,0.0882,2.24,73.07,22.81,0.1375,3.492,0.567,0.923,34.1,34.1,0.143,0.179,2.855,3.115,3.556,3.779,0.1247,3.168,0.1944,4.939,0.159,0.244,polia,2000.0
88841,2026-05-26 12:06:55.402159+00:00,0.0971,2.466,74.14,23.41,0.1456,3.699,0.562,0.918,34.1,34.1,0.14,0.176,2.75,2.832,3.476,3.49,0.1373,3.488,0.2059,5.232,0.161,0.263,polia,2000.0
88863,2026-05-26 12:07:39.402963+00:00,0.096,2.438,73.16,22.87,0.1487,3.777,0.672,0.979,34.1,34.1,0.146,0.192,2.757,2.922,4.201,3.898,0.1357,3.449,0.2103,5.342,0.16,0.251,polia,2000.0
88891,2026-05-26 12:08:35.406517+00:00,0.0878,2.23,74.1,23.38,0.1446,3.674,0.51,0.956,34.1,34.1,0.143,0.183,2.61,2.95,3.159,3.785,0.1242,3.154,0.2045,5.196,0.161,0.252,polia,2000.0
88984,2026-05-26 12:11:41.418619+00:00,0.0913,2.319,73.07,22.81,0.1266,3.215,0.623,0.981,34.1,34.1,0.139,0.157,2.713,2.906,3.777,3.808,0.1291,3.279,0.179,4.547,0.165,0.257,polia,2000.0
89018,2026-05-26 12:12:49.423027+00:00,0.0982,2.494,73.21,22.89,0.1338,3.398,0.554,1.048,34.1,34.1,0.16,0.192,2.664,2.962,3.419,4.078,0.1388,3.527,0.1892,4.806,0.162,0.257,polia,2000.0
89028,2026-05-26 12:13:09.424308+00:00,0.0803,2.039,74.14,23.41,0.1216,3.089,0.553,1.111,34.1,34.1,0.128,0.159,2.766,2.916,3.396,4.127,0.1135,2.884,0.172,4.368,0.163,0.269,polia,2000.0
89054,2026-05-26 12:14:01.428573+00:00,0.0895,2.274,73.07,22.81,0.1349,3.428,0.597,0.94,34.1,34.1,0.145,0.167,2.804,3.0,3.702,3.575,0.1266,3.216,0.1908,4.848,0.161,0.262,polia,2000.0
89125,2026-05-26 12:16:23.436369+00:00,0.0938,2.383,73.16,22.87,0.1466,3.725,0.693,0.815,34.1,34.1,0.149,0.194,2.767,2.913,4.156,3.229,0.1326,3.37,0.2074,5.269,0.166,0.252,polia,2000.0
89131,2026-05-26 12:16:35.436995+00:00,0.0885,2.248,73.35,22.97,0.155,3.938,0.612,0.942,34.1,34.1,0.133,0.177,2.797,2.805,3.71,3.675,0.1252,3.18,0.2193,5.57,0.165,0.256,polia,2000.0
89146,2026-05-26 12:17:05.439066+00:00,0.097,2.464,73.21,22.89,0.1328,3.374,0.564,0.817,34.1,34.1,0.156,0.19,2.759,2.836,3.419,3.259,0.1372,3.485,0.1878,4.772,0.165,0.25,polia,2000.0
89205,2026-05-26 12:19:03.448832+00:00,0.0913,2.321,73.21,22.89,0.1393,3.539,0.636,1.023,34.1,34.1,0.141,0.182,2.867,3.066,3.915,4.171,0.1292,3.283,0.197,5.005,0.162,0.245,polia,2000.0
89218,2026-05-26 12:19:29.448351+00:00,0.091,2.313,73.21,22.89,0.1467,3.727,0.505,0.868,34.1,34.1,0.146,0.185,2.715,2.861,3.143,3.334,0.1288,3.272,0.2075,5.271,0.16,0.26,polia,2000.0
89245,2026-05-26 12:20:23.453743+00:00,0.0805,2.045,73.35,22.97,0.1388,3.527,0.653,0.823,34.1,34.1,0.13,0.162,2.88,2.796,3.95,3.181,0.1138,2.892,0.1964,4.988,0.165,0.258,polia,2000.0
89302,2026-05-26 12:22:17.458982+00:00,0.0936,2.377,73.82,23.23,0.1472,3.74,0.552,0.889,34.1,34.1,0.134,0.168,2.768,2.835,3.347,3.367,0.1323,3.362,0.2082,5.29,0.165,0.264,polia,2000.0
89461,2026-05-26 12:27:35.479301+00:00,0.0858,2.179,73.49,23.05,0.1209,3.071,0.555,1.013,34.1,34.1,0.135,0.168,2.714,3.0,3.325,3.937,0.1213,3.082,0.1709,4.343,0.166,0.257,polia,2000.0
89494,2026-05-26 12:28:41.483933+00:00,0.0842,2.141,73.21,22.89,0.1204,3.058,0.548,0.941,34.1,34.1,0.12,0.149,2.714,2.96,3.332,3.634,0.1192,3.028,0.1702,4.325,0.164,0.258,polia,2000.0
89498,2026-05-26 12:28:49.484491+00:00,0.0857,2.178,73.49,23.05,0.1409,3.579,0.602,0.852,34.1,34.1,0.138,0.167,2.835,2.821,3.586,3.269,0.1213,3.081,0.1993,5.062,0.167,0.26,polia,2000.0
89676,2026-05-26 12:34:45.508011+00:00,0.0906,2.301,73.26,22.92,0.1296,3.292,0.574,0.992,34.1,34.1,0.14,0.165,2.67,2.903,3.421,3.788,0.1281,3.255,0.1832,4.655,0.167,0.262,polia,2000.0
89740,2026-05-26 12:36:53.515915+00:00,0.0801,2.036,73.72,23.18,0.1345,3.417,0.564,0.939,34.1,34.1,0.137,0.176,2.781,2.987,3.406,3.666,0.1133,2.88,0.1902,4.832,0.165,0.256,polia,2000.0
89747,2026-05-26 12:37:07.516915+00:00,0.0855,2.172,73.82,23.23,0.1375,3.493,0.545,0.898,34.1,34.1,0.139,0.18,2.767,2.95,3.336,3.513,0.1209,3.071,0.1944,4.94,0.163,0.255,polia,2000.0
89751,2026-05-26 12:37:15.516450+00:00,0.084,2.135,73.63,23.13,0.1355,3.443,0.594,0.953,34.1,34.1,0.128,0.155,2.743,2.947,3.58,3.628,0.1188,3.019,0.1917,4.869,0.165,0.262,polia,2000.0
89763,2026-05-26 12:37:39.517953+00:00,0.0964,2.45,73.63,23.13,0.1305,3.317,0.589,0.951,34.1,34.1,0.13,0.156,2.779,2.82,3.489,3.626,0.1364,3.466,0.1846,4.691,0.168,0.262,polia,2000.0
89826,2026-05-26 12:39:45.525069+00:00,0.0863,2.194,73.26,22.92,0.1234,3.136,0.633,1.112,34.1,34.1,0.143,0.164,2.863,3.123,3.662,4.149,0.1221,3.103,0.1746,4.435,0.172,0.268,polia,2000.0
89855,2026-05-26 12:40:43.528564+00:00,0.0806,2.047,74.8,23.77,0.123,3.126,0.564,1.085,34.1,34.1,0.132,0.16,2.746,2.983,3.413,4.241,0.114,2.895,0.174,4.421,0.165,0.256,polia,2000.0
89859,2026-05-26 12:40:51.529022+00:00,0.0811,2.06,73.35,22.97,0.1301,3.306,0.622,0.87,34.1,34.1,0.139,0.171,2.808,2.889,3.615,3.296,0.1147,2.913,0.184,4.675,0.172,0.264,polia,2000.0
89999,2026-05-26 12:45:31.547120+00:00,0.0862,2.19,74.52,23.62,0.1218,3.094,0.583,0.956,34.1,34.1,0.144,0.175,2.757,2.977,3.546,3.829,0.1219,3.097,0.1722,4.376,0.164,0.249,polia,2000.0
90005,2026-05-26 12:45:43.545841+00:00,0.0892,2.266,73.26,22.92,0.1308,3.322,0.62,0.997,34.1,34.1,0.143,0.172,2.739,2.833,3.699,3.782,0.1261,3.204,0.1849,4.698,0.167,0.263,polia,2000.0
90025,2026-05-26 12:46:23.549852+00:00,0.088,2.235,73.35,22.97,0.1285,3.265,0.671,0.873,34.1,34.1,0.14,0.17,2.915,2.749,4.053,3.426,0.1244,3.161,0.1818,4.618,0.165,0.254,polia,2000.0
90059,2026-05-26 12:47:31.554846+00:00,0.0954,2.423,74.19,23.44,0.126,3.202,0.65,1.025,34.1,34.1,0.148,0.167,2.812,3.044,3.946,4.098,0.1349,3.427,0.1783,4.529,0.164,0.25,polia,2000.0
90085,2026-05-26 12:48:23.555753+00:00,0.0759,1.929,74.52,23.62,0.1307,3.32,0.678,1.02,34.1,34.1,0.123,0.155,2.777,3.037,4.004,3.952,0.1074,2.728,0.1848,4.695,0.169,0.258,polia,2000.0
90131,2026-05-26 12:49:55.563228+00:00,0.0861,2.188,74.24,23.46,0.1287,3.27,0.619,1.002,34.1,34.1,0.138,0.172,2.835,2.961,3.649,3.837,0.1218,3.094,0.182,4.624,0.169,0.261,polia,2000.0
90296,2026-05-26 12:55:25.580233+00:00,0.0827,2.1,73.58,23.1,0.1309,3.326,0.666,0.945,34.1,34.1,0.135,0.174,2.809,2.97,4.116,3.714,0.1169,2.97,0.1851,4.703,0.161,0.254,polia,2000.0
90319,2026-05-26 12:56:11.582762+00:00,0.0843,2.142,73.58,23.1,0.1215,3.086,0.6,0.842,34.1,34.1,0.121,0.145,2.725,2.965,3.619,3.423,0.1193,3.03,0.1718,4.364,0.166,0.246,polia,2000.0
90330,2026-05-26 12:56:33.585884+00:00,0.0798,2.029,73.96,23.31,0.1367,3.473,0.621,0.823,34.1,34.1,0.145,0.176,2.837,2.961,3.771,3.237,0.1129,2.869,0.1934,4.912,0.164,0.254,polia,2000.0
90389,2026-05-26 12:58:31.591090+00:00,0.0837,2.126,73.82,23.23,0.1348,3.426,0.677,0.889,34.1,34.1,0.141,0.173,2.855,2.927,4.031,3.511,0.1183,3.007,0.1907,4.845,0.168,0.253,polia,2000.0
90390,2026-05-26 12:58:33.591204+00:00,0.091,2.311,73.54,23.07,0.1303,3.31,0.629,0.917,34.1,34.1,0.154,0.179,2.954,2.861,3.714,3.598,0.1287,3.269,0.1842,4.681,0.169,0.254,polia,2000.0
90404,2026-05-26 12:59:01.594957+00:00,0.0829,2.108,74.0,23.33,0.1122,2.85,0.656,0.971,34.1,34.1,0.133,0.151,2.816,2.868,3.891,3.811,0.1173,2.981,0.1586,4.03,0.168,0.254,polia,2000.0
90454,2026-05-26 13:00:41.599093+00:00,0.082,2.084,73.58,23.1,0.1178,2.994,0.659,0.898,34.1,34.1,0.13,0.152,2.897,3.062,3.865,3.46,0.116,2.948,0.1667,4.234,0.17,0.259,polia,2000.0
90474,2026-05-26 13:01:21.604627+00:00,0.0911,2.315,74.61,23.67,0.1229,3.122,0.611,0.943,34.1,34.1,0.137,0.16,2.861,2.841,3.471,3.553,0.1289,3.274,0.1738,4.416,0.176,0.265,polia,2000.0
90478,2026-05-26 13:01:29.601862+00:00,0.0841,2.138,74.1,23.38,0.126,3.201,0.618,1.024,34.1,34.1,0.137,0.178,2.748,3.035,3.59,3.793,0.119,3.023,0.1782,4.527,0.172,0.27,polia,2000.0
90486,2026-05-26 13:01:45.602912+00:00,0.0832,2.115,73.68,23.15,0.1261,3.204,0.614,0.973,34.1,34.1,0.142,0.176,2.962,2.974,3.519,3.835,0.1178,2.992,0.1784,4.532,0.174,0.253,polia,2000.0
90541,2026-05-26 14:27:47.285170+00:00,0.1023,2.6,74.61,23.67,0.1386,3.522,0.609,1.028,34.1,34.1,0.153,0.189,2.885,3.224,3.403,4.307,0.1447,3.677,0.1961,4.981,0.179,0.238,polia,2000.0
90558,2026-05-26 14:28:21.286931+00:00,0.089,2.262,72.6,22.56,0.145,3.683,0.622,0.93,34.1,34.1,0.146,0.177,2.706,3.151,3.382,3.897,0.1259,3.199,0.205,5.208,0.184,0.238,polia,2000.0
90583,2026-05-26 14:29:11.289791+00:00,0.0967,2.458,71.72,22.06,0.1422,3.613,0.604,0.926,34.1,34.1,0.159,0.196,2.736,3.15,3.312,3.893,0.1368,3.477,0.2011,5.11,0.182,0.237,polia,2000.0
90587,2026-05-26 14:29:19.290346+00:00,0.0961,2.442,71.07,21.7,0.1431,3.635,0.611,0.939,34.1,34.1,0.16,0.182,2.883,3.137,3.464,4.028,0.1359,3.453,0.2023,5.14,0.176,0.233,polia,2000.0
90589,2026-05-26 14:29:23.290512+00:00,0.0848,2.156,71.02,21.68,0.1341,3.407,0.574,0.777,34.1,34.1,0.135,0.169,2.66,3.025,3.275,3.3,0.12,3.049,0.1897,4.819,0.175,0.235,polia,2000.0
90600,2026-05-26 14:29:45.291817+00:00,0.0923,2.345,70.56,21.42,0.1559,3.961,0.671,0.954,34.1,34.1,0.156,0.195,2.764,3.083,3.854,3.898,0.1305,3.317,0.2205,5.602,0.174,0.244,polia,2000.0
90618,2026-05-26 14:30:21.293932+00:00,0.087,2.211,70.37,21.32,0.1467,3.726,0.635,0.988,34.1,34.1,0.14,0.166,2.809,3.078,3.554,4.055,0.1231,3.127,0.2074,5.27,0.178,0.243,polia,2000.0
90676,2026-05-26 14:32:17.299442+00:00,0.088,2.236,70.61,21.45,0.1362,3.461,0.615,1.043,34.1,34.1,0.151,0.181,2.739,3.248,3.464,4.305,0.1245,3.163,0.1927,4.895,0.177,0.242,polia,2000.0
90727,2026-05-26 14:33:59.305755+00:00,0.0892,2.266,69.86,21.03,0.1438,3.654,0.602,0.997,34.1,34.1,0.139,0.164,2.72,3.008,3.368,4.103,0.1261,3.205,0.2034,5.168,0.178,0.242,polia,2000.0
90743,2026-05-26 14:34:31.308095+00:00,0.0943,2.397,69.91,21.06,0.1412,3.588,0.696,0.956,34.1,34.1,0.147,0.183,2.845,2.99,3.979,3.986,0.1334,3.39,0.1998,5.075,0.175,0.239,polia,2000.0
90788,2026-05-26 14:36:01.313122+00:00,0.0898,2.282,70.05,21.14,0.129,3.278,0.693,0.871,34.1,34.1,0.141,0.163,2.887,3.139,4.088,3.568,0.127,3.227,0.1825,4.636,0.169,0.244,polia,2000.0
90859,2026-05-26 14:38:23.321192+00:00,0.0949,2.412,70.61,21.45,0.1325,3.367,0.687,0.911,34.1,34.1,0.143,0.164,2.877,2.933,3.994,3.661,0.1343,3.411,0.1875,4.762,0.172,0.248,polia,2000.0
90915,2026-05-26 14:40:15.327697+00:00,0.0867,2.204,71.72,22.06,0.146,3.708,0.615,0.86,34.1,34.1,0.13,0.172,2.902,2.92,3.537,3.456,0.1227,3.117,0.2064,5.244,0.174,0.248,polia,2000.0
90933,2026-05-26 14:40:51.329643+00:00,0.0934,2.374,71.26,21.81,0.1373,3.489,0.683,0.85,34.1,34.1,0.143,0.177,2.745,2.829,4.049,3.429,0.1321,3.357,0.1942,4.934,0.168,0.247,polia,2000.0
90947,2026-05-26 14:41:19.331574+00:00,0.0904,2.297,70.93,21.63,0.1366,3.47,0.599,0.838,34.1,34.1,0.148,0.183,2.801,2.96,3.434,3.414,0.1279,3.249,0.1932,4.908,0.174,0.245,polia,2000.0
90991,2026-05-26 14:42:47.336543+00:00,0.0883,2.244,71.12,21.73,0.1366,3.471,0.646,1.003,34.1,34.1,0.14,0.174,2.829,2.916,3.743,3.862,0.1249,3.174,0.1933,4.909,0.172,0.259,polia,2000.0
91014,2026-05-26 14:43:33.339323+00:00,0.0858,2.181,71.26,21.81,0.1482,3.766,0.604,0.798,34.1,34.1,0.132,0.17,2.873,2.881,3.599,3.225,0.1214,3.085,0.2097,5.326,0.167,0.247,polia,2000.0
91027,2026-05-26 14:43:59.340640+00:00,0.1,2.541,71.63,22.01,0.1417,3.601,0.547,0.983,34.1,34.1,0.144,0.182,2.747,3.041,3.247,3.776,0.1414,3.593,0.2004,5.092,0.168,0.26,polia,2000.0
91055,2026-05-26 14:44:55.343769+00:00,0.0877,2.23,71.44,21.91,0.1378,3.5,0.557,0.992,34.1,34.1,0.138,0.174,2.844,2.865,3.34,3.89,0.1241,3.153,0.1948,4.95,0.166,0.255,polia,2000.0
91164,2026-05-26 14:48:33.356465+00:00,0.0909,2.31,73.68,23.15,0.1406,3.573,0.605,0.979,34.1,34.1,0.153,0.174,2.724,2.915,3.563,3.902,0.1286,3.267,0.1989,5.053,0.169,0.25,polia,2000.0
91172,2026-05-26 14:48:49.357536+00:00,0.0797,2.025,72.09,22.27,0.1397,3.55,0.601,1.033,34.1,34.1,0.134,0.167,2.813,2.938,3.538,3.931,0.1127,2.863,0.1976,5.02,0.169,0.262,polia,2000.0
91195,2026-05-26 14:49:35.360178+00:00,0.0864,2.196,72.14,22.3,0.1378,3.5,0.639,0.986,34.1,34.1,0.132,0.164,2.802,3.091,3.832,3.863,0.1222,3.105,0.1949,4.95,0.166,0.255,polia,2000.0
91325,2026-05-26 14:53:55.375358+00:00,0.0857,2.177,72.32,22.4,0.1257,3.193,0.587,0.948,34.1,34.1,0.132,0.163,2.791,2.856,3.435,3.76,0.1212,3.079,0.1778,4.516,0.17,0.252,polia,2000.0
91329,2026-05-26 14:54:03.375921+00:00,0.0876,2.225,72.37,22.43,0.1285,3.263,0.56,0.958,34.1,34.1,0.137,0.157,2.742,3.027,3.392,3.952,0.1239,3.147,0.1817,4.615,0.165,0.242,polia,2000.0
91332,2026-05-26 14:54:09.375930+00:00,0.0877,2.227,72.42,22.45,0.1372,3.486,0.568,0.925,34.1,34.1,0.136,0.162,2.699,2.83,3.412,3.555,0.124,3.15,0.1941,4.93,0.166,0.26,polia,2000.0
91354,2026-05-26 14:54:53.378293+00:00,0.0908,2.306,72.84,22.68,0.1474,3.744,0.583,0.936,34.1,34.1,0.154,0.2,2.87,2.934,3.442,3.734,0.1284,3.262,0.2084,5.294,0.169,0.25,polia,2000.0
91359,2026-05-26 14:55:03.378905+00:00,0.0904,2.297,73.3,22.94,0.1469,3.732,0.588,0.995,34.1,34.1,0.135,0.171,2.747,2.973,3.484,3.724,0.1279,3.248,0.2077,5.277,0.169,0.267,polia,2000.0
91362,2026-05-26 14:55:09.379261+00:00,0.0953,2.422,72.42,22.45,0.1476,3.751,0.576,1.026,34.1,34.1,0.145,0.186,2.746,2.952,3.48,3.87,0.1348,3.425,0.2088,5.305,0.165,0.265,polia,2000.0
91437,2026-05-26 14:57:39.388013+00:00,0.0835,2.121,73.96,23.31,0.1349,3.428,0.621,0.843,34.1,34.1,0.132,0.165,2.926,2.939,3.683,3.389,0.1181,2.999,0.1908,4.848,0.168,0.248,polia,2000.0
91468,2026-05-26 14:58:41.391454+00:00,0.085,2.16,72.79,22.66,0.1245,3.162,0.545,0.878,34.1,34.1,0.132,0.153,2.703,2.827,3.329,3.399,0.1202,3.055,0.176,4.472,0.163,0.258,polia,2000.0
91471,2026-05-26 14:58:47.391857+00:00,0.0908,2.306,73.96,23.31,0.1426,3.622,0.596,1.306,34.1,34.1,0.146,0.178,2.75,3.196,3.495,4.997,0.1284,3.262,0.2016,5.123,0.17,0.261,polia,2000.0
91563,2026-05-26 15:05:01.013487+00:00,0.0552,1.403,75.31,24.06,0.1285,3.265,0.46,0.549,58.5,56.1,0.078,0.14,2.358,2.601,3.604,4.014,0.0781,1.985,0.1818,4.618,0.127,0.136,polia,500.0
91598,2026-05-26 15:06:11.017629+00:00,0.0552,1.402,75.17,23.98,0.1307,3.32,0.658,0.49,58.5,56.1,0.072,0.136,2.593,2.397,5.183,3.572,0.078,1.983,0.1848,4.695,0.127,0.137,polia,500.0
91602,2026-05-26 15:06:19.017988+00:00,0.0573,1.457,75.17,23.98,0.1229,3.121,0.455,0.538,61.0,56.1,0.073,0.133,2.311,2.479,3.612,3.933,0.0811,2.061,0.1738,4.414,0.126,0.136,polia,500.0
91671,2026-05-26 15:08:37.026326+00:00,0.0561,1.426,76.63,24.79,0.115,2.922,0.454,0.533,61.0,53.7,0.076,0.128,2.28,2.467,3.625,3.979,0.0794,2.017,0.1627,4.132,0.125,0.134,polia,500.0
91732,2026-05-26 15:10:39.033703+00:00,0.0583,1.481,77.95,25.52,0.1201,3.053,0.525,0.565,61.0,56.1,0.072,0.126,2.448,2.572,4.202,4.183,0.0824,2.095,0.1699,4.317,0.125,0.135,polia,500.0
91733,2026-05-26 15:10:41.033788+00:00,0.0477,1.212,77.19,25.11,0.1032,2.623,0.502,0.526,61.0,53.7,0.073,0.114,2.452,2.625,4.03,3.822,0.0675,1.714,0.146,3.71,0.124,0.137,polia,500.0
91737,2026-05-26 15:10:49.034601+00:00,0.0577,1.467,77.33,25.18,0.1306,3.318,0.459,0.561,58.5,56.1,0.079,0.138,2.385,2.653,3.687,4.15,0.0816,2.074,0.1847,4.692,0.124,0.135,polia,500.0
91768,2026-05-26 15:11:51.037936+00:00,0.0505,1.284,77.57,25.31,0.1108,2.815,0.412,0.577,61.0,53.7,0.072,0.12,2.29,2.68,3.3,4.196,0.0715,1.816,0.1567,3.982,0.124,0.137,polia,500.0
91782,2026-05-26 15:12:19.039254+00:00,0.0536,1.363,77.48,25.26,0.1072,2.724,0.438,0.547,61.0,56.1,0.071,0.119,2.331,2.747,3.501,4.038,0.0759,1.928,0.1516,3.852,0.125,0.135,polia,500.0
91811,2026-05-26 15:13:17.042657+00:00,0.0636,1.616,77.66,25.37,0.1013,2.574,0.497,0.534,9.7,53.7,0.072,0.117,2.287,2.654,4.022,3.941,0.09,2.286,0.1433,3.64,0.123,0.135,polia,500.0
91855,2026-05-26 15:14:45.047590+00:00,0.0505,1.284,79.23,26.23,0.1001,2.543,0.472,0.49,61.0,53.7,0.071,0.111,2.323,2.478,3.8,3.633,0.0715,1.816,0.1416,3.597,0.124,0.135,polia,500.0
91878,2026-05-26 15:15:31.050191+00:00,0.0636,1.616,77.81,25.45,0.1162,2.953,0.472,0.562,58.5,56.1,0.075,0.125,2.492,2.666,3.744,4.137,0.09,2.286,0.1644,4.177,0.126,0.136,polia,500.0
91927,2026-05-26 15:17:09.055603+00:00,0.0523,1.329,77.95,25.52,0.1036,2.633,0.408,0.503,61.0,56.1,0.072,0.114,2.305,2.485,3.348,3.806,0.074,1.88,0.1466,3.724,0.122,0.132,polia,500.0
91984,2026-05-26 15:19:03.062186+00:00,0.0565,1.435,79.27,26.26,0.1096,2.783,0.53,0.589,61.0,53.7,0.074,0.119,2.428,2.678,4.267,4.342,0.0799,2.029,0.155,3.937,0.124,0.135,polia,500.0
92036,2026-05-26 15:20:47.068318+00:00,0.055,1.398,79.32,26.29,0.1127,2.863,0.498,0.469,61.0,53.7,0.074,0.114,2.408,2.524,4.044,3.437,0.0778,1.977,0.1594,4.049,0.123,0.136,polia,500.0
92050,2026-05-26 15:21:15.070014+00:00,0.0598,1.521,78.18,25.66,0.1065,2.707,0.405,0.524,61.0,56.1,0.075,0.122,2.29,2.527,3.294,3.898,0.0847,2.151,0.1507,3.829,0.123,0.134,polia,500.0
92053,2026-05-26 15:21:21.068890+00:00,0.0551,1.401,78.14,25.63,0.115,2.921,0.443,0.613,61.0,56.1,0.071,0.126,2.468,2.77,3.58,4.429,0.078,1.981,0.1626,4.131,0.123,0.138,polia,500.0
92175,2026-05-26 15:25:25.083842+00:00,0.0545,1.386,78.33,25.73,0.1071,2.72,0.49,0.534,61.0,53.7,0.073,0.118,2.279,2.386,3.965,4.017,0.0772,1.961,0.1514,3.847,0.123,0.132,polia,500.0
92195,2026-05-26 15:26:05.085748+00:00,0.0541,1.375,78.37,25.76,0.1127,2.864,0.475,0.618,61.0,56.1,0.072,0.126,2.302,2.632,3.872,4.485,0.0765,1.945,0.1594,4.051,0.122,0.137,polia,500.0
92197,2026-05-26 15:26:09.087869+00:00,0.0535,1.359,78.37,25.76,0.1137,2.889,0.447,0.53,61.0,56.1,0.074,0.123,2.359,2.498,3.633,3.97,0.0757,1.923,0.1608,4.086,0.123,0.133,polia,500.0
92233,2026-05-26 15:27:21.089867+00:00,0.0566,1.437,79.94,26.63,0.1086,2.76,0.446,0.593,61.0,56.1,0.077,0.123,2.332,2.554,3.597,4.41,0.08,2.033,0.1536,3.903,0.124,0.134,polia,500.0
92258,2026-05-26 15:28:11.094915+00:00,0.0577,1.466,78.89,26.05,0.1026,2.606,0.428,0.599,61.0,53.7,0.074,0.121,2.295,2.649,3.468,4.408,0.0816,2.073,0.1451,3.686,0.123,0.136,polia,500.0
92318,2026-05-26 15:30:11.101986+00:00,0.0563,1.43,78.66,25.92,0.1102,2.8,0.489,0.545,61.0,56.1,0.074,0.122,2.402,2.537,4.013,4.083,0.0796,2.022,0.1559,3.96,0.121,0.133,polia,500.0
92402,2026-05-26 15:32:59.112145+00:00,0.0535,1.361,78.85,26.02,0.1194,3.033,0.401,0.549,61.0,56.1,0.074,0.131,2.299,2.451,3.222,4.146,0.0757,1.925,0.1689,4.29,0.124,0.132,polia,500.0
92436,2026-05-26 15:34:07.116052+00:00,0.052,1.321,78.66,25.92,0.1092,2.775,0.567,0.511,61.0,56.1,0.075,0.122,2.557,2.71,4.498,3.762,0.0735,1.868,0.1545,3.924,0.126,0.135,polia,500.0
92444,2026-05-26 15:34:23.116961+00:00,0.0529,1.346,78.61,25.89,0.1216,3.09,0.456,0.473,61.0,56.1,0.074,0.136,2.318,2.616,3.683,3.483,0.0749,1.903,0.172,4.37,0.123,0.135,polia,500.0
92455,2026-05-26 15:34:45.118319+00:00,0.059,1.5,79.08,26.16,0.1196,3.038,0.532,0.702,61.0,56.1,0.076,0.13,2.355,2.631,4.275,5.198,0.0835,2.122,0.1691,4.297,0.124,0.135,polia,500.0
92478,2026-05-26 15:35:31.121010+00:00,0.0639,1.623,78.75,25.97,0.1144,2.906,0.488,0.573,61.0,56.1,0.073,0.124,2.313,2.498,3.945,4.259,0.0904,2.296,0.1618,4.11,0.123,0.134,polia,500.0
92493,2026-05-26 15:36:01.122768+00:00,0.0562,1.429,78.8,26.0,0.1196,3.039,0.447,0.465,61.0,56.1,0.076,0.126,2.343,2.558,3.577,3.364,0.0795,2.021,0.1692,4.298,0.125,0.138,polia,500.0
92512,2026-05-26 15:36:39.125324+00:00,0.0524,1.332,80.32,26.84,0.0994,2.527,0.488,0.461,61.0,56.1,0.076,0.115,2.451,2.56,3.913,3.432,0.0741,1.884,0.1407,3.573,0.124,0.134,polia,500.0
92536,2026-05-26 15:37:27.128269+00:00,0.049,1.246,78.89,26.05,0.0975,2.477,0.498,0.655,61.0,53.7,0.072,0.114,2.423,2.617,4.058,4.883,0.0694,1.763,0.1379,3.503,0.122,0.134,polia,500.0
92610,2026-05-26 15:40:19.955960+00:00,0.0763,1.94,77.48,25.26,0.1031,2.62,0.494,0.528,17.0,17.0,0.093,0.116,2.47,2.623,3.858,3.542,0.108,2.744,0.1459,3.706,0.128,0.149,polia,1000.0
92694,2026-05-26 15:43:07.978817+00:00,0.0713,1.811,76.58,24.77,0.1063,2.701,0.501,0.549,17.0,17.0,0.094,0.121,2.436,2.712,3.911,3.667,0.1008,2.562,0.1504,3.82,0.128,0.149,polia,1000.0
92697,2026-05-26 15:43:13.979128+00:00,0.0808,2.054,76.96,24.97,0.1032,2.621,0.444,0.61,17.0,17.0,0.091,0.117,2.462,2.822,3.405,4.094,0.1143,2.905,0.1459,3.707,0.13,0.149,polia,1000.0
92724,2026-05-26 15:44:07.980493+00:00,0.0793,2.016,76.39,24.66,0.0947,2.407,0.426,0.591,17.0,17.0,0.09,0.112,2.406,2.64,3.336,4.059,0.1122,2.851,0.134,3.405,0.127,0.145,polia,1000.0
92769,2026-05-26 15:45:37.986941+00:00,0.0815,2.071,76.49,24.71,0.1011,2.568,0.48,0.612,17.0,17.0,0.095,0.121,2.52,2.755,3.69,4.089,0.1153,2.929,0.143,3.633,0.13,0.149,polia,1000.0
92821,2026-05-26 15:47:21.993099+00:00,0.0616,1.565,76.25,24.58,0.1103,2.802,0.448,0.501,61.0,17.0,0.093,0.125,2.348,2.608,3.488,3.382,0.0871,2.214,0.156,3.963,0.128,0.148,polia,1000.0
92824,2026-05-26 15:47:27.993388+00:00,0.0724,1.839,76.25,24.58,0.0881,2.238,0.499,0.614,17.0,61.0,0.091,0.112,2.511,2.761,3.798,4.119,0.1024,2.601,0.1246,3.165,0.131,0.149,polia,1000.0
92842,2026-05-26 15:48:03.995461+00:00,0.0773,1.965,76.3,24.61,0.1041,2.646,0.566,0.491,17.0,17.0,0.094,0.117,2.437,2.581,4.369,3.342,0.1094,2.779,0.1473,3.742,0.129,0.147,polia,1000.0
92906,2026-05-26 15:50:12.002946+00:00,0.0757,1.924,77.48,25.26,0.1068,2.713,0.542,0.557,17.0,17.0,0.09,0.114,2.5,2.781,4.205,3.638,0.1071,2.721,0.151,3.837,0.129,0.153,polia,1000.0
92910,2026-05-26 15:50:20.003277+00:00,0.0729,1.851,76.49,24.71,0.1086,2.76,0.47,0.538,17.0,17.0,0.096,0.117,2.489,2.641,3.645,3.621,0.1031,2.619,0.1537,3.904,0.129,0.148,polia,1000.0
92911,2026-05-26 15:50:22.003321+00:00,0.0729,1.851,77.0,25.0,0.1086,2.76,0.47,0.538,17.0,17.0,0.096,0.117,2.489,2.641,3.645,3.621,0.1031,2.619,0.1537,3.904,0.129,0.148,polia,1000.0
92945,2026-05-26 15:51:30.007500+00:00,0.0595,1.513,76.11,24.5,0.1176,2.987,0.48,0.505,61.0,14.6,0.086,0.114,2.469,2.674,3.748,3.439,0.0842,2.14,0.1663,4.225,0.128,0.146,polia,1000.0
92950,2026-05-26 15:51:40.008117+00:00,0.0731,1.857,77.24,25.13,0.1195,3.037,0.594,0.569,17.0,17.0,0.091,0.116,2.532,2.745,4.537,3.831,0.1034,2.626,0.1691,4.295,0.131,0.148,polia,1000.0
92992,2026-05-26 15:53:04.013190+00:00,0.0817,2.075,76.11,24.5,0.1031,2.619,0.52,0.623,17.0,17.0,0.097,0.123,2.582,2.793,3.998,4.216,0.1155,2.935,0.1458,3.704,0.13,0.147,polia,1000.0
93029,2026-05-26 15:54:18.016901+00:00,0.0755,1.918,76.25,24.58,0.1073,2.726,0.443,0.501,17.0,17.0,0.095,0.12,2.33,2.484,3.412,3.401,0.1068,2.713,0.1518,3.856,0.13,0.147,polia,1000.0
93057,2026-05-26 15:55:14.020812+00:00,0.0809,2.055,77.24,25.13,0.1058,2.688,0.46,0.61,17.0,17.0,0.094,0.114,2.476,2.711,3.61,4.076,0.1144,2.906,0.1496,3.802,0.127,0.149,polia,1000.0
93094,2026-05-26 15:56:28.022761+00:00,0.0739,1.878,76.16,24.53,0.1108,2.816,0.488,0.599,17.0,17.0,0.101,0.123,2.407,2.75,3.794,3.968,0.1046,2.657,0.1568,3.983,0.128,0.151,polia,1000.0
93102,2026-05-26 15:56:44.025927+00:00,0.0796,2.023,76.06,24.48,0.0988,2.51,0.428,0.559,17.0,17.0,0.096,0.114,2.495,2.766,3.309,3.767,0.1126,2.861,0.1397,3.55,0.129,0.148,polia,1000.0
93168,2026-05-26 15:58:56.033645+00:00,0.0716,1.819,77.62,25.34,0.0996,2.529,0.611,0.525,17.0,17.0,0.089,0.117,2.527,2.674,4.696,3.521,0.1012,2.572,0.1408,3.577,0.13,0.149,polia,1000.0
93263,2026-05-26 16:02:06.044524+00:00,0.0847,2.153,76.68,24.82,0.105,2.668,0.45,0.528,17.0,17.0,0.097,0.121,2.394,2.576,3.501,3.558,0.1199,3.045,0.1485,3.773,0.128,0.148,polia,1000.0
93268,2026-05-26 16:02:16.045115+00:00,0.0664,1.687,76.06,24.48,0.0926,2.354,0.502,0.568,61.0,17.0,0.096,0.119,2.476,2.683,3.874,3.866,0.0939,2.386,0.131,3.329,0.129,0.147,polia,1000.0
93270,2026-05-26 16:02:20.045358+00:00,0.0736,1.871,76.06,24.48,0.1056,2.684,0.5,0.625,17.0,17.0,0.092,0.119,2.43,2.873,3.939,4.249,0.1042,2.647,0.1494,3.796,0.126,0.147,polia,1000.0
93271,2026-05-26 16:02:22.045438+00:00,0.0744,1.89,76.06,24.48,0.1012,2.572,0.397,0.482,17.0,17.0,0.093,0.116,2.389,2.602,3.084,3.303,0.1052,2.673,0.1432,3.637,0.129,0.146,polia,1000.0
93283,2026-05-26 16:02:46.046709+00:00,0.0708,1.799,76.49,24.71,0.1046,2.657,0.515,0.516,17.0,17.0,0.095,0.117,2.444,2.562,3.937,3.492,0.1001,2.544,0.1479,3.758,0.13,0.147,polia,1000.0
93305,2026-05-26 16:03:30.049264+00:00,0.0727,1.847,76.06,24.48,0.1052,2.674,0.465,0.576,17.0,17.0,0.098,0.12,2.42,2.696,3.609,3.922,0.1028,2.612,0.1489,3.782,0.128,0.147,polia,1000.0
93389,2026-05-26 16:06:18.059046+00:00,0.0678,1.722,76.91,24.95,0.0909,2.31,0.405,0.569,17.0,61.0,0.094,0.121,2.416,2.701,3.107,3.782,0.0959,2.436,0.1286,3.267,0.13,0.15,polia,1000.0
93470,2026-05-26 16:09:00.068247+00:00,0.0737,1.873,76.16,24.53,0.0978,2.486,0.517,0.549,17.0,17.0,0.095,0.122,2.438,2.597,3.941,3.728,0.1043,2.649,0.1384,3.516,0.131,0.147,polia,1000.0
93504,2026-05-26 16:10:08.072359+00:00,0.0719,1.827,75.97,24.43,0.0968,2.459,0.517,0.575,17.0,17.0,0.086,0.111,2.494,2.762,4.003,3.977,0.1017,2.585,0.1369,3.478,0.129,0.144,polia,1000.0
93531,2026-05-26 16:11:02.075604+00:00,0.0728,1.851,76.58,24.77,0.1052,2.673,0.458,0.577,17.0,17.0,0.092,0.117,2.333,2.674,3.544,3.885,0.103,2.618,0.1488,3.78,0.129,0.148,polia,1000.0
93618,2026-05-26 17:47:18.618998+00:00,0.1024,2.602,71.95,22.19,0.1488,3.782,0.527,1.008,34.1,34.1,0.123,0.142,2.648,3.018,3.281,4.099,0.1449,3.68,0.2105,5.348,0.16,0.246,ventoinha,2000.0
93626,2026-05-26 17:47:34.619683+00:00,0.0968,2.46,72.98,22.76,0.147,3.735,0.544,0.858,34.1,34.1,0.113,0.135,2.664,2.873,3.449,3.578,0.1369,3.479,0.208,5.283,0.157,0.239,ventoinha,2000.0
93631,2026-05-26 17:47:44.619222+00:00,0.0955,2.427,72.0,22.22,0.1366,3.469,0.613,0.94,34.1,34.1,0.117,0.131,2.668,3.041,3.811,3.861,0.1351,3.433,0.1932,4.907,0.16,0.243,ventoinha,2000.0
93633,2026-05-26 17:47:48.620477+00:00,0.0971,2.468,71.95,22.19,0.1443,3.665,0.526,0.991,34.1,34.1,0.117,0.133,2.681,2.953,3.251,4.067,0.1374,3.49,0.204,5.183,0.161,0.243,ventoinha,2000.0
93645,2026-05-26 17:48:12.621817+00:00,0.0879,2.234,73.82,23.23,0.1459,3.707,0.561,0.891,34.1,31.7,0.112,0.141,2.715,2.846,3.569,3.787,0.1244,3.16,0.2064,5.243,0.157,0.235,ventoinha,2000.0
93669,2026-05-26 17:49:00.624244+00:00,0.0921,2.341,72.42,22.45,0.1462,3.714,0.604,0.98,34.1,34.1,0.119,0.146,2.654,2.907,3.683,4.001,0.1303,3.311,0.2068,5.253,0.164,0.245,ventoinha,2000.0
93707,2026-05-26 17:50:16.628898+00:00,0.0921,2.341,72.42,22.45,0.1405,3.571,0.557,0.877,34.1,34.1,0.125,0.156,2.802,2.815,3.405,3.616,0.1303,3.311,0.1988,5.05,0.163,0.242,ventoinha,2000.0
93750,2026-05-26 17:51:42.635672+00:00,0.0996,2.531,72.46,22.48,0.1427,3.624,0.604,0.953,34.1,34.1,0.125,0.144,2.801,2.824,3.561,3.877,0.1409,3.58,0.2018,5.126,0.169,0.245,ventoinha,2000.0
93760,2026-05-26 17:52:02.636896+00:00,0.098,2.489,72.6,22.56,0.1384,3.517,0.713,0.911,34.1,34.1,0.114,0.138,2.844,3.086,4.243,3.763,0.1386,3.521,0.1958,4.974,0.168,0.242,ventoinha,2000.0
93777,2026-05-26 17:52:36.638848+00:00,0.0938,2.382,72.56,22.53,0.135,3.43,0.525,0.897,34.1,34.1,0.124,0.142,2.787,2.991,3.359,3.855,0.1326,3.369,0.1909,4.851,0.156,0.232,ventoinha,2000.0
93786,2026-05-26 17:52:54.639943+00:00,0.0968,2.461,73.63,23.13,0.1453,3.691,0.598,0.835,34.1,34.1,0.115,0.135,2.814,2.986,3.748,3.494,0.137,3.48,0.2055,5.22,0.159,0.239,ventoinha,2000.0
93805,2026-05-26 17:53:32.642166+00:00,0.1,2.541,72.7,22.61,0.1452,3.689,0.552,0.866,34.1,34.1,0.131,0.154,2.625,2.828,3.554,3.686,0.1415,3.594,0.2054,5.217,0.155,0.235,ventoinha,2000.0
93853,2026-05-26 17:55:08.646872+00:00,0.0984,2.501,72.84,22.68,0.1311,3.332,0.517,0.841,34.1,34.1,0.119,0.139,2.685,2.793,3.257,3.457,0.1392,3.537,0.1855,4.712,0.158,0.243,ventoinha,2000.0
93856,2026-05-26 17:55:14.648291+00:00,0.1005,2.554,72.79,22.66,0.1349,3.427,0.52,0.953,34.1,34.1,0.118,0.138,2.752,2.845,3.287,3.859,0.1422,3.612,0.1908,4.847,0.158,0.247,ventoinha,2000.0
93859,2026-05-26 17:55:20.648564+00:00,0.0911,2.315,72.93,22.74,0.1335,3.391,0.548,1.0,34.1,34.1,0.116,0.126,2.661,2.947,3.418,4.119,0.1289,3.275,0.1888,4.796,0.16,0.242,ventoinha,2000.0
93898,2026-05-26 17:56:38.653007+00:00,0.107,2.718,72.93,22.74,0.1468,3.729,0.556,0.868,34.1,34.1,0.131,0.155,2.822,2.919,3.456,3.55,0.1513,3.843,0.2076,5.274,0.16,0.244,ventoinha,2000.0
93985,2026-05-26 17:59:32.663684+00:00,0.1049,2.666,73.86,23.25,0.137,3.48,0.599,0.851,34.1,34.1,0.12,0.149,2.688,2.822,3.879,3.495,0.1484,3.77,0.1937,4.921,0.154,0.243,ventoinha,2000.0
94049,2026-05-26 18:01:40.671312+00:00,0.1011,2.568,73.35,22.97,0.1335,3.391,0.606,0.857,34.1,34.1,0.124,0.141,2.756,2.782,3.8,3.455,0.143,3.632,0.1888,4.796,0.159,0.248,ventoinha,2000.0
94056,2026-05-26 18:01:54.672187+00:00,0.0996,2.532,73.44,23.02,0.1421,3.61,0.575,0.98,34.1,34.1,0.125,0.146,2.683,2.935,3.608,3.954,0.1409,3.58,0.201,5.105,0.159,0.247,ventoinha,2000.0
94101,2026-05-26 18:03:24.677442+00:00,0.105,2.667,74.19,23.44,0.1288,3.272,0.654,0.905,34.1,34.1,0.125,0.136,2.78,2.939,4.122,3.521,0.1484,3.771,0.1822,4.628,0.158,0.257,ventoinha,2000.0
94105,2026-05-26 18:03:32.677866+00:00,0.1008,2.562,73.4,23.0,0.1439,3.656,0.546,0.977,34.1,34.1,0.125,0.154,2.65,2.923,3.431,3.941,0.1426,3.623,0.2035,5.17,0.159,0.248,ventoinha,2000.0
94120,2026-05-26 18:04:02.679581+00:00,0.0895,2.273,73.68,23.15,0.1526,3.878,0.554,0.902,34.1,34.1,0.126,0.156,2.71,2.658,3.551,3.748,0.1265,3.215,0.2159,5.484,0.156,0.24,ventoinha,2000.0
94124,2026-05-26 18:04:10.680187+00:00,0.1017,2.583,73.58,23.1,0.1458,3.705,0.554,0.957,34.1,34.1,0.115,0.133,2.808,3.049,3.502,3.934,0.1438,3.653,0.2063,5.24,0.158,0.243,ventoinha,2000.0
94158,2026-05-26 18:05:18.684308+00:00,0.095,2.413,73.54,23.07,0.1225,3.111,0.499,1.022,34.1,34.1,0.113,0.128,2.666,3.006,3.205,3.967,0.1344,3.413,0.1732,4.4,0.155,0.257,ventoinha,2000.0
94161,2026-05-26 18:05:24.684851+00:00,0.0971,2.467,73.58,23.1,0.1429,3.63,0.608,0.833,34.1,34.1,0.124,0.145,2.716,2.952,3.887,3.438,0.1373,3.489,0.2021,5.134,0.156,0.242,ventoinha,2000.0
94162,2026-05-26 18:05:26.681499+00:00,0.1028,2.611,73.58,23.1,0.151,3.835,0.546,0.92,34.1,34.1,0.143,0.17,2.732,2.887,3.522,3.703,0.1453,3.693,0.2135,5.424,0.155,0.248,ventoinha,2000.0
94185,2026-05-26 18:06:12.687424+00:00,0.1002,2.545,73.63,23.13,0.145,3.683,0.521,0.836,34.1,34.1,0.128,0.157,2.66,2.855,3.347,3.412,0.1417,3.599,0.205,5.208,0.155,0.245,ventoinha,2000.0
94206,2026-05-26 18:06:54.689881+00:00,0.0904,2.297,73.77,23.2,0.1328,3.374,0.641,0.93,34.1,34.1,0.107,0.128,2.802,2.801,4.039,3.677,0.1279,3.249,0.1878,4.771,0.158,0.252,ventoinha,2000.0
94214,2026-05-26 18:07:10.690934+00:00,0.1001,2.543,73.68,23.15,0.1458,3.704,0.638,1.021,34.1,34.1,0.127,0.143,2.763,3.026,4.117,4.175,0.1416,3.597,0.2062,5.238,0.154,0.244,ventoinha,2000.0
94238,2026-05-26 18:07:58.693717+00:00,0.1037,2.634,75.45,24.14,0.1443,3.666,0.622,0.856,34.1,34.1,0.127,0.157,2.801,2.948,3.764,3.412,0.1466,3.725,0.2041,5.185,0.165,0.251,ventoinha,2000.0
94271,2026-05-26 18:09:04.697386+00:00,0.1062,2.699,74.05,23.36,0.1409,3.581,0.517,0.957,34.1,34.1,0.137,0.161,2.853,2.912,3.196,3.762,0.1503,3.818,0.1993,5.064,0.161,0.254,ventoinha,2000.0
94274,2026-05-26 18:09:10.697760+00:00,0.1047,2.661,74.05,23.36,0.1543,3.92,0.539,0.949,34.1,34.1,0.129,0.147,2.777,3.042,3.338,3.87,0.1481,3.763,0.2183,5.544,0.161,0.245,ventoinha,2000.0
94285,2026-05-26 18:09:32.699156+00:00,0.1005,2.554,73.82,23.23,0.1458,3.704,0.573,0.863,34.1,31.7,0.129,0.156,2.806,2.856,3.448,3.416,0.1422,3.613,0.2062,5.238,0.166,0.252,ventoinha,2000.0
94301,2026-05-26 18:10:04.701090+00:00,0.0919,2.334,75.55,24.19,0.1319,3.35,0.701,0.905,34.1,34.1,0.13,0.141,2.78,2.949,4.561,3.614,0.1299,3.301,0.1865,4.738,0.153,0.25,ventoinha,2000.0
94302,2026-05-26 18:10:06.701184+00:00,0.098,2.491,75.55,24.19,0.1569,3.985,0.577,0.877,34.1,34.1,0.141,0.167,2.788,2.852,3.644,3.52,0.1387,3.523,0.2219,5.636,0.158,0.249,ventoinha,2000.0
94304,2026-05-26 18:10:10.701339+00:00,0.0998,2.535,73.86,23.25,0.1356,3.444,0.614,1.003,34.1,34.1,0.116,0.135,2.726,2.919,3.898,4.117,0.1411,3.586,0.1917,4.87,0.157,0.243,ventoinha,2000.0
94417,2026-05-26 18:13:56.714535+00:00,0.0961,2.443,74.0,23.33,0.1451,3.687,0.556,0.878,34.1,34.1,0.127,0.143,2.777,2.937,3.56,3.628,0.136,3.455,0.2053,5.215,0.156,0.241,ventoinha,2000.0
94478,2026-05-26 18:15:58.721446+00:00,0.0952,2.419,74.05,23.36,0.1432,3.639,0.547,0.976,34.1,34.1,0.125,0.145,2.792,2.718,3.523,3.884,0.1346,3.421,0.2026,5.147,0.155,0.251,ventoinha,2000.0
94560,2026-05-26 18:52:03.245241+00:00,0.053,1.347,76.77,24.87,0.1025,2.604,0.448,0.491,61.0,56.1,0.07,0.114,2.388,2.403,3.566,3.587,0.075,1.905,0.145,3.683,0.125,0.137,ventoinha,500.0
94582,2026-05-26 18:52:47.247926+00:00,0.0497,1.264,77.15,25.08,0.1048,2.662,0.458,0.603,61.0,53.7,0.07,0.115,2.38,2.647,3.63,4.385,0.0704,1.788,0.1482,3.765,0.126,0.137,ventoinha,500.0
94590,2026-05-26 18:53:03.248833+00:00,0.0518,1.317,79.04,26.13,0.1056,2.683,0.461,0.637,61.0,56.1,0.067,0.117,2.371,2.734,3.706,4.729,0.0733,1.862,0.1494,3.794,0.124,0.134,ventoinha,500.0
94595,2026-05-26 18:53:13.249332+00:00,0.0521,1.324,77.71,25.39,0.102,2.593,0.456,0.612,61.0,53.7,0.072,0.114,2.402,2.719,3.64,4.449,0.0737,1.873,0.1443,3.667,0.125,0.137,ventoinha,500.0
94614,2026-05-26 18:53:51.251610+00:00,0.0546,1.388,79.32,26.29,0.1164,2.958,0.481,0.513,61.0,56.1,0.074,0.127,2.42,2.546,3.873,3.779,0.0773,1.963,0.1647,4.184,0.124,0.135,ventoinha,500.0
94625,2026-05-26 18:54:13.251769+00:00,0.0505,1.283,78.14,25.63,0.1102,2.801,0.494,0.672,61.0,56.1,0.075,0.121,2.395,2.747,3.992,4.998,0.0714,1.815,0.1559,3.961,0.123,0.134,ventoinha,500.0
94628,2026-05-26 18:54:19.253290+00:00,0.0558,1.418,78.33,25.73,0.1222,3.105,0.516,0.513,58.5,56.1,0.074,0.131,2.463,2.677,4.121,3.756,0.0789,2.006,0.1729,4.392,0.125,0.136,ventoinha,500.0
94680,2026-05-26 18:56:03.259446+00:00,0.0541,1.375,78.85,26.02,0.1038,2.636,0.435,0.525,61.0,56.1,0.074,0.115,2.285,2.574,3.577,3.867,0.0765,1.944,0.1468,3.728,0.121,0.135,ventoinha,500.0
94691,2026-05-26 18:56:25.260805+00:00,0.0518,1.315,79.7,26.5,0.0936,2.378,0.458,0.553,61.0,56.1,0.074,0.109,2.385,2.561,3.742,4.086,0.0732,1.86,0.1324,3.363,0.122,0.135,ventoinha,500.0
94700,2026-05-26 18:56:43.261795+00:00,0.0535,1.36,78.94,26.08,0.1085,2.756,0.456,0.491,61.0,53.7,0.073,0.119,2.361,2.476,3.701,3.626,0.0757,1.923,0.1534,3.898,0.123,0.135,ventoinha,500.0
94718,2026-05-26 18:57:19.264185+00:00,0.0575,1.462,79.13,26.18,0.1199,3.045,0.463,0.567,58.5,56.1,0.078,0.126,2.38,2.653,3.78,4.237,0.0814,2.068,0.1695,4.306,0.122,0.133,ventoinha,500.0
94721,2026-05-26 18:57:25.264460+00:00,0.0508,1.292,80.56,26.98,0.1053,2.675,0.429,0.547,61.0,53.7,0.07,0.114,2.323,2.513,3.463,4.098,0.0719,1.827,0.1489,3.783,0.123,0.133,ventoinha,500.0
94748,2026-05-26 18:58:19.267728+00:00,0.0505,1.282,79.23,26.23,0.1075,2.732,0.447,0.608,61.0,53.7,0.073,0.117,2.412,2.82,3.632,4.377,0.0714,1.814,0.1521,3.863,0.123,0.138,ventoinha,500.0
94860,2026-05-26 19:02:03.281330+00:00,0.0616,1.566,79.89,26.6,0.1021,2.593,0.464,0.662,58.5,56.1,0.078,0.117,2.401,2.647,3.75,4.871,0.0872,2.214,0.1443,3.667,0.123,0.135,ventoinha,500.0
94877,2026-05-26 19:02:37.283326+00:00,0.0541,1.376,79.56,26.42,0.0939,2.386,0.398,0.493,61.0,56.1,0.071,0.11,2.286,2.528,3.289,3.662,0.0766,1.946,0.1328,3.374,0.121,0.134,ventoinha,500.0
94910,2026-05-26 19:03:43.286981+00:00,0.053,1.347,79.75,26.53,0.119,3.024,0.531,0.559,58.5,56.1,0.078,0.129,2.561,2.777,4.282,4.091,0.075,1.905,0.1683,4.276,0.124,0.136,ventoinha,500.0
94984,2026-05-26 19:06:11.294948+00:00,0.0503,1.279,79.8,26.55,0.1052,2.674,0.51,0.648,61.0,56.1,0.076,0.118,2.548,2.768,4.119,4.787,0.0712,1.809,0.1489,3.782,0.123,0.135,ventoinha,500.0
95065,2026-05-26 19:08:53.303688+00:00,0.0506,1.287,79.8,26.55,0.091,2.312,0.524,0.527,61.0,61.0,0.07,0.113,2.537,2.61,4.26,3.885,0.0716,1.82,0.1287,3.27,0.123,0.135,ventoinha,500.0
95107,2026-05-26 19:10:17.309751+00:00,0.0534,1.357,80.61,27.0,0.1028,2.613,0.561,0.519,58.5,56.1,0.073,0.118,2.676,2.672,4.273,3.664,0.0755,1.919,0.1455,3.695,0.131,0.141,ventoinha,500.0
95108,2026-05-26 19:10:19.309921+00:00,0.0568,1.444,79.89,26.6,0.1034,2.628,0.45,0.733,61.0,56.1,0.072,0.114,2.603,2.867,3.445,5.106,0.0804,2.043,0.1463,3.717,0.13,0.143,ventoinha,500.0
95133,2026-05-26 19:11:09.312623+00:00,0.0554,1.407,80.08,26.71,0.105,2.667,0.476,0.55,61.0,56.1,0.073,0.122,2.679,2.694,3.683,3.894,0.0783,1.99,0.1485,3.772,0.129,0.141,ventoinha,500.0
95155,2026-05-26 19:11:53.315387+00:00,0.0524,1.332,79.94,26.63,0.0968,2.459,0.575,0.532,61.0,56.1,0.076,0.116,2.716,2.697,4.38,3.685,0.0741,1.883,0.1369,3.477,0.131,0.144,ventoinha,500.0
95180,2026-05-26 19:12:43.318489+00:00,0.06,1.524,79.89,26.6,0.1033,2.624,0.472,0.489,61.0,56.1,0.072,0.117,2.399,2.633,3.851,3.676,0.0848,2.156,0.1461,3.711,0.122,0.133,ventoinha,500.0
95187,2026-05-26 19:12:57.319106+00:00,0.0518,1.317,79.89,26.6,0.1022,2.597,0.503,0.605,61.0,56.1,0.07,0.115,2.536,2.748,4.076,4.498,0.0733,1.862,0.1446,3.673,0.123,0.134,ventoinha,500.0
95237,2026-05-26 19:14:37.324608+00:00,0.0545,1.385,80.03,26.68,0.1026,2.608,0.443,0.52,61.0,53.7,0.073,0.114,2.368,2.62,3.603,3.859,0.0771,1.959,0.1452,3.688,0.123,0.134,ventoinha,500.0
95258,2026-05-26 19:15:19.327228+00:00,0.0562,1.427,80.85,27.13,0.0859,2.182,0.435,0.507,61.0,61.0,0.073,0.1,2.337,2.593,3.544,3.756,0.0794,2.018,0.1215,3.086,0.122,0.135,ventoinha,500.0
95259,2026-05-26 19:15:21.327266+00:00,0.0535,1.359,79.99,26.66,0.0948,2.408,0.526,0.569,61.0,53.7,0.073,0.107,2.44,2.725,4.202,4.188,0.0757,1.923,0.1341,3.406,0.125,0.136,ventoinha,500.0
95268,2026-05-26 19:15:39.328394+00:00,0.0507,1.289,80.03,26.68,0.0963,2.448,0.465,0.529,61.0,56.1,0.071,0.108,2.363,2.652,3.804,3.924,0.0718,1.824,0.1362,3.462,0.122,0.134,ventoinha,500.0
95285,2026-05-26 19:16:13.329354+00:00,0.0596,1.514,79.99,26.66,0.0985,2.501,0.438,0.505,61.0,56.1,0.073,0.11,2.333,2.633,3.633,3.711,0.0843,2.142,0.1393,3.538,0.12,0.136,ventoinha,500.0
95318,2026-05-26 19:17:19.334624+00:00,0.0577,1.466,80.13,26.74,0.105,2.668,0.393,0.47,58.5,56.1,0.074,0.117,2.418,2.444,3.197,3.566,0.0816,2.073,0.1486,3.774,0.122,0.131,ventoinha,500.0
95341,2026-05-26 19:18:05.337370+00:00,0.0533,1.354,80.13,26.74,0.1022,2.596,0.405,0.541,61.0,53.7,0.071,0.111,2.271,2.437,3.335,4.063,0.0754,1.915,0.1445,3.672,0.121,0.133,ventoinha,500.0
95382,2026-05-26 19:19:27.342269+00:00,0.0515,1.309,80.08,26.71,0.0981,2.491,0.567,0.523,61.0,53.7,0.07,0.114,2.461,2.582,4.669,3.93,0.0729,1.852,0.1387,3.524,0.121,0.133,ventoinha,500.0
95415,2026-05-26 19:20:33.345973+00:00,0.0572,1.454,80.03,26.68,0.1005,2.554,0.505,0.513,61.0,56.1,0.074,0.117,2.577,2.64,4.048,3.745,0.0809,2.056,0.1422,3.613,0.124,0.137,ventoinha,500.0
95460,2026-05-26 19:22:03.351298+00:00,0.0508,1.291,80.13,26.74,0.0952,2.419,0.45,0.518,61.0,61.0,0.072,0.114,2.653,2.776,3.417,3.601,0.0718,1.825,0.1346,3.421,0.131,0.143,ventoinha,500.0
95466,2026-05-26 19:22:15.351878+00:00,0.056,1.423,80.18,26.76,0.1103,2.802,0.624,0.604,61.0,58.5,0.073,0.125,2.688,2.798,4.733,4.184,0.0792,2.013,0.156,3.963,0.132,0.144,ventoinha,500.0
95500,2026-05-26 19:23:23.356019+00:00,0.0609,1.546,80.18,26.76,0.107,2.718,0.429,0.583,58.5,56.1,0.076,0.123,2.655,2.849,3.333,4.085,0.0861,2.187,0.1513,3.844,0.128,0.142,ventoinha,500.0
95530,2026-05-26 19:24:23.359453+00:00,0.0508,1.291,80.51,26.95,0.0889,2.259,0.422,0.542,61.0,53.7,0.07,0.106,2.337,2.651,3.394,4.026,0.0719,1.826,0.1258,3.195,0.124,0.134,ventoinha,500.0
95574,2026-05-26 20:03:49.050077+00:00,0.0654,1.662,79.65,26.47,0.0761,1.933,0.469,0.708,61.0,61.0,0.093,0.117,2.429,2.82,3.681,4.941,0.0925,2.351,0.1076,2.734,0.127,0.143,ventoinha,1000.0
95626,2026-05-26 20:05:33.055975+00:00,0.0712,1.81,78.8,26.0,0.0775,1.969,0.59,0.548,17.0,61.0,0.088,0.104,2.538,2.702,4.591,3.842,0.1008,2.56,0.1096,2.785,0.128,0.142,ventoinha,1000.0
95702,2026-05-26 20:08:05.064549+00:00,0.079,2.008,78.61,25.89,0.0825,2.097,0.594,0.627,17.0,61.0,0.091,0.117,2.498,2.583,4.639,4.389,0.1118,2.84,0.1167,2.965,0.128,0.143,ventoinha,1000.0
95751,2026-05-26 20:09:43.070192+00:00,0.0677,1.72,78.94,26.08,0.0742,1.886,0.419,0.57,17.0,58.5,0.081,0.103,2.337,2.69,3.299,4.043,0.0958,2.433,0.105,2.667,0.127,0.14,ventoinha,1000.0
95798,2026-05-26 20:11:17.075728+00:00,0.0625,1.588,78.14,25.63,0.0808,2.054,0.453,0.604,61.0,61.0,0.087,0.116,2.451,2.702,3.52,4.244,0.0884,2.245,0.1144,2.905,0.128,0.142,ventoinha,1000.0
95804,2026-05-26 20:11:29.076209+00:00,0.0628,1.596,77.95,25.52,0.0754,1.916,0.481,0.599,17.0,61.0,0.085,0.115,2.515,2.729,3.702,4.181,0.0888,2.257,0.1066,2.709,0.129,0.143,ventoinha,1000.0
95892,2026-05-26 20:14:25.086830+00:00,0.0794,2.016,77.62,25.34,0.0846,2.15,0.483,0.607,17.0,61.0,0.088,0.116,2.508,2.748,3.665,4.128,0.1122,2.852,0.1197,3.041,0.131,0.147,ventoinha,1000.0
95974,2026-05-26 20:17:09.096199+00:00,0.0705,1.791,77.71,25.39,0.0819,2.081,0.498,0.529,17.0,58.5,0.083,0.11,2.392,2.532,3.906,3.644,0.0997,2.533,0.1159,2.944,0.127,0.145,ventoinha,1000.0
96003,2026-05-26 20:18:07.099853+00:00,0.0775,1.968,77.52,25.29,0.0868,2.205,0.447,0.516,17.0,61.0,0.083,0.1,2.396,2.592,3.495,3.531,0.1096,2.784,0.1228,3.119,0.128,0.146,ventoinha,1000.0
96022,2026-05-26 20:18:45.102036+00:00,0.0774,1.967,78.42,25.79,0.0853,2.167,0.53,0.493,17.0,61.0,0.098,0.124,2.527,2.663,4.057,3.454,0.1095,2.782,0.1206,3.065,0.13,0.142,ventoinha,1000.0
96046,2026-05-26 20:19:33.104964+00:00,0.0752,1.912,77.48,25.26,0.0756,1.922,0.469,0.643,17.0,61.0,0.092,0.116,2.383,2.723,3.597,4.412,0.1064,2.704,0.107,2.718,0.13,0.145,ventoinha,1000.0
96072,2026-05-26 20:20:25.108189+00:00,0.0742,1.885,77.52,25.29,0.08,2.032,0.463,0.635,17.0,61.0,0.09,0.109,2.486,2.918,3.549,4.35,0.1049,2.665,0.1131,2.874,0.13,0.145,ventoinha,1000.0
96092,2026-05-26 20:21:05.110487+00:00,0.0701,1.782,77.71,25.39,0.0851,2.162,0.481,0.586,14.6,61.0,0.087,0.109,2.388,2.662,3.802,4.124,0.0992,2.52,0.1203,3.057,0.126,0.142,ventoinha,1000.0
96115,2026-05-26 20:21:51.113340+00:00,0.0793,2.014,77.52,25.29,0.0771,1.959,0.545,0.544,17.0,61.0,0.089,0.109,2.463,2.769,4.297,3.771,0.1121,2.848,0.109,2.77,0.126,0.144,ventoinha,1000.0
96158,2026-05-26 20:23:17.118311+00:00,0.0689,1.75,77.48,25.26,0.0833,2.117,0.442,0.56,17.0,61.0,0.085,0.108,2.41,2.55,3.434,3.896,0.0974,2.475,0.1178,2.994,0.128,0.143,ventoinha,1000.0
96201,2026-05-26 20:24:43.123683+00:00,0.0867,2.203,77.43,25.24,0.0795,2.021,0.468,0.453,17.0,61.0,0.096,0.116,2.304,2.583,3.665,3.155,0.1227,3.116,0.1125,2.859,0.127,0.143,ventoinha,1000.0
96221,2026-05-26 20:25:23.125889+00:00,0.0736,1.871,77.33,25.18,0.0885,2.249,0.481,0.616,17.0,61.0,0.101,0.126,2.446,2.719,3.752,4.281,0.1041,2.646,0.1252,3.181,0.128,0.143,ventoinha,1000.0
96256,2026-05-26 20:26:33.130098+00:00,0.069,1.752,77.71,25.39,0.0775,1.97,0.477,0.595,17.0,61.0,0.089,0.114,2.448,2.671,3.696,4.114,0.0975,2.478,0.1097,2.786,0.129,0.144,ventoinha,1000.0
96262,2026-05-26 20:26:45.130844+00:00,0.0741,1.883,77.52,25.29,0.0824,2.095,0.402,0.599,17.0,58.5,0.088,0.114,2.41,2.75,3.076,4.079,0.1048,2.663,0.1166,2.963,0.13,0.147,ventoinha,1000.0
96266,2026-05-26 20:26:53.131309+00:00,0.0804,2.044,79.18,26.21,0.0796,2.023,0.441,0.611,17.0,61.0,0.098,0.123,2.496,2.67,3.48,4.254,0.1138,2.89,0.1126,2.861,0.126,0.143,ventoinha,1000.0
96385,2026-05-26 20:30:51.145023+00:00,0.0767,1.95,78.37,25.76,0.0817,2.076,0.484,0.562,17.0,61.0,0.086,0.118,2.537,2.806,3.709,3.835,0.1086,2.758,0.1156,2.937,0.13,0.146,ventoinha,1000.0
96397,2026-05-26 20:31:15.145871+00:00,0.0638,1.623,78.47,25.81,0.0824,2.095,0.431,0.591,61.0,61.0,0.086,0.108,2.32,2.686,3.39,4.108,0.0903,2.295,0.1166,2.963,0.127,0.144,ventoinha,1000.0
96408,2026-05-26 20:31:37.147818+00:00,0.0684,1.739,77.62,25.34,0.084,2.135,0.611,0.56,17.0,58.5,0.086,0.113,2.617,2.617,4.654,3.842,0.0968,2.46,0.1188,3.019,0.131,0.145,ventoinha,1000.0
96482,2026-05-26 20:34:05.156551+00:00,0.0732,1.86,77.48,25.26,0.0723,1.837,0.41,0.491,17.0,61.0,0.095,0.118,2.343,2.572,3.222,3.416,0.1035,2.63,0.1023,2.598,0.127,0.143,ventoinha,1000.0
96539,2026-05-26 20:38:58.510787+00:00,0.0713,1.812,64.28,17.93,0.0969,2.462,0.611,0.492,9.7,58.5,0.069,0.102,2.422,2.371,4.685,3.433,0.1009,2.563,0.1371,3.482,0.13,0.143,ventoinha,500.0
96549,2026-05-26 20:39:18.518999+00:00,0.0546,1.388,64.37,17.98,0.0661,1.681,0.502,0.53,61.0,9.7,0.065,0.081,2.378,2.437,3.842,3.641,0.0772,1.963,0.0935,2.377,0.13,0.145,ventoinha,500.0
96623,2026-05-27 10:46:40.644375+00:00,0.0662,1.682,64.37,17.98,0.0897,2.278,0.386,0.52,58.5,58.5,0.07,0.094,2.311,2.429,2.92,3.576,0.0936,2.379,0.1268,3.222,0.132,0.145,ventoinha,500.0
96625,2026-05-27 10:46:44.644578+00:00,0.0566,1.438,64.74,18.19,0.0819,2.08,0.378,0.539,61.0,58.5,0.072,0.105,2.315,2.423,2.872,3.717,0.08,2.033,0.1158,2.942,0.131,0.145,ventoinha,500.0
96638,2026-05-27 10:47:10.674036+00:00,0.055,1.397,64.42,18.01,0.0701,1.78,0.439,0.503,61.0,61.0,0.064,0.103,2.401,2.462,3.265,3.431,0.0778,1.976,0.0991,2.518,0.134,0.146,ventoinha,500.0
96663,2026-05-27 10:48:00.219738+00:00,0.0593,1.507,64.92,18.29,0.0725,1.843,0.499,0.496,61.0,61.0,0.064,0.093,2.362,2.424,3.756,3.468,0.0839,2.131,0.1026,2.606,0.132,0.143,ventoinha,500.0
96776,2026-05-27 10:51:46.245911+00:00,0.0624,1.586,67.23,19.57,0.0879,2.234,0.422,0.481,61.0,61.0,0.069,0.097,2.284,2.375,3.236,3.395,0.0883,2.243,0.1244,3.159,0.13,0.141,ventoinha,500.0
96798,2026-05-27 10:52:30.248461+00:00,0.0598,1.52,66.44,19.13,0.0913,2.32,0.503,0.485,58.5,58.5,0.068,0.104,2.376,2.431,3.795,3.34,0.0846,2.15,0.1291,3.281,0.132,0.145,ventoinha,500.0
96921,2026-05-27 10:56:36.265281+00:00,0.0608,1.544,67.92,19.95,0.0831,2.111,0.507,0.531,61.0,58.5,0.075,0.101,2.394,2.449,3.84,3.733,0.086,2.184,0.1175,2.986,0.132,0.142,ventoinha,500.0
96935,2026-05-27 10:57:04.269558+00:00,0.0543,1.381,68.2,20.11,0.0568,1.444,0.467,0.484,61.0,61.0,0.066,0.082,2.426,2.369,3.575,3.432,0.0769,1.953,0.0804,2.043,0.13,0.141,ventoinha,500.0
96943,2026-05-27 10:57:20.271011+00:00,0.061,1.55,68.2,20.11,0.088,2.236,0.52,0.492,61.0,61.0,0.066,0.103,2.371,2.4,3.956,3.426,0.0863,2.192,0.1244,3.162,0.131,0.143,ventoinha,500.0
96979,2026-05-27 10:58:32.276830+00:00,0.0718,1.825,70.33,21.29,0.0958,2.434,0.554,0.623,9.7,58.5,0.072,0.106,2.431,2.595,4.173,4.311,0.1016,2.581,0.1355,3.443,0.132,0.144,ventoinha,500.0
96983,2026-05-27 10:58:40.277289+00:00,0.0497,1.263,68.66,20.36,0.0664,1.688,0.555,0.602,61.0,61.0,0.065,0.083,2.403,2.507,4.26,4.268,0.0703,1.786,0.0939,2.387,0.13,0.141,ventoinha,500.0
96997,2026-05-27 10:59:08.279032+00:00,0.0601,1.526,69.12,20.62,0.0842,2.138,0.513,0.605,12.2,58.5,0.066,0.09,2.454,2.668,3.912,4.237,0.085,2.159,0.119,3.024,0.131,0.142,ventoinha,500.0
97002,2026-05-27 10:59:18.279719+00:00,0.0515,1.309,68.89,20.49,0.0695,1.767,0.391,0.482,9.7,61.0,0.064,0.082,2.294,2.388,3.002,3.441,0.0729,1.852,0.0983,2.499,0.13,0.14,ventoinha,500.0
97057,2026-05-27 11:01:08.285918+00:00,0.063,1.601,69.63,20.9,0.0843,2.141,0.428,0.472,61.0,58.5,0.068,0.103,2.362,2.489,3.356,3.402,0.0891,2.265,0.1192,3.029,0.127,0.139,ventoinha,500.0
97191,2026-05-27 11:05:36.301078+00:00,0.067,1.704,70.79,21.55,0.0782,1.988,0.434,0.478,9.7,58.5,0.073,0.096,2.421,2.385,3.389,3.419,0.0948,2.41,0.1107,2.812,0.128,0.14,ventoinha,500.0
97230,2026-05-27 11:06:54.305483+00:00,0.0571,1.452,71.39,21.88,0.0893,2.269,0.499,0.52,58.5,61.0,0.073,0.096,2.495,2.631,3.883,3.623,0.0808,2.054,0.1263,3.209,0.128,0.143,ventoinha,500.0
97236,2026-05-27 11:07:06.293262+00:00,0.0535,1.358,71.26,21.81,0.0909,2.309,0.485,0.549,61.0,58.5,0.072,0.106,2.423,2.387,3.769,3.889,0.0756,1.921,0.1286,3.266,0.128,0.141,ventoinha,500.0
97244,2026-05-27 11:07:22.307526+00:00,0.06,1.525,71.81,22.12,0.0848,2.155,0.422,0.566,61.0,58.5,0.073,0.102,2.32,2.628,3.262,4.002,0.0849,2.157,0.12,3.048,0.129,0.141,ventoinha,500.0
97291,2026-05-27 11:08:56.311125+00:00,0.0705,1.791,71.91,22.17,0.0637,1.619,0.423,0.562,9.7,61.0,0.068,0.086,2.304,2.575,3.319,4.042,0.0997,2.533,0.0901,2.29,0.127,0.139,ventoinha,500.0
97312,2026-05-27 11:09:38.315613+00:00,0.0659,1.676,72.09,22.27,0.0999,2.539,0.519,0.581,9.7,58.5,0.074,0.106,2.5,2.513,4.016,4.169,0.0933,2.37,0.1414,3.591,0.129,0.139,ventoinha,500.0
97318,2026-05-27 11:09:50.315864+00:00,0.065,1.652,72.19,22.32,0.0852,2.165,0.427,0.567,9.7,58.5,0.071,0.099,2.372,2.576,3.394,4.095,0.092,2.337,0.1205,3.062,0.126,0.138,ventoinha,500.0
97372,2026-05-27 11:11:38.322967+00:00,0.0604,1.534,72.6,22.56,0.0855,2.173,0.471,0.476,9.7,58.5,0.071,0.099,2.393,2.57,3.689,3.447,0.0854,2.169,0.1209,3.073,0.127,0.138,ventoinha,500.0
97380,2026-05-27 11:11:54.323735+00:00,0.0598,1.519,72.56,22.53,0.0958,2.434,0.45,0.511,58.5,58.5,0.073,0.109,2.447,2.622,3.512,3.59,0.0846,2.149,0.1355,3.442,0.128,0.142,ventoinha,500.0
97484,2026-05-27 11:15:22.332974+00:00,0.0455,1.156,73.96,23.31,0.0666,1.694,0.48,0.531,61.0,61.0,0.067,0.09,2.408,2.48,3.772,3.857,0.0643,1.635,0.0943,2.395,0.127,0.137,ventoinha,500.0
97509,2026-05-27 11:16:12.339516+00:00,0.0691,1.756,73.35,22.97,0.0954,2.423,0.447,0.509,61.0,58.5,0.077,0.106,2.357,2.542,3.505,3.628,0.0978,2.484,0.1349,3.427,0.127,0.14,ventoinha,500.0
97550,2026-05-27 11:20:04.735212+00:00,0.0684,1.739,73.63,23.13,0.0771,1.96,0.492,0.525,17.0,61.0,0.086,0.111,2.503,2.678,3.78,3.659,0.0968,2.46,0.1091,2.772,0.13,0.143,ventoinha,1000.0
97569,2026-05-27 11:20:42.741583+00:00,0.0713,1.813,73.63,23.13,0.0726,1.844,0.406,0.497,17.0,61.0,0.082,0.109,2.312,2.523,3.197,3.43,0.1009,2.564,0.1027,2.608,0.127,0.145,ventoinha,1000.0
97605,2026-05-27 11:21:54.752273+00:00,0.0747,1.899,73.86,23.25,0.0752,1.911,0.434,0.587,17.0,61.0,0.087,0.1,2.499,2.681,3.303,3.989,0.1057,2.686,0.1064,2.703,0.131,0.147,ventoinha,1000.0
97609,2026-05-27 11:22:02.747248+00:00,0.0722,1.834,73.35,22.97,0.0836,2.125,0.52,0.547,17.0,61.0,0.092,0.12,2.489,2.625,3.935,3.761,0.1021,2.594,0.1183,3.005,0.132,0.145,ventoinha,1000.0
97619,2026-05-27 11:22:22.746689+00:00,0.0731,1.858,75.03,23.9,0.0875,2.224,0.431,0.488,17.0,61.0,0.097,0.126,2.453,2.703,3.339,3.339,0.1034,2.628,0.1238,3.146,0.129,0.146,ventoinha,1000.0
97637,2026-05-27 11:22:58.750395+00:00,0.0701,1.781,73.44,23.02,0.0784,1.992,0.444,0.554,17.0,61.0,0.081,0.098,2.428,2.642,3.437,3.734,0.0992,2.519,0.1109,2.817,0.129,0.148,ventoinha,1000.0
97685,2026-05-27 11:24:34.755062+00:00,0.0713,1.812,75.13,23.96,0.0787,1.999,0.471,0.584,17.0,58.5,0.09,0.106,2.399,2.593,3.657,4.067,0.1009,2.563,0.1113,2.827,0.129,0.143,ventoinha,1000.0
97689,2026-05-27 11:24:42.756198+00:00,0.0631,1.603,73.63,23.13,0.0812,2.063,0.434,0.586,61.0,61.0,0.093,0.121,2.474,2.717,3.355,4.01,0.0893,2.268,0.1149,2.918,0.129,0.146,ventoinha,1000.0
97729,2026-05-27 11:26:02.760565+00:00,0.0677,1.719,73.77,23.2,0.0751,1.907,0.397,0.543,17.0,61.0,0.088,0.112,2.29,2.554,3.064,3.753,0.0957,2.432,0.1062,2.697,0.129,0.144,ventoinha,1000.0
97742,2026-05-27 11:26:28.762041+00:00,0.0695,1.766,73.54,23.07,0.0879,2.233,0.475,0.507,17.0,61.0,0.084,0.114,2.429,2.631,3.611,3.472,0.0983,2.498,0.1243,3.158,0.131,0.146,ventoinha,1000.0
97758,2026-05-27 11:27:00.763724+00:00,0.0721,1.833,74.7,23.72,0.0764,1.94,0.449,0.522,17.0,61.0,0.09,0.109,2.335,2.533,3.503,3.55,0.102,2.592,0.108,2.744,0.128,0.147,ventoinha,1000.0
97807,2026-05-27 11:28:38.769114+00:00,0.0691,1.756,75.36,24.09,0.0808,2.052,0.423,0.524,17.0,58.5,0.087,0.112,2.34,2.54,3.313,3.601,0.0977,2.483,0.1142,2.902,0.127,0.145,ventoinha,1000.0
97841,2026-05-27 11:29:46.772906+00:00,0.0857,2.178,74.1,23.38,0.0771,1.96,0.511,0.621,17.0,61.0,0.084,0.104,2.561,2.685,3.922,4.203,0.1213,3.081,0.1091,2.772,0.13,0.147,ventoinha,1000.0
97863,2026-05-27 11:30:30.775427+00:00,0.0759,1.928,74.38,23.54,0.08,2.033,0.492,0.674,17.0,58.5,0.097,0.117,2.5,2.762,3.752,4.483,0.1073,2.727,0.1132,2.875,0.131,0.15,ventoinha,1000.0
97891,2026-05-27 11:31:26.778451+00:00,0.065,1.652,74.1,23.38,0.0784,1.992,0.443,0.669,17.0,61.0,0.086,0.11,2.395,2.77,3.436,4.575,0.092,2.337,0.1109,2.817,0.129,0.146,ventoinha,1000.0
97984,2026-05-27 11:34:32.788263+00:00,0.0815,2.071,74.33,23.51,0.0796,2.023,0.498,0.545,17.0,61.0,0.088,0.111,2.588,2.486,3.841,3.748,0.1153,2.928,0.1126,2.861,0.129,0.145,ventoinha,1000.0
98018,2026-05-27 11:35:40.790482+00:00,0.0619,1.574,74.56,23.64,0.0797,2.026,0.507,0.62,58.5,61.0,0.086,0.109,2.386,2.632,3.943,4.259,0.0876,2.226,0.1128,2.866,0.128,0.145,ventoinha,1000.0
98028,2026-05-27 11:36:00.792932+00:00,0.0667,1.695,74.38,23.54,0.0736,1.87,0.446,0.587,17.0,61.0,0.092,0.106,2.437,2.55,3.48,3.998,0.0944,2.398,0.1041,2.645,0.128,0.147,ventoinha,1000.0
98054,2026-05-27 11:36:52.795964+00:00,0.074,1.881,75.92,24.4,0.0855,2.171,0.413,0.63,17.0,61.0,0.093,0.118,2.422,2.584,3.192,4.261,0.1047,2.66,0.1209,3.071,0.129,0.148,ventoinha,1000.0
98125,2026-05-27 11:39:14.802053+00:00,0.0705,1.791,76.16,24.53,0.0777,1.973,0.406,0.512,17.0,61.0,0.087,0.111,2.387,2.618,3.126,3.518,0.0997,2.533,0.1098,2.791,0.13,0.145,ventoinha,1000.0
98131,2026-05-27 11:39:26.804676+00:00,0.0723,1.838,74.75,23.75,0.0766,1.946,0.428,0.587,17.0,61.0,0.09,0.113,2.345,2.631,3.317,4.062,0.1023,2.599,0.1083,2.752,0.129,0.144,ventoinha,1000.0
98146,2026-05-27 11:39:56.875619+00:00,0.0735,1.867,74.7,23.72,0.0777,1.974,0.493,0.56,17.0,61.0,0.085,0.104,2.569,2.588,3.799,3.861,0.1039,2.641,0.1099,2.792,0.129,0.145,ventoinha,1000.0
98205,2026-05-27 11:41:54.916487+00:00,0.0716,1.82,74.89,23.83,0.0721,1.833,0.458,0.526,17.0,61.0,0.093,0.115,2.415,2.676,3.587,3.535,0.1013,2.574,0.1021,2.593,0.127,0.148,ventoinha,1000.0
98218,2026-05-27 11:42:20.917791+00:00,0.0756,1.922,74.75,23.75,0.0791,2.009,0.412,0.548,17.0,61.0,0.089,0.109,2.377,2.678,3.22,3.64,0.107,2.718,0.1119,2.842,0.128,0.15,ventoinha,1000.0
98245,2026-05-27 11:43:14.920890+00:00,0.0737,1.872,74.89,23.83,0.0762,1.937,0.507,0.53,17.0,61.0,0.082,0.107,2.48,2.618,3.87,3.616,0.1042,2.648,0.1078,2.739,0.131,0.146,ventoinha,1000.0
98302,2026-05-27 11:45:08.928853+00:00,0.0657,1.67,75.27,24.03,0.0764,1.941,0.484,0.615,61.0,61.0,0.091,0.117,2.465,2.666,3.735,4.217,0.093,2.362,0.1081,2.746,0.129,0.145,ventoinha,1000.0
98461,2026-05-27 11:50:26.982695+00:00,0.079,2.008,75.17,23.98,0.0764,1.941,0.538,0.5,17.0,61.0,0.089,0.109,2.546,2.682,4.126,3.42,0.1118,2.84,0.108,2.745,0.13,0.146,ventoinha,1000.0
98494,2026-05-27 11:51:32.986695+00:00,0.077,1.957,76.53,24.74,0.0984,2.499,0.511,0.586,17.0,61.0,0.089,0.115,2.581,2.668,3.871,3.931,0.1089,2.768,0.1391,3.535,0.132,0.149,ventoinha,1000.0
98498,2026-05-27 11:51:40.989263+00:00,0.0675,1.716,75.27,24.03,0.0868,2.206,0.359,0.511,17.0,58.5,0.091,0.106,2.294,2.485,2.853,3.512,0.0955,2.427,0.1228,3.12,0.125,0.145,ventoinha,1000.0
98676,2026-05-27 12:00:20.925695+00:00,0.1002,2.546,73.86,23.25,0.1435,3.645,0.562,0.932,34.1,34.1,0.13,0.145,2.719,2.906,3.52,3.789,0.1417,3.601,0.2029,5.155,0.159,0.246,ventoinha,2000.0
98740,2026-05-27 12:02:28.932175+00:00,0.1008,2.562,74.28,23.49,0.1457,3.702,0.531,0.888,34.1,34.1,0.135,0.148,2.686,2.926,3.287,3.649,0.1426,3.624,0.2061,5.236,0.161,0.243,ventoinha,2000.0
98747,2026-05-27 12:02:42.932970+00:00,0.1094,2.779,75.13,23.96,0.1316,3.343,0.561,0.911,34.1,34.1,0.134,0.155,2.755,2.775,3.531,3.58,0.1547,3.93,0.1861,4.728,0.159,0.254,ventoinha,2000.0
98751,2026-05-27 12:02:50.933314+00:00,0.0985,2.502,73.86,23.25,0.1481,3.762,0.534,0.833,34.1,34.1,0.126,0.144,2.762,2.933,3.329,3.318,0.1393,3.539,0.2094,5.321,0.16,0.251,ventoinha,2000.0
98763,2026-05-27 12:03:14.934690+00:00,0.1038,2.638,75.27,24.03,0.1414,3.591,0.667,1.194,34.1,34.1,0.139,0.162,2.808,3.313,4.151,4.799,0.1468,3.73,0.1999,5.079,0.16,0.248,ventoinha,2000.0
98826,2026-05-27 12:05:20.941300+00:00,0.1042,2.648,74.1,23.38,0.1426,3.623,0.643,1.088,34.1,34.1,0.127,0.153,2.785,3.055,3.994,4.205,0.1474,3.746,0.2017,5.123,0.161,0.258,ventoinha,2000.0
98855,2026-05-27 12:06:18.944581+00:00,0.1006,2.557,74.52,23.62,0.1419,3.604,0.696,0.874,34.1,34.1,0.123,0.134,3.0,2.96,4.342,3.492,0.1423,3.616,0.2006,5.097,0.16,0.25,ventoinha,2000.0
98859,2026-05-27 12:06:26.942838+00:00,0.1008,2.56,75.5,24.16,0.1496,3.8,0.582,0.942,34.1,34.1,0.122,0.144,2.621,3.22,3.512,3.925,0.1425,3.621,0.2116,5.375,0.165,0.24,ventoinha,2000.0
98999,2026-05-27 12:11:06.959612+00:00,0.0974,2.475,74.28,23.49,0.1489,3.782,0.585,0.912,34.1,34.1,0.135,0.154,2.72,2.954,3.751,3.712,0.1378,3.5,0.2105,5.349,0.155,0.245,ventoinha,2000.0
99005,2026-05-27 12:11:18.960281+00:00,0.0953,2.423,75.45,24.14,0.1481,3.762,0.532,0.911,34.1,34.1,0.128,0.143,2.703,2.964,3.36,3.69,0.1349,3.426,0.2095,5.321,0.158,0.247,ventoinha,2000.0
99025,2026-05-27 12:11:58.962499+00:00,0.1022,2.597,74.61,23.67,0.1519,3.86,0.545,0.931,34.1,34.1,0.125,0.147,2.612,2.789,3.52,3.706,0.1446,3.673,0.2149,5.459,0.155,0.251,ventoinha,2000.0
99059,2026-05-27 12:13:06.966623+00:00,0.1008,2.561,74.1,23.38,0.1433,3.64,0.619,0.904,34.1,34.1,0.121,0.14,2.65,2.999,4.021,3.599,0.1426,3.622,0.2027,5.149,0.153,0.251,ventoinha,2000.0
99085,2026-05-27 12:13:58.969217+00:00,0.101,2.566,74.14,23.41,0.1401,3.559,0.756,0.828,34.1,34.1,0.13,0.154,2.809,2.851,4.717,3.284,0.1429,3.63,0.1981,5.033,0.16,0.252,ventoinha,2000.0
99131,2026-05-27 12:15:30.973954+00:00,0.1019,2.589,74.94,23.85,0.1489,3.782,0.723,0.83,34.1,34.1,0.13,0.147,2.805,2.884,4.501,3.346,0.1441,3.662,0.2105,5.349,0.16,0.248,ventoinha,2000.0
99296,2026-05-27 12:21:00.991584+00:00,0.0993,2.524,74.24,23.46,0.1477,3.753,0.535,0.89,34.1,34.1,0.125,0.146,2.676,2.989,3.409,3.706,0.1405,3.57,0.2089,5.307,0.157,0.24,ventoinha,2000.0
99319,2026-05-27 12:21:46.993940+00:00,0.1016,2.582,74.28,23.49,0.1541,3.914,0.579,0.908,34.1,34.1,0.125,0.153,2.805,2.988,3.687,3.669,0.1438,3.652,0.2179,5.536,0.157,0.247,ventoinha,2000.0
99330,2026-05-27 12:22:08.995155+00:00,0.0988,2.511,74.19,23.44,0.1529,3.883,0.62,0.887,34.1,34.1,0.135,0.168,2.781,2.995,3.879,3.555,0.1398,3.551,0.2162,5.492,0.159,0.249,ventoinha,2000.0
99389,2026-05-27 12:24:07.001522+00:00,0.1147,2.915,75.36,24.09,0.1584,4.023,0.559,0.923,34.1,34.1,0.156,0.189,2.663,3.093,3.537,3.772,0.1623,4.123,0.224,5.69,0.158,0.244,ventoinha,2000.0
99390,2026-05-27 12:24:09.001417+00:00,0.1013,2.574,74.66,23.7,0.15,3.811,0.614,0.95,34.1,34.1,0.133,0.158,2.729,2.971,3.884,3.761,0.1433,3.641,0.2121,5.389,0.158,0.252,ventoinha,2000.0
99404,2026-05-27 12:24:37.003862+00:00,0.1087,2.761,74.66,23.7,0.1476,3.751,0.548,0.94,34.1,34.1,0.135,0.156,2.81,2.991,3.46,3.804,0.1537,3.905,0.2088,5.305,0.158,0.247,ventoinha,2000.0
99454,2026-05-27 12:26:17.006257+00:00,0.0971,2.467,74.33,23.51,0.1358,3.45,0.501,0.887,34.1,34.1,0.12,0.151,2.737,2.875,3.24,3.603,0.1374,3.489,0.1921,4.879,0.154,0.246,ventoinha,2000.0
99474,2026-05-27 12:26:57.010389+00:00,0.107,2.717,74.52,23.62,0.156,3.964,0.504,0.927,34.1,34.1,0.137,0.166,2.603,2.891,3.186,3.827,0.1513,3.843,0.2207,5.605,0.158,0.242,ventoinha,2000.0
99478,2026-05-27 12:27:05.010973+00:00,0.1006,2.556,75.83,24.35,0.1487,3.778,0.626,0.92,34.1,34.1,0.145,0.169,2.713,2.969,4.067,3.784,0.1423,3.615,0.2103,5.344,0.153,0.243,ventoinha,2000.0
99486,2026-05-27 12:27:21.012029+00:00,0.0925,2.351,74.38,23.54,0.1508,3.831,0.548,0.762,34.1,34.1,0.115,0.153,2.64,2.773,3.529,3.174,0.1309,3.325,0.2133,5.418,0.155,0.24,ventoinha,2000.0
99541,2026-05-27 15:02:45.239026+00:00,0.0754,1.916,69.91,21.06,0.0811,2.061,0.561,0.52,17.0,58.5,0.083,0.108,2.517,2.622,4.14,3.456,0.1067,2.71,0.1147,2.914,0.135,0.15,ventoinha,1000.0
99558,2026-05-27 15:03:19.241069+00:00,0.065,1.651,69.68,20.93,0.0841,2.138,0.48,0.573,61.0,61.0,0.083,0.108,2.476,2.58,3.519,3.815,0.0919,2.335,0.119,3.024,0.136,0.15,ventoinha,1000.0
99583,2026-05-27 15:04:09.243387+00:00,0.0792,2.012,69.31,20.72,0.0766,1.947,0.449,0.528,17.0,61.0,0.079,0.104,2.45,2.588,3.325,3.495,0.112,2.846,0.1084,2.753,0.135,0.151,ventoinha,1000.0
99587,2026-05-27 15:04:17.242798+00:00,0.0714,1.815,69.35,20.75,0.0718,1.826,0.437,0.563,17.0,61.0,0.078,0.098,2.415,2.626,3.235,3.763,0.101,2.567,0.1016,2.582,0.135,0.149,ventoinha,1000.0
99589,2026-05-27 15:04:21.244075+00:00,0.0638,1.62,69.59,20.88,0.0699,1.777,0.474,0.496,17.0,61.0,0.08,0.105,2.474,2.589,3.457,3.287,0.0902,2.291,0.0989,2.513,0.137,0.15,ventoinha,1000.0
99600,2026-05-27 15:04:43.245347+00:00,0.0682,1.732,69.26,20.7,0.0768,1.953,0.56,0.555,61.0,58.5,0.084,0.105,2.561,2.577,4.156,3.675,0.0964,2.45,0.1087,2.762,0.134,0.151,ventoinha,1000.0
99618,2026-05-27 15:05:19.247306+00:00,0.0777,1.974,68.98,20.54,0.0739,1.877,0.536,0.457,17.0,61.0,0.081,0.105,2.522,2.429,3.899,3.077,0.1099,2.792,0.1045,2.655,0.137,0.148,ventoinha,1000.0
99676,2026-05-27 15:07:15.253375+00:00,0.0717,1.823,69.31,20.72,0.0752,1.91,0.566,0.554,17.0,58.5,0.086,0.104,2.446,2.594,4.223,3.701,0.1015,2.578,0.1063,2.702,0.134,0.149,ventoinha,1000.0
99727,2026-05-27 15:08:57.258382+00:00,0.077,1.957,69.08,20.6,0.0821,2.087,0.471,0.505,17.0,61.0,0.082,0.109,2.53,2.494,3.484,3.381,0.1089,2.768,0.1162,2.951,0.135,0.149,ventoinha,1000.0
99743,2026-05-27 15:09:29.260013+00:00,0.068,1.729,69.22,20.67,0.0739,1.878,0.449,0.603,17.0,61.0,0.084,0.108,2.455,2.651,3.328,4.008,0.0962,2.445,0.1045,2.656,0.135,0.15,ventoinha,1000.0
99788,2026-05-27 15:10:59.264733+00:00,0.0787,1.999,70.56,21.42,0.0723,1.837,0.473,0.555,17.0,61.0,0.08,0.105,2.439,2.609,3.498,3.721,0.1113,2.827,0.1022,2.598,0.135,0.149,ventoinha,1000.0
99859,2026-05-27 15:13:21.271980+00:00,0.0839,2.132,70.14,21.19,0.0866,2.199,0.543,0.56,17.0,61.0,0.083,0.107,2.508,2.682,4.054,3.723,0.1187,3.016,0.1224,3.111,0.134,0.15,ventoinha,1000.0
99915,2026-05-27 15:15:13.278342+00:00,0.0897,2.28,71.53,21.96,0.0754,1.915,0.567,0.554,17.0,58.5,0.088,0.106,2.513,2.586,4.224,3.707,0.1269,3.225,0.1066,2.709,0.134,0.149,ventoinha,1000.0
99933,2026-05-27 15:15:49.280310+00:00,0.0761,1.934,70.93,21.63,0.0745,1.893,0.476,0.573,17.0,61.0,0.089,0.115,2.418,2.57,3.561,3.85,0.1077,2.735,0.1054,2.677,0.133,0.148,ventoinha,1000.0
99947,2026-05-27 15:16:17.281773+00:00,0.0699,1.777,72.65,22.58,0.0873,2.217,0.485,0.518,61.0,58.5,0.088,0.11,2.428,2.539,3.646,3.508,0.0989,2.513,0.1234,3.136,0.133,0.147,ventoinha,1000.0
99991,2026-05-27 15:17:45.286250+00:00,0.073,1.854,71.21,21.78,0.0855,2.172,0.483,0.545,17.0,61.0,0.087,0.108,2.446,2.583,3.536,3.617,0.1032,2.622,0.1209,3.072,0.136,0.15,ventoinha,1000.0
100014,2026-05-27 15:18:31.288961+00:00,0.0705,1.793,72.93,22.74,0.0819,2.08,0.461,0.496,17.0,61.0,0.084,0.114,2.49,2.608,3.436,3.324,0.0998,2.535,0.1158,2.942,0.134,0.149,ventoinha,1000.0
100027,2026-05-27 15:18:57.290298+00:00,0.0638,1.621,71.39,21.88,0.0769,1.953,0.427,0.593,17.0,61.0,0.092,0.115,2.412,2.559,3.221,3.93,0.0902,2.292,0.1087,2.762,0.132,0.151,ventoinha,1000.0
100055,2026-05-27 15:19:53.293402+00:00,0.0707,1.796,71.72,22.06,0.0832,2.115,0.5,0.648,17.0,61.0,0.094,0.125,2.501,2.756,3.744,4.285,0.1,2.54,0.1177,2.991,0.133,0.151,ventoinha,1000.0
100164,2026-05-27 15:23:31.305323+00:00,0.0706,1.795,73.86,23.25,0.0785,1.994,0.467,0.556,17.0,61.0,0.096,0.103,2.402,2.645,3.515,3.792,0.0999,2.538,0.111,2.82,0.132,0.146,ventoinha,1000.0
100172,2026-05-27 15:23:47.306114+00:00,0.0733,1.863,73.07,22.81,0.0731,1.858,0.521,0.604,17.0,61.0,0.081,0.105,2.364,2.579,3.901,4.054,0.1037,2.635,0.1034,2.628,0.133,0.149,ventoinha,1000.0
100195,2026-05-27 15:24:33.308326+00:00,0.0681,1.731,74.28,23.49,0.074,1.879,0.474,0.565,17.0,61.0,0.087,0.112,2.471,2.668,3.594,3.88,0.0964,2.448,0.1046,2.658,0.132,0.145,ventoinha,1000.0
100325,2026-05-27 15:28:53.322014+00:00,0.0804,2.043,74.7,23.72,0.0749,1.904,0.574,0.602,17.0,61.0,0.086,0.113,2.536,2.713,4.323,4.033,0.1138,2.89,0.106,2.693,0.132,0.149,ventoinha,1000.0
100329,2026-05-27 15:29:01.322507+00:00,0.0782,1.987,73.72,23.18,0.0803,2.04,0.474,0.532,17.0,58.5,0.087,0.108,2.569,2.569,3.533,3.587,0.1106,2.811,0.1135,2.884,0.134,0.148,ventoinha,1000.0
100332,2026-05-27 15:29:07.322926+00:00,0.0825,2.096,73.16,22.87,0.0787,2.001,0.485,0.556,17.0,58.5,0.088,0.112,2.486,2.751,3.681,3.649,0.1167,2.964,0.1114,2.83,0.131,0.152,ventoinha,1000.0
100354,2026-05-27 15:29:51.325132+00:00,0.0785,1.993,73.3,22.94,0.0737,1.873,0.504,0.494,17.0,61.0,0.084,0.109,2.399,2.569,3.844,3.361,0.111,2.819,0.1042,2.649,0.131,0.146,ventoinha,1000.0
100359,2026-05-27 15:30:01.325542+00:00,0.0709,1.801,73.4,23.0,0.0855,2.173,0.422,0.482,17.0,61.0,0.09,0.114,2.439,2.584,3.206,3.289,0.1002,2.547,0.121,3.073,0.131,0.146,ventoinha,1000.0
100362,2026-05-27 15:30:07.325983+00:00,0.0712,1.81,74.24,23.46,0.0757,1.924,0.493,0.729,17.0,61.0,0.089,0.116,2.487,2.773,3.725,4.841,0.1008,2.56,0.1071,2.722,0.132,0.15,ventoinha,1000.0
100437,2026-05-27 15:32:37.333689+00:00,0.0783,1.989,73.54,23.07,0.0827,2.101,0.495,0.69,17.0,61.0,0.09,0.112,2.587,2.72,3.706,4.639,0.1107,2.813,0.1169,2.971,0.133,0.148,ventoinha,1000.0
100468,2026-05-27 15:33:39.336949+00:00,0.0625,1.589,73.86,23.25,0.0884,2.245,0.456,0.47,17.0,61.0,0.086,0.111,2.554,2.621,3.26,2.98,0.0885,2.248,0.125,3.175,0.14,0.157,ventoinha,1000.0
100471,2026-05-27 15:33:45.337212+00:00,0.0803,2.04,73.68,23.15,0.0701,1.782,0.434,0.604,17.0,61.0,0.089,0.102,2.595,2.693,3.124,3.873,0.1136,2.885,0.0992,2.52,0.138,0.156,ventoinha,1000.0
100563,2026-05-27 15:37:22.689167+00:00,0.0993,2.523,73.4,23.0,0.1475,3.748,0.568,0.81,34.1,34.1,0.119,0.141,2.761,2.852,3.499,3.302,0.1404,3.568,0.2087,5.301,0.162,0.245,ventoinha,2000.0
100598,2026-05-27 15:38:32.692975+00:00,0.0995,2.528,73.86,23.25,0.1552,3.944,0.727,0.82,34.1,34.1,0.13,0.152,2.871,2.844,4.548,3.383,0.1407,3.575,0.2195,5.577,0.159,0.242,ventoinha,2000.0
100602,2026-05-27 15:38:40.693577+00:00,0.1092,2.775,73.07,22.81,0.1398,3.553,0.681,0.871,34.1,34.1,0.124,0.137,2.825,2.836,4.193,3.545,0.1545,3.925,0.1978,5.024,0.162,0.245,ventoinha,2000.0
100671,2026-05-27 15:40:58.700549+00:00,0.1093,2.777,73.02,22.79,0.1471,3.738,0.63,1.004,34.1,34.1,0.129,0.159,2.746,2.989,3.846,4.14,0.1546,3.927,0.2081,5.287,0.163,0.242,ventoinha,2000.0
100732,2026-05-27 15:43:00.707155+00:00,0.1003,2.549,73.21,22.89,0.1298,3.298,0.543,0.782,34.1,34.1,0.127,0.137,2.704,2.791,3.463,3.182,0.1419,3.605,0.1836,4.665,0.156,0.245,ventoinha,2000.0
100733,2026-05-27 15:43:02.707294+00:00,0.1003,2.549,72.98,22.76,0.1298,3.298,0.543,0.782,34.1,34.1,0.127,0.137,2.704,2.791,3.463,3.182,0.1419,3.605,0.1836,4.665,0.156,0.245,ventoinha,2000.0
100737,2026-05-27 15:43:10.707740+00:00,0.0985,2.503,73.02,22.79,0.1395,3.544,0.572,0.812,34.1,34.1,0.117,0.133,2.811,2.89,3.594,3.288,0.1393,3.54,0.1973,5.012,0.159,0.247,ventoinha,2000.0
100768,2026-05-27 15:44:12.711053+00:00,0.1012,2.572,73.77,23.2,0.1411,3.586,0.513,0.983,34.1,34.1,0.122,0.144,2.738,2.977,3.347,3.948,0.1432,3.637,0.1996,5.071,0.153,0.249,ventoinha,2000.0
100782,2026-05-27 15:44:40.712425+00:00,0.1041,2.644,73.07,22.81,0.1408,3.576,0.568,1.016,34.1,34.1,0.121,0.142,2.755,3.214,3.508,4.049,0.1472,3.739,0.1991,5.058,0.161,0.25,ventoinha,2000.0
100811,2026-05-27 15:45:38.714420+00:00,0.1007,2.559,73.21,22.89,0.1368,3.476,0.647,0.887,34.1,34.1,0.12,0.142,2.825,2.94,4.075,3.566,0.1424,3.619,0.1935,4.917,0.158,0.248,ventoinha,2000.0
100855,2026-05-27 15:47:06.720779+00:00,0.0969,2.461,74.24,23.46,0.1376,3.496,0.551,0.928,34.1,34.1,0.129,0.154,2.683,2.981,3.436,3.815,0.137,3.481,0.1946,4.944,0.16,0.243,ventoinha,2000.0
100878,2026-05-27 15:47:52.723139+00:00,0.1036,2.632,73.35,22.97,0.1437,3.65,0.56,0.82,34.1,34.1,0.127,0.145,2.696,2.811,3.57,3.286,0.1465,3.722,0.2032,5.161,0.156,0.249,ventoinha,2000.0
100927,2026-05-27 15:49:30.728611+00:00,0.103,2.618,73.4,23.0,0.1529,3.885,0.594,1.011,34.1,34.1,0.14,0.171,2.801,2.972,3.725,4.072,0.1457,3.703,0.2163,5.495,0.159,0.248,ventoinha,2000.0
100984,2026-05-27 15:51:24.734581+00:00,0.105,2.668,73.63,23.13,0.1336,3.395,0.611,0.987,34.1,34.1,0.118,0.141,2.804,3.078,3.888,3.92,0.1485,3.774,0.189,4.802,0.157,0.251,ventoinha,2000.0
101036,2026-05-27 15:53:08.740443+00:00,0.1009,2.564,75.45,24.14,0.1498,3.806,0.623,0.911,34.1,34.1,0.128,0.153,2.66,2.866,3.813,3.722,0.1427,3.626,0.2119,5.383,0.163,0.244,ventoinha,2000.0
101050,2026-05-27 15:53:36.741898+00:00,0.1009,2.563,74.66,23.7,0.1376,3.495,0.548,1.097,34.1,34.1,0.122,0.136,2.812,3.031,3.501,4.323,0.1427,3.625,0.1946,4.942,0.156,0.253,ventoinha,2000.0
101053,2026-05-27 15:53:42.742151+00:00,0.1037,2.636,73.77,23.2,0.143,3.632,0.539,0.868,34.1,34.1,0.124,0.148,2.676,2.873,3.418,3.505,0.1467,3.728,0.2022,5.136,0.157,0.247,ventoinha,2000.0
101175,2026-05-27 15:57:46.754336+00:00,0.099,2.516,73.96,23.31,0.1427,3.626,0.503,0.974,34.1,34.1,0.126,0.143,2.691,2.998,3.16,4.054,0.1401,3.558,0.2019,5.128,0.159,0.24,ventoinha,2000.0
101195,2026-05-27 15:58:26.757565+00:00,0.1041,2.644,74.1,23.38,0.1319,3.352,0.537,1.099,34.1,34.1,0.128,0.146,2.771,2.886,3.374,4.364,0.1472,3.739,0.1866,4.74,0.159,0.251,ventoinha,2000.0
101197,2026-05-27 15:58:30.757763+00:00,0.1039,2.64,74.1,23.38,0.1475,3.747,0.623,1.03,34.1,34.1,0.138,0.163,2.742,3.05,3.999,4.228,0.1469,3.733,0.2086,5.3,0.155,0.243,ventoinha,2000.0
101233,2026-05-27 15:59:42.761814+00:00,0.0945,2.401,74.05,23.36,0.1441,3.661,0.708,0.838,34.1,34.1,0.13,0.146,2.786,2.927,4.512,3.426,0.1337,3.396,0.2038,5.178,0.157,0.244,ventoinha,2000.0
101258,2026-05-27 16:00:32.764378+00:00,0.105,2.669,74.05,23.36,0.1396,3.546,0.604,0.898,34.1,34.1,0.117,0.14,2.772,2.859,3.771,3.672,0.1486,3.774,0.1974,5.015,0.16,0.244,ventoinha,2000.0
101318,2026-05-27 16:02:32.769315+00:00,0.0955,2.425,75.17,23.98,0.1435,3.647,0.61,0.934,34.1,34.1,0.128,0.159,2.827,2.829,3.726,3.563,0.135,3.43,0.203,5.158,0.163,0.262,ventoinha,2000.0
101402,2026-05-27 16:05:20.779883+00:00,0.0977,2.482,74.47,23.59,0.1559,3.961,0.534,0.832,34.1,34.1,0.135,0.165,2.78,2.756,3.36,3.302,0.1382,3.51,0.2205,5.602,0.158,0.252,ventoinha,2000.0
101436,2026-05-27 16:06:28.783515+00:00,0.0987,2.507,74.38,23.54,0.1538,3.906,0.531,0.949,34.1,34.1,0.135,0.164,2.749,2.975,3.355,3.71,0.1396,3.546,0.2175,5.524,0.158,0.255,ventoinha,2000.0
101444,2026-05-27 16:06:44.784581+00:00,0.0989,2.514,75.88,24.37,0.1387,3.525,0.544,0.907,34.1,34.1,0.126,0.148,2.715,2.947,3.464,3.733,0.14,3.556,0.1962,4.985,0.157,0.243,ventoinha,2000.0
101455,2026-05-27 16:07:06.784881+00:00,0.1048,2.664,74.38,23.54,0.1367,3.472,0.523,0.888,34.1,34.1,0.134,0.149,2.723,2.932,3.305,3.495,0.1483,3.767,0.1933,4.91,0.158,0.254,ventoinha,2000.0
101478,2026-05-27 16:07:52.787942+00:00,0.1087,2.761,74.38,23.54,0.1413,3.589,0.605,0.888,34.1,34.1,0.141,0.163,2.721,3.138,3.834,3.712,0.1537,3.905,0.1998,5.076,0.157,0.239,ventoinha,2000.0
101493,2026-05-27 16:08:22.789780+00:00,0.1054,2.677,74.89,23.83,0.1366,3.47,0.538,0.828,34.1,34.1,0.125,0.147,2.809,2.759,3.467,3.315,0.149,3.786,0.1932,4.908,0.155,0.249,ventoinha,2000.0
101512,2026-05-27 16:09:00.791644+00:00,0.0998,2.535,74.47,23.59,0.1584,4.024,0.548,0.86,34.1,34.1,0.136,0.173,2.686,2.913,3.527,3.524,0.1411,3.585,0.224,5.691,0.155,0.244,ventoinha,2000.0
101536,2026-05-27 16:09:48.794448+00:00,0.0988,2.509,75.83,24.35,0.1411,3.585,0.653,0.891,34.1,34.1,0.124,0.149,2.839,2.902,4.062,3.621,0.1397,3.549,0.1996,5.07,0.16,0.246,ventoinha,2000.0
101610,2026-05-27 16:13:36.678069+00:00,0.0618,1.57,77.38,25.21,0.1026,2.607,0.527,0.523,58.5,58.5,0.073,0.117,2.389,2.567,4.152,3.864,0.0874,2.221,0.1451,3.687,0.127,0.135,ventoinha,500.0
101694,2026-05-27 16:16:24.693000+00:00,0.0567,1.44,78.99,26.1,0.093,2.364,0.494,0.66,61.0,58.5,0.074,0.113,2.484,2.649,3.913,4.791,0.0801,2.036,0.1316,3.343,0.126,0.137,ventoinha,500.0
101697,2026-05-27 16:16:30.693227+00:00,0.0519,1.318,78.42,25.79,0.0714,1.814,0.392,0.533,61.0,56.1,0.071,0.094,2.269,2.591,3.154,3.954,0.0734,1.865,0.101,2.566,0.124,0.135,ventoinha,500.0
101724,2026-05-27 16:17:24.695878+00:00,0.0637,1.62,79.8,26.55,0.1012,2.57,0.494,0.656,58.5,58.5,0.079,0.118,2.433,2.962,4.01,4.838,0.0902,2.291,0.1431,3.635,0.123,0.135,ventoinha,500.0
101769,2026-05-27 16:18:54.700650+00:00,0.0593,1.507,78.99,26.1,0.1001,2.544,0.52,0.539,58.5,58.5,0.075,0.118,2.402,2.653,4.184,3.999,0.0839,2.132,0.1416,3.598,0.124,0.134,ventoinha,500.0
101821,2026-05-27 16:20:38.706218+00:00,0.0577,1.466,80.13,26.74,0.1146,2.912,0.473,0.498,58.5,58.5,0.072,0.128,2.497,2.559,3.796,3.65,0.0816,2.074,0.1621,4.119,0.124,0.136,ventoinha,500.0
101824,2026-05-27 16:20:44.706584+00:00,0.0512,1.302,79.94,26.63,0.0913,2.32,0.453,0.703,61.0,58.5,0.072,0.115,2.282,2.701,3.673,5.214,0.0725,1.841,0.1292,3.281,0.123,0.134,ventoinha,500.0
101842,2026-05-27 16:21:20.708479+00:00,0.0527,1.34,79.42,26.34,0.0985,2.502,0.406,0.614,58.5,58.5,0.076,0.117,2.343,2.747,3.321,4.543,0.0746,1.896,0.1393,3.538,0.122,0.135,ventoinha,500.0
101906,2026-05-27 16:23:28.715009+00:00,0.0506,1.287,79.46,26.37,0.0735,1.868,0.462,0.518,61.0,61.0,0.071,0.098,2.501,2.596,3.618,3.763,0.0716,1.82,0.104,2.643,0.127,0.137,ventoinha,500.0
101910,2026-05-27 16:23:36.715460+00:00,0.0543,1.381,79.65,26.47,0.0679,1.724,0.378,0.513,9.7,61.0,0.07,0.1,2.334,2.57,3.061,3.772,0.0768,1.953,0.096,2.439,0.123,0.136,ventoinha,500.0
101911,2026-05-27 16:23:38.715475+00:00,0.0578,1.468,79.46,26.37,0.0957,2.432,0.47,0.483,58.5,58.5,0.075,0.113,2.469,2.628,3.727,3.503,0.0817,2.076,0.1354,3.439,0.126,0.137,ventoinha,500.0
101945,2026-05-27 16:24:46.719140+00:00,0.0493,1.252,80.27,26.82,0.0769,1.954,0.403,0.598,61.0,61.0,0.069,0.101,2.487,2.609,3.053,4.11,0.0697,1.771,0.1088,2.763,0.132,0.145,ventoinha,500.0
101950,2026-05-27 16:24:56.719669+00:00,0.0519,1.32,79.56,26.42,0.0879,2.233,0.528,0.519,61.0,58.5,0.079,0.108,2.734,2.58,4.077,3.639,0.0735,1.867,0.1243,3.158,0.129,0.142,ventoinha,500.0
101992,2026-05-27 16:26:20.723925+00:00,0.0579,1.472,80.65,27.03,0.0724,1.84,0.466,0.465,61.0,61.0,0.073,0.1,2.397,2.418,3.828,3.521,0.082,2.082,0.1024,2.602,0.121,0.132,ventoinha,500.0
102029,2026-05-27 16:27:34.728229+00:00,0.0536,1.363,79.7,26.5,0.0773,1.964,0.482,0.597,61.0,61.0,0.072,0.103,2.338,2.677,3.901,4.396,0.0759,1.928,0.1093,2.778,0.123,0.135,ventoinha,500.0
102057,2026-05-27 16:28:30.729079+00:00,0.0564,1.434,79.75,26.53,0.1041,2.645,0.436,0.63,58.5,58.5,0.08,0.125,2.303,2.804,3.526,4.622,0.0798,2.029,0.1472,3.74,0.123,0.136,ventoinha,500.0
102094,2026-05-27 16:29:44.730274+00:00,0.0636,1.616,81.13,27.29,0.1055,2.68,0.408,0.583,58.5,58.5,0.076,0.12,2.262,2.632,3.353,4.35,0.09,2.286,0.1492,3.79,0.121,0.134,ventoinha,500.0
102102,2026-05-27 16:30:00.734328+00:00,0.0612,1.556,81.23,27.35,0.1023,2.599,0.452,0.565,58.5,58.5,0.077,0.117,2.28,2.752,3.746,4.2,0.0866,2.201,0.1447,3.676,0.12,0.134,ventoinha,500.0
102168,2026-05-27 16:32:12.743252+00:00,0.0635,1.614,80.37,26.87,0.1027,2.61,0.354,0.497,58.5,58.5,0.077,0.117,2.283,2.602,2.936,3.698,0.0898,2.283,0.1453,3.692,0.12,0.134,ventoinha,500.0
102263,2026-05-27 16:35:22.753509+00:00,0.0591,1.502,80.08,26.71,0.0666,1.691,0.466,0.542,9.7,61.0,0.073,0.097,2.376,2.539,3.765,4.033,0.0836,2.125,0.0941,2.392,0.123,0.134,ventoinha,500.0
102268,2026-05-27 16:35:32.753973+00:00,0.0497,1.263,79.94,26.63,0.0921,2.34,0.417,0.536,58.5,58.5,0.073,0.115,2.45,2.593,3.386,4.006,0.0703,1.786,0.1302,3.309,0.123,0.134,ventoinha,500.0
102270,2026-05-27 16:35:36.754139+00:00,0.0525,1.335,79.84,26.58,0.092,2.339,0.45,0.608,58.5,58.5,0.072,0.112,2.348,2.733,3.706,4.514,0.0743,1.888,0.1302,3.307,0.121,0.134,ventoinha,500.0
102271,2026-05-27 16:35:38.754167+00:00,0.0555,1.412,80.13,26.74,0.0619,1.574,0.516,0.566,61.0,61.0,0.073,0.097,2.578,2.693,4.123,4.212,0.0786,1.996,0.0876,2.226,0.125,0.134,ventoinha,500.0
102283,2026-05-27 16:36:02.755777+00:00,0.0646,1.642,79.99,26.66,0.101,2.567,0.456,0.581,58.5,58.5,0.073,0.119,2.342,2.58,3.742,4.317,0.0914,2.322,0.1429,3.63,0.121,0.134,ventoinha,500.0
102305,2026-05-27 16:36:46.756719+00:00,0.053,1.348,80.56,26.98,0.1072,2.725,0.534,0.572,58.5,58.5,0.073,0.122,2.547,2.555,4.284,4.214,0.075,1.906,0.1517,3.853,0.124,0.135,ventoinha,500.0
102389,2026-05-27 16:39:34.764575+00:00,0.0521,1.325,80.03,26.68,0.0767,1.949,0.533,0.525,61.0,61.0,0.07,0.099,2.726,2.724,4.03,3.693,0.0738,1.874,0.1085,2.757,0.132,0.142,ventoinha,500.0
102470,2026-05-27 16:42:16.775510+00:00,0.0541,1.375,79.99,26.66,0.0897,2.279,0.418,0.629,61.0,58.5,0.073,0.111,2.494,2.849,3.212,4.323,0.0766,1.945,0.1269,3.224,0.13,0.145,ventoinha,500.0
102504,2026-05-27 16:43:24.778916+00:00,0.0505,1.283,80.03,26.68,0.065,1.652,0.402,0.554,61.0,61.0,0.071,0.092,2.343,2.656,3.267,4.074,0.0714,1.815,0.092,2.337,0.123,0.136,ventoinha,500.0
102531,2026-05-27 16:44:18.781734+00:00,0.0545,1.386,80.18,26.76,0.0897,2.279,0.532,0.511,58.5,58.5,0.071,0.105,2.343,2.527,4.413,3.808,0.0772,1.961,0.1268,3.223,0.12,0.134,ventoinha,500.0
102618,2026-05-27 19:15:55.076896+00:00,0.0637,1.619,69.77,20.98,0.0962,2.444,0.605,0.802,58.5,58.5,0.114,0.132,2.751,3.018,3.557,3.508,0.0901,2.29,0.1361,3.457,0.17,0.228,correia,2000.0
102626,2026-05-27 19:16:11.077704+00:00,0.0648,1.646,69.73,20.96,0.0841,2.138,0.533,0.882,61.0,61.0,0.111,0.124,2.66,3.188,3.146,4.01,0.0916,2.328,0.119,3.023,0.169,0.22,correia,2000.0
102631,2026-05-27 19:16:21.078225+00:00,0.0846,2.15,69.08,20.6,0.0878,2.231,0.584,0.911,9.7,58.5,0.114,0.127,2.798,3.14,3.441,3.995,0.1197,3.041,0.1242,3.155,0.169,0.228,correia,2000.0
102633,2026-05-27 19:16:25.078318+00:00,0.062,1.575,69.26,20.7,0.0893,2.269,0.58,1.055,58.5,61.0,0.11,0.134,2.738,3.064,3.425,4.691,0.0877,2.228,0.1263,3.209,0.169,0.224,correia,2000.0
102645,2026-05-27 19:16:49.079586+00:00,0.0751,1.908,69.17,20.65,0.0883,2.244,0.621,0.822,61.0,61.0,0.115,0.133,2.783,3.061,3.632,3.641,0.1062,2.699,0.1249,3.173,0.17,0.225,correia,2000.0
102669,2026-05-27 19:17:37.081994+00:00,0.0685,1.741,71.02,21.68,0.0865,2.197,0.672,0.987,61.0,61.0,0.117,0.128,2.8,3.107,3.95,4.294,0.0969,2.462,0.1223,3.108,0.17,0.229,correia,2000.0
102707,2026-05-27 19:18:53.086014+00:00,0.068,1.728,69.54,20.85,0.0917,2.331,0.634,0.782,61.0,58.5,0.108,0.135,2.719,2.962,3.71,3.333,0.0962,2.443,0.1298,3.296,0.17,0.234,correia,2000.0
102750,2026-05-27 19:20:19.089001+00:00,0.0715,1.818,69.77,20.98,0.0995,2.529,0.624,0.81,9.7,9.7,0.116,0.126,2.707,2.98,3.767,3.48,0.1012,2.571,0.1408,3.577,0.165,0.232,correia,2000.0
102760,2026-05-27 19:20:39.091424+00:00,0.0661,1.68,69.96,21.08,0.0888,2.257,0.687,0.854,61.0,61.0,0.108,0.122,2.726,3.112,4.131,3.665,0.0935,2.376,0.1256,3.191,0.166,0.233,correia,2000.0
102777,2026-05-27 19:21:13.093042+00:00,0.0582,1.479,70.0,21.11,0.086,2.185,0.581,0.95,61.0,61.0,0.108,0.122,2.783,3.056,3.568,4.108,0.0823,2.092,0.1216,3.09,0.162,0.231,correia,2000.0
102786,2026-05-27 19:21:31.094143+00:00,0.0692,1.759,70.0,21.11,0.0842,2.139,0.525,0.842,61.0,61.0,0.124,0.136,2.683,2.919,3.162,3.644,0.0979,2.488,0.1191,3.026,0.166,0.231,correia,2000.0
102805,2026-05-27 19:22:09.096001+00:00,0.0755,1.919,69.96,21.08,0.089,2.26,0.558,0.784,9.7,61.0,0.11,0.12,2.656,2.969,3.372,3.276,0.1068,2.714,0.1258,3.197,0.165,0.239,correia,2000.0
102853,2026-05-27 19:23:45.101463+00:00,0.0788,2.002,70.51,21.39,0.1033,2.626,0.629,0.83,136.7,61.0,0.136,0.156,2.844,2.886,3.838,3.633,0.1114,2.831,0.1462,3.713,0.163,0.228,correia,2000.0
102856,2026-05-27 19:23:51.101719+00:00,0.0615,1.564,70.19,21.21,0.0961,2.441,0.68,1.249,61.0,61.0,0.104,0.11,2.729,3.302,4.15,5.386,0.087,2.212,0.1359,3.453,0.164,0.231,correia,2000.0
102859,2026-05-27 19:23:57.101971+00:00,0.0592,1.506,70.33,21.29,0.0783,1.989,0.654,0.857,61.0,61.0,0.109,0.12,2.757,3.094,4.009,3.665,0.0838,2.13,0.1107,2.812,0.163,0.233,correia,2000.0
102898,2026-05-27 19:25:15.106369+00:00,0.0707,1.796,71.63,22.01,0.1041,2.644,0.561,0.778,61.0,9.7,0.112,0.136,2.761,2.821,3.449,3.256,0.1,2.541,0.1472,3.74,0.162,0.238,correia,2000.0
102985,2026-05-27 19:28:09.115514+00:00,0.0746,1.896,71.67,22.04,0.0846,2.15,0.642,0.766,61.0,61.0,0.112,0.133,2.837,2.91,3.949,3.325,0.1055,2.681,0.1197,3.041,0.162,0.23,correia,2000.0
103049,2026-05-27 19:30:17.122240+00:00,0.0616,1.565,71.67,22.04,0.0793,2.015,0.585,0.791,58.5,61.0,0.104,0.113,2.722,2.962,3.691,3.337,0.0871,2.214,0.1122,2.85,0.158,0.237,correia,2000.0
103056,2026-05-27 19:30:31.123041+00:00,0.0878,2.232,71.12,21.73,0.0963,2.447,0.567,0.937,12.2,61.0,0.119,0.136,2.8,3.177,3.602,4.112,0.1242,3.156,0.1362,3.461,0.157,0.227,correia,2000.0
103101,2026-05-27 19:32:01.127809+00:00,0.0704,1.788,72.65,22.58,0.0919,2.335,0.49,0.895,61.0,61.0,0.118,0.13,2.6,2.969,3.045,3.886,0.0995,2.529,0.13,3.303,0.16,0.23,correia,2000.0
103105,2026-05-27 19:32:09.126508+00:00,0.0692,1.76,71.35,21.86,0.082,2.084,0.607,0.929,17.0,61.0,0.108,0.115,2.829,2.946,3.783,4.034,0.098,2.489,0.116,2.948,0.16,0.23,correia,2000.0
103120,2026-05-27 19:32:39.129880+00:00,0.0673,1.71,71.26,21.81,0.0976,2.479,0.549,0.95,61.0,58.5,0.12,0.143,2.707,3.015,3.459,4.1,0.0952,2.419,0.138,3.506,0.158,0.231,correia,2000.0
103124,2026-05-27 19:32:47.130228+00:00,0.0662,1.682,71.3,21.83,0.0916,2.327,0.649,0.98,61.0,61.0,0.117,0.129,2.82,3.003,4.039,4.09,0.0936,2.379,0.1296,3.292,0.16,0.239,correia,2000.0
103158,2026-05-27 19:33:55.133890+00:00,0.0749,1.903,72.05,22.25,0.0856,2.174,0.513,0.858,12.2,61.0,0.119,0.129,2.767,3.105,3.227,3.696,0.1059,2.691,0.121,3.075,0.158,0.232,correia,2000.0
103161,2026-05-27 19:34:01.134023+00:00,0.0632,1.605,71.44,21.91,0.0911,2.316,0.625,0.922,61.0,61.0,0.102,0.113,2.804,2.976,3.998,3.99,0.0893,2.27,0.1289,3.275,0.156,0.231,correia,2000.0
103162,2026-05-27 19:34:03.134032+00:00,0.0632,1.605,72.0,22.22,0.0911,2.316,0.625,0.922,61.0,61.0,0.102,0.113,2.804,2.976,3.998,3.99,0.0893,2.27,0.1289,3.275,0.156,0.231,correia,2000.0
103185,2026-05-27 19:34:49.137349+00:00,0.0698,1.773,71.53,21.96,0.096,2.439,0.516,0.911,61.0,58.5,0.112,0.126,2.775,3.026,3.268,3.78,0.0987,2.507,0.1358,3.449,0.157,0.241,correia,2000.0
103206,2026-05-27 19:35:31.138842+00:00,0.0804,2.044,71.58,21.99,0.0906,2.303,0.533,0.957,9.7,61.0,0.116,0.132,2.757,3.009,3.257,4.005,0.1138,2.891,0.1282,3.257,0.163,0.239,correia,2000.0
103214,2026-05-27 19:35:47.139484+00:00,0.0627,1.594,71.63,22.01,0.0925,2.35,0.631,0.856,61.0,9.7,0.117,0.129,2.778,3.052,3.983,3.709,0.0887,2.254,0.1308,3.324,0.158,0.23,correia,2000.0
103238,2026-05-27 19:36:35.142038+00:00,0.0719,1.827,71.86,22.14,0.0881,2.237,0.563,0.928,9.7,61.0,0.115,0.125,2.822,2.988,3.501,3.98,0.1017,2.585,0.1245,3.164,0.16,0.233,correia,2000.0
103271,2026-05-27 19:37:41.145413+00:00,0.063,1.6,71.67,22.04,0.0802,2.037,0.538,0.912,61.0,61.0,0.105,0.117,2.737,3.175,3.385,3.945,0.0891,2.264,0.1134,2.881,0.159,0.231,correia,2000.0
103274,2026-05-27 19:37:47.145597+00:00,0.0653,1.66,71.67,22.04,0.098,2.489,0.654,0.932,61.0,58.5,0.113,0.136,2.768,3.08,4.101,3.895,0.0924,2.348,0.1386,3.521,0.159,0.239,correia,2000.0
103285,2026-05-27 19:38:09.144659+00:00,0.0601,1.529,71.86,22.14,0.0991,2.518,0.53,0.905,58.5,9.7,0.108,0.12,2.686,3.065,3.317,3.799,0.0851,2.162,0.1402,3.561,0.159,0.238,correia,2000.0
103301,2026-05-27 19:38:41.148333+00:00,0.0643,1.634,71.67,22.04,0.0874,2.221,0.545,0.866,61.0,61.0,0.1,0.118,2.772,2.846,3.413,3.692,0.091,2.311,0.1236,3.141,0.159,0.234,correia,2000.0
103302,2026-05-27 19:38:43.148418+00:00,0.0643,1.634,71.72,22.06,0.0874,2.221,0.545,0.866,61.0,61.0,0.1,0.118,2.772,2.846,3.413,3.692,0.091,2.311,0.1236,3.141,0.159,0.234,correia,2000.0
103304,2026-05-27 19:38:47.148606+00:00,0.0778,1.978,71.91,22.17,0.1024,2.603,0.565,0.805,61.0,61.0,0.132,0.146,2.731,2.858,3.569,3.417,0.1101,2.797,0.1449,3.681,0.158,0.235,correia,2000.0
103417,2026-05-27 19:42:33.160888+00:00,0.0685,1.741,72.23,22.35,0.0863,2.192,0.659,0.931,61.0,58.5,0.131,0.141,2.614,3.026,4.169,3.931,0.0969,2.462,0.122,3.101,0.158,0.236,correia,2000.0
103478,2026-05-27 19:44:35.167710+00:00,0.0742,1.885,72.23,22.35,0.0957,2.433,0.622,0.883,61.0,61.0,0.13,0.15,2.734,2.98,3.901,3.671,0.1049,2.666,0.1354,3.441,0.159,0.24,correia,2000.0
103560,2026-05-27 19:53:39.183043+00:00,0.052,1.323,73.44,23.02,0.0848,2.155,0.468,0.568,61.0,58.5,0.069,0.099,2.387,2.469,3.608,4.06,0.0736,1.871,0.12,3.048,0.129,0.139,correia,500.0
103582,2026-05-27 19:54:23.185238+00:00,0.0658,1.672,74.19,23.44,0.0818,2.078,0.43,0.578,58.5,61.0,0.072,0.098,2.365,2.548,3.353,4.111,0.0931,2.365,0.1157,2.938,0.128,0.14,correia,500.0
103590,2026-05-27 19:54:39.185977+00:00,0.0551,1.401,75.45,24.14,0.0922,2.343,0.533,0.476,61.0,61.0,0.065,0.103,2.425,2.46,4.229,3.485,0.078,1.982,0.1304,3.313,0.126,0.136,correia,500.0
103595,2026-05-27 19:54:49.186663+00:00,0.0552,1.404,75.41,24.11,0.0799,2.03,0.464,0.67,61.0,61.0,0.066,0.1,2.454,2.9,3.633,4.746,0.0782,1.986,0.113,2.871,0.127,0.141,correia,500.0
103614,2026-05-27 19:55:27.188581+00:00,0.054,1.373,75.55,24.19,0.0845,2.147,0.501,0.516,61.0,61.0,0.067,0.101,2.374,2.734,3.96,3.709,0.0764,1.942,0.1195,3.037,0.126,0.139,correia,500.0
103625,2026-05-27 19:55:49.188264+00:00,0.053,1.346,75.08,23.93,0.1003,2.549,0.521,0.455,61.0,61.0,0.068,0.112,2.496,2.499,4.051,3.266,0.0749,1.904,0.1419,3.605,0.128,0.139,correia,500.0
103628,2026-05-27 19:55:55.190051+00:00,0.0523,1.329,74.89,23.83,0.09,2.287,0.397,0.525,61.0,61.0,0.068,0.102,2.293,2.446,3.122,3.832,0.074,1.88,0.1273,3.234,0.127,0.137,correia,500.0
103680,2026-05-27 19:57:39.195457+00:00,0.0501,1.272,75.88,24.37,0.0908,2.308,0.5,0.588,61.0,61.0,0.067,0.104,2.487,2.722,3.873,4.255,0.0708,1.799,0.1285,3.264,0.129,0.138,correia,500.0
103691,2026-05-27 19:58:01.196668+00:00,0.0579,1.471,75.69,24.27,0.0908,2.307,0.466,0.53,61.0,61.0,0.07,0.105,2.396,2.549,3.702,3.818,0.0819,2.081,0.1284,3.262,0.125,0.138,correia,500.0
103700,2026-05-27 19:58:19.197137+00:00,0.0475,1.207,76.3,24.61,0.0905,2.301,0.435,0.63,61.0,61.0,0.066,0.103,2.471,2.712,3.422,4.52,0.0672,1.707,0.1281,3.254,0.127,0.139,correia,500.0
103718,2026-05-27 19:58:55.200421+00:00,0.0479,1.217,75.83,24.35,0.084,2.134,0.517,0.589,61.0,61.0,0.066,0.101,2.379,2.654,4.013,4.236,0.0678,1.722,0.1188,3.019,0.128,0.139,correia,500.0
103721,2026-05-27 19:59:01.200035+00:00,0.0521,1.324,75.83,24.35,0.0905,2.3,0.481,0.549,61.0,61.0,0.07,0.102,2.296,2.634,3.834,3.966,0.0737,1.873,0.128,3.253,0.125,0.138,correia,500.0
103748,2026-05-27 19:59:55.203051+00:00,0.0532,1.351,76.16,24.53,0.0874,2.221,0.437,0.433,61.0,61.0,0.065,0.101,2.349,2.46,3.425,3.15,0.0752,1.911,0.1236,3.141,0.127,0.137,correia,500.0
103860,2026-05-27 20:03:39.215251+00:00,0.0558,1.417,76.06,24.48,0.094,2.388,0.384,0.561,61.0,61.0,0.07,0.103,2.303,2.401,3.033,4.089,0.0789,2.005,0.1329,3.377,0.126,0.137,correia,500.0
103877,2026-05-27 20:04:13.216408+00:00,0.0568,1.445,76.06,24.48,0.0883,2.244,0.481,0.479,61.0,61.0,0.071,0.102,2.402,2.391,3.765,3.482,0.0804,2.043,0.1249,3.174,0.127,0.137,correia,500.0
103910,2026-05-27 20:05:19.220635+00:00,0.0512,1.301,76.11,24.5,0.0873,2.217,0.461,0.623,61.0,61.0,0.068,0.102,2.282,2.716,3.684,4.527,0.0724,1.84,0.1234,3.136,0.125,0.137,correia,500.0
103984,2026-05-27 20:07:47.228009+00:00,0.0546,1.388,76.02,24.45,0.0818,2.078,0.429,0.476,61.0,61.0,0.068,0.1,2.364,2.498,3.379,3.431,0.0773,1.963,0.1157,2.939,0.126,0.138,correia,500.0
104065,2026-05-27 20:10:29.236474+00:00,0.058,1.474,76.11,24.5,0.0821,2.086,0.468,0.481,61.0,61.0,0.068,0.097,2.357,2.401,3.7,3.458,0.0821,2.085,0.1161,2.95,0.126,0.139,correia,500.0
104107,2026-05-27 20:11:53.239667+00:00,0.0567,1.441,76.44,24.69,0.0883,2.243,0.474,0.539,58.5,61.0,0.068,0.104,2.332,2.602,3.721,3.868,0.0802,2.038,0.1249,3.172,0.127,0.139,correia,500.0
104108,2026-05-27 20:11:55.241306+00:00,0.0555,1.411,76.11,24.5,0.0855,2.173,0.694,0.577,61.0,58.5,0.072,0.108,2.65,2.662,5.466,4.169,0.0785,1.996,0.1209,3.073,0.127,0.138,correia,500.0
104133,2026-05-27 20:12:45.243870+00:00,0.0551,1.4,76.06,24.48,0.0851,2.163,0.416,0.499,58.5,51.2,0.068,0.1,2.42,2.547,3.268,3.569,0.0779,1.98,0.1204,3.06,0.127,0.139,correia,500.0
104155,2026-05-27 20:13:29.246047+00:00,0.0604,1.534,76.86,24.92,0.0854,2.17,0.457,0.501,58.5,61.0,0.068,0.101,2.335,2.559,3.598,3.574,0.0854,2.169,0.1208,3.068,0.127,0.14,correia,500.0
104180,2026-05-27 20:14:19.248949+00:00,0.0503,1.278,76.44,24.69,0.0879,2.233,0.42,0.551,61.0,61.0,0.067,0.104,2.372,2.548,3.287,3.945,0.0712,1.808,0.1243,3.159,0.127,0.139,correia,500.0
104187,2026-05-27 20:14:33.247695+00:00,0.0492,1.251,75.97,24.43,0.0975,2.476,0.428,0.544,61.0,61.0,0.067,0.109,2.363,2.54,3.339,3.919,0.0696,1.769,0.1378,3.502,0.128,0.138,correia,500.0
104237,2026-05-27 20:16:13.255007+00:00,0.0515,1.309,76.3,24.61,0.0916,2.327,0.451,0.54,58.5,61.0,0.066,0.105,2.32,2.552,3.539,3.921,0.0729,1.852,0.1295,3.291,0.127,0.137,correia,500.0
104258,2026-05-27 20:16:55.257492+00:00,0.0629,1.599,76.53,24.74,0.0879,2.233,0.46,0.582,9.7,61.0,0.071,0.101,2.372,2.613,3.645,4.224,0.089,2.261,0.1243,3.158,0.126,0.137,correia,500.0
104259,2026-05-27 20:16:57.257457+00:00,0.0579,1.471,75.83,24.35,0.0941,2.39,0.386,0.534,61.0,61.0,0.063,0.105,2.295,2.479,3.098,3.863,0.0819,2.081,0.1331,3.381,0.124,0.138,correia,500.0
104268,2026-05-27 20:17:15.258255+00:00,0.0603,1.531,75.88,24.37,0.0847,2.152,0.424,0.577,61.0,61.0,0.066,0.105,2.352,2.563,3.346,4.168,0.0852,2.166,0.1198,3.044,0.126,0.138,correia,500.0
104285,2026-05-27 20:17:49.260185+00:00,0.0571,1.451,76.82,24.9,0.0929,2.36,0.489,0.482,61.0,51.2,0.069,0.102,2.344,2.402,3.86,3.489,0.0808,2.052,0.1314,3.337,0.126,0.138,correia,500.0
104318,2026-05-27 20:18:55.263658+00:00,0.058,1.473,75.92,24.4,0.0858,2.179,0.394,0.449,61.0,58.5,0.071,0.101,2.313,2.442,3.163,3.282,0.082,2.084,0.1213,3.082,0.124,0.136,correia,500.0
104341,2026-05-27 20:19:41.266141+00:00,0.054,1.372,76.68,24.82,0.0899,2.285,0.509,0.649,61.0,51.2,0.07,0.101,2.366,2.54,4.031,4.696,0.0764,1.94,0.1272,3.232,0.126,0.138,correia,500.0
104382,2026-05-27 20:21:03.268627+00:00,0.0527,1.34,75.88,24.37,0.0934,2.373,0.499,0.498,61.0,51.2,0.069,0.105,2.37,2.437,3.96,3.567,0.0746,1.896,0.1321,3.356,0.126,0.139,correia,500.0
104415,2026-05-27 20:22:09.273617+00:00,0.0511,1.299,76.06,24.48,0.0937,2.38,0.554,0.616,61.0,51.2,0.067,0.104,2.337,2.544,4.423,4.423,0.0723,1.837,0.1325,3.366,0.125,0.139,correia,500.0
104460,2026-05-27 20:23:39.278496+00:00,0.0531,1.349,75.92,24.4,0.0963,2.448,0.475,0.481,61.0,61.0,0.069,0.109,2.4,2.465,3.754,3.439,0.0751,1.908,0.1363,3.462,0.126,0.139,correia,500.0
104466,2026-05-27 20:23:51.279159+00:00,0.0546,1.388,76.02,24.45,0.0824,2.093,0.451,0.559,61.0,61.0,0.066,0.101,2.309,2.456,3.587,4.061,0.0772,1.963,0.1165,2.96,0.125,0.137,correia,500.0
104500,2026-05-27 20:24:59.282837+00:00,0.0571,1.451,76.49,24.71,0.0865,2.199,0.529,0.445,61.0,61.0,0.069,0.099,2.346,2.426,4.16,3.238,0.0808,2.052,0.1224,3.11,0.127,0.137,correia,500.0
104530,2026-05-27 20:25:59.286282+00:00,0.0562,1.428,75.83,24.35,0.0843,2.143,0.47,0.643,61.0,61.0,0.067,0.11,2.371,2.693,3.735,4.598,0.0795,2.02,0.1193,3.031,0.125,0.14,correia,500.0
104574,2026-05-27 21:40:55.086925+00:00,0.0581,1.476,74.75,23.75,0.0771,1.96,0.393,0.598,58.5,61.0,0.075,0.106,2.405,2.728,3.027,3.958,0.0822,2.088,0.1091,2.772,0.129,0.151,correia,1000.0
104626,2026-05-27 21:42:39.092186+00:00,0.0591,1.501,73.58,23.1,0.0722,1.834,0.515,0.616,61.0,61.0,0.081,0.103,2.574,2.65,3.919,4.085,0.0836,2.123,0.1021,2.594,0.131,0.15,correia,1000.0
104702,2026-05-27 21:45:11.099942+00:00,0.0571,1.451,73.21,22.89,0.0764,1.942,0.415,0.523,61.0,61.0,0.084,0.106,2.405,2.63,3.21,3.487,0.0808,2.052,0.1081,2.746,0.129,0.15,correia,1000.0
104751,2026-05-27 21:46:49.105279+00:00,0.0611,1.552,74.14,23.41,0.0836,2.124,0.458,0.547,61.0,61.0,0.084,0.118,2.321,2.655,3.474,3.614,0.0864,2.195,0.1183,3.005,0.132,0.151,correia,1000.0
104798,2026-05-27 21:48:23.110404+00:00,0.0499,1.268,73.12,22.84,0.077,1.957,0.531,0.623,61.0,61.0,0.076,0.098,2.453,2.694,3.991,4.008,0.0706,1.794,0.1089,2.767,0.133,0.155,correia,1000.0
104804,2026-05-27 21:48:35.110890+00:00,0.0541,1.375,73.3,22.94,0.0888,2.258,0.499,0.634,61.0,61.0,0.081,0.111,2.555,2.74,3.746,4.095,0.0765,1.944,0.1257,3.193,0.133,0.154,correia,1000.0
104892,2026-05-27 21:51:31.120283+00:00,0.0549,1.394,72.93,22.74,0.071,1.804,0.448,0.603,61.0,61.0,0.078,0.1,2.454,2.592,3.403,4.0,0.0776,1.972,0.1004,2.552,0.131,0.15,correia,1000.0
104974,2026-05-27 21:54:15.129204+00:00,0.0548,1.393,74.61,23.67,0.0849,2.157,0.448,0.531,61.0,61.0,0.08,0.103,2.493,2.626,3.389,3.512,0.0776,1.971,0.1201,3.05,0.132,0.151,correia,1000.0
105003,2026-05-27 21:55:13.132378+00:00,0.053,1.346,72.98,22.76,0.0861,2.189,0.495,0.64,58.5,61.0,0.075,0.106,2.508,2.835,3.778,4.239,0.0749,1.904,0.1218,3.096,0.131,0.151,correia,1000.0
105022,2026-05-27 21:55:51.134203+00:00,0.0631,1.604,72.93,22.74,0.081,2.058,0.67,0.617,61.0,61.0,0.084,0.11,2.494,2.692,5.126,4.077,0.0893,2.269,0.1146,2.911,0.13,0.151,correia,1000.0
105046,2026-05-27 21:56:39.136712+00:00,0.0558,1.418,73.86,23.25,0.0817,2.077,0.522,0.612,58.5,61.0,0.078,0.111,2.545,2.825,3.952,3.979,0.0789,2.005,0.1156,2.937,0.132,0.153,correia,1000.0
105072,2026-05-27 21:57:31.139417+00:00,0.052,1.322,72.88,22.71,0.0768,1.95,0.505,0.537,61.0,61.0,0.075,0.108,2.437,2.638,3.853,3.511,0.0736,1.87,0.1086,2.758,0.131,0.152,correia,1000.0
105092,2026-05-27 21:58:11.141724+00:00,0.0581,1.478,72.98,22.76,0.0782,1.988,0.465,0.611,61.0,61.0,0.083,0.103,2.473,2.756,3.535,4.064,0.0822,2.09,0.1107,2.812,0.131,0.15,correia,1000.0
105115,2026-05-27 21:58:57.144154+00:00,0.0585,1.486,72.93,22.74,0.0749,1.904,0.464,0.54,61.0,61.0,0.081,0.106,2.468,2.681,3.522,3.599,0.0827,2.102,0.106,2.693,0.131,0.15,correia,1000.0
105158,2026-05-27 22:00:23.148636+00:00,0.0589,1.496,72.84,22.68,0.0766,1.946,0.466,0.501,61.0,61.0,0.078,0.104,2.505,2.545,3.519,3.279,0.0833,2.116,0.1083,2.752,0.132,0.152,correia,1000.0
105201,2026-05-27 22:01:49.153295+00:00,0.0522,1.327,73.02,22.79,0.0789,2.005,0.429,0.499,61.0,61.0,0.078,0.106,2.417,2.671,3.258,3.303,0.0739,1.878,0.1116,2.835,0.131,0.151,correia,1000.0
105221,2026-05-27 22:02:29.155485+00:00,0.0548,1.393,72.88,22.71,0.0803,2.041,0.535,0.697,61.0,58.5,0.076,0.102,2.471,2.71,4.02,4.602,0.0775,1.97,0.1136,2.887,0.133,0.151,correia,1000.0
105256,2026-05-27 22:03:39.159267+00:00,0.0508,1.29,73.02,22.79,0.0771,1.959,0.471,0.542,61.0,58.5,0.075,0.104,2.428,2.599,3.494,3.596,0.0718,1.825,0.109,2.77,0.134,0.15,correia,1000.0
105262,2026-05-27 22:03:51.159779+00:00,0.0608,1.544,72.88,22.71,0.081,2.059,0.454,0.627,61.0,61.0,0.075,0.105,2.388,2.665,3.444,4.084,0.0859,2.184,0.1146,2.912,0.132,0.153,correia,1000.0
105266,2026-05-27 22:03:59.160277+00:00,0.0574,1.458,73.12,22.84,0.0886,2.252,0.522,0.593,58.5,61.0,0.084,0.112,2.381,2.645,3.977,3.859,0.0812,2.063,0.1254,3.185,0.131,0.153,correia,1000.0
105385,2026-05-27 22:07:57.172812+00:00,0.0539,1.371,72.88,22.71,0.0808,2.052,0.499,0.548,61.0,61.0,0.078,0.104,2.474,2.629,3.727,3.532,0.0763,1.939,0.1142,2.903,0.134,0.155,correia,1000.0
105397,2026-05-27 22:08:21.174260+00:00,0.0579,1.471,72.98,22.76,0.0874,2.222,0.533,0.587,58.5,61.0,0.08,0.106,2.596,2.697,3.984,3.798,0.0819,2.08,0.1237,3.142,0.133,0.154,correia,1000.0
105408,2026-05-27 22:08:43.175165+00:00,0.0594,1.509,73.02,22.79,0.0832,2.115,0.431,0.532,61.0,58.5,0.083,0.113,2.445,2.515,3.248,3.49,0.084,2.135,0.1177,2.991,0.132,0.152,correia,1000.0
105482,2026-05-27 22:11:11.182939+00:00,0.0547,1.39,72.98,22.76,0.0837,2.127,0.455,0.582,61.0,61.0,0.079,0.109,2.445,2.622,3.409,3.831,0.0774,1.966,0.1184,3.008,0.133,0.152,correia,1000.0
105539,2026-05-27 23:32:42.780687+00:00,0.0668,1.697,71.26,21.81,0.0966,2.454,0.412,0.485,9.7,53.7,0.071,0.109,2.296,2.4,3.163,3.41,0.0945,2.4,0.1366,3.47,0.13,0.142,correia,500.0
105549,2026-05-27 23:33:02.793630+00:00,0.0644,1.637,71.3,21.83,0.1085,2.756,0.521,0.526,61.0,53.7,0.068,0.11,2.396,2.453,4.03,3.687,0.0911,2.316,0.1534,3.898,0.129,0.142,correia,500.0
105623,2026-05-27 23:35:30.800806+00:00,0.0561,1.425,69.91,21.06,0.1215,3.088,0.495,0.507,58.5,58.5,0.067,0.12,2.469,2.433,3.757,3.557,0.0793,2.016,0.1719,4.367,0.131,0.142,correia,500.0
105625,2026-05-27 23:35:34.800890+00:00,0.054,1.373,72.05,22.25,0.0946,2.404,0.459,0.53,58.5,53.7,0.071,0.106,2.403,2.554,3.453,3.642,0.0764,1.942,0.1338,3.4,0.132,0.145,correia,500.0
105638,2026-05-27 23:36:00.802521+00:00,0.0647,1.644,71.21,21.78,0.095,2.413,0.506,0.506,61.0,53.7,0.067,0.104,2.478,2.536,3.812,3.515,0.0915,2.325,0.1344,3.413,0.132,0.144,correia,500.0
105663,2026-05-27 23:36:50.804980+00:00,0.0687,1.746,69.82,21.01,0.107,2.718,0.529,0.507,61.0,53.7,0.069,0.108,2.473,2.495,3.993,3.519,0.0972,2.469,0.1513,3.844,0.132,0.144,correia,500.0
105776,2026-05-27 23:40:36.817216+00:00,0.0585,1.486,70.37,21.32,0.0906,2.303,0.486,0.521,61.0,53.7,0.065,0.106,2.423,2.517,3.655,3.586,0.0827,2.102,0.1282,3.257,0.133,0.145,correia,500.0
105798,2026-05-27 23:41:20.819844+00:00,0.0623,1.583,69.49,20.83,0.1026,2.608,0.454,0.681,61.0,53.7,0.068,0.107,2.369,2.555,3.426,4.681,0.0881,2.24,0.1452,3.688,0.132,0.145,correia,500.0
105921,2026-05-27 23:45:28.834102+00:00,0.0647,1.645,69.86,21.03,0.1026,2.607,0.527,0.565,61.0,53.7,0.07,0.109,2.482,2.562,3.988,3.912,0.0916,2.327,0.1451,3.687,0.132,0.144,correia,500.0
105935,2026-05-27 23:45:56.835579+00:00,0.0597,1.516,69.77,20.98,0.0896,2.278,0.469,0.574,61.0,53.7,0.066,0.102,2.364,2.447,3.529,3.961,0.0844,2.144,0.1268,3.221,0.133,0.145,correia,500.0
105943,2026-05-27 23:46:12.836422+00:00,0.0636,1.617,70.0,21.11,0.1004,2.552,0.479,0.568,61.0,53.7,0.071,0.107,2.507,2.468,3.618,3.929,0.09,2.287,0.1421,3.609,0.132,0.144,correia,500.0
105979,2026-05-27 23:47:24.840989+00:00,0.0639,1.625,70.0,21.11,0.0946,2.403,0.419,0.497,9.7,53.7,0.066,0.108,2.322,2.499,3.161,3.43,0.0904,2.298,0.1338,3.399,0.132,0.144,correia,500.0
105983,2026-05-27 23:47:32.841157+00:00,0.0686,1.743,70.23,21.24,0.0995,2.529,0.445,0.483,9.7,53.7,0.068,0.109,2.378,2.401,3.366,3.389,0.097,2.465,0.1408,3.576,0.132,0.142,correia,500.0
105997,2026-05-27 23:48:00.842810+00:00,0.0661,1.68,70.33,21.29,0.1047,2.661,0.405,0.457,61.0,53.7,0.068,0.114,2.424,2.402,3.047,3.14,0.0935,2.377,0.1481,3.763,0.133,0.145,correia,500.0
106002,2026-05-27 23:48:10.843257+00:00,0.0593,1.508,70.88,21.6,0.0941,2.39,0.463,0.5,61.0,53.7,0.066,0.109,2.353,2.433,3.497,3.472,0.0839,2.132,0.1331,3.38,0.132,0.144,correia,500.0
106057,2026-05-27 23:50:00.849285+00:00,0.057,1.448,70.65,21.47,0.1142,2.9,0.473,0.494,61.0,58.5,0.071,0.12,2.477,2.578,3.556,3.354,0.0806,2.048,0.1615,4.102,0.133,0.147,correia,500.0
106191,2026-05-27 23:54:28.864054+00:00,0.0623,1.583,71.07,21.7,0.0971,2.467,0.499,0.539,61.0,53.7,0.066,0.108,2.421,2.471,3.774,3.715,0.0881,2.239,0.1373,3.489,0.132,0.145,correia,500.0
106230,2026-05-27 23:55:46.868325+00:00,0.0605,1.538,70.98,21.65,0.1015,2.579,0.434,0.586,9.7,53.7,0.066,0.116,2.404,2.643,3.318,4.035,0.0856,2.175,0.1436,3.648,0.13,0.145,correia,500.0
106236,2026-05-27 23:55:58.867580+00:00,0.0574,1.459,72.28,22.37,0.0882,2.241,0.399,0.572,61.0,61.0,0.067,0.101,2.349,2.563,3.024,4.003,0.0812,2.063,0.1247,3.169,0.131,0.143,correia,500.0
106244,2026-05-27 23:56:14.869725+00:00,0.0594,1.509,71.21,21.78,0.0932,2.368,0.461,0.562,61.0,61.0,0.073,0.107,2.469,2.487,3.496,3.901,0.084,2.135,0.1318,3.349,0.131,0.144,correia,500.0
106291,2026-05-27 23:57:48.875049+00:00,0.0612,1.556,72.05,22.25,0.1045,2.655,0.469,0.449,61.0,53.7,0.068,0.117,2.422,2.373,3.584,3.223,0.0866,2.201,0.1478,3.755,0.13,0.139,correia,500.0
106312,2026-05-27 23:58:30.877373+00:00,0.0546,1.388,70.93,21.63,0.0931,2.365,0.551,0.67,61.0,53.7,0.07,0.105,2.518,2.618,4.13,4.658,0.0773,1.963,0.1316,3.344,0.133,0.144,correia,500.0
106318,2026-05-27 23:58:42.878227+00:00,0.0602,1.531,71.26,21.81,0.0925,2.351,0.493,0.508,58.5,61.0,0.071,0.108,2.437,2.545,3.746,3.492,0.0852,2.165,0.1309,3.325,0.131,0.145,correia,500.0
106372,2026-05-28 00:00:30.884284+00:00,0.0584,1.484,71.26,21.81,0.0983,2.497,0.538,0.5,58.5,53.7,0.07,0.114,2.425,2.51,4.095,3.454,0.0826,2.099,0.139,3.531,0.131,0.144,correia,500.0
106380,2026-05-28 00:00:46.885275+00:00,0.0533,1.354,71.39,21.88,0.0987,2.508,0.559,0.593,61.0,53.7,0.067,0.107,2.353,2.54,4.284,4.155,0.0754,1.915,0.1396,3.547,0.13,0.142,correia,500.0
106484,2026-05-28 00:04:14.896987+00:00,0.0554,1.409,71.53,21.96,0.0954,2.423,0.502,0.519,61.0,61.0,0.071,0.109,2.444,2.511,3.795,3.578,0.0784,1.993,0.1349,3.427,0.132,0.145,correia,500.0
106509,2026-05-28 00:05:04.899593+00:00,0.0575,1.46,72.93,22.74,0.0888,2.257,0.511,0.49,61.0,53.7,0.066,0.107,2.467,2.545,3.883,3.415,0.0813,2.065,0.1256,3.192,0.131,0.143,correia,500.0
106550,2026-05-28 00:07:18.282393+00:00,0.0547,1.39,71.53,21.96,0.0806,2.047,0.473,0.566,61.0,61.0,0.079,0.11,2.499,2.62,3.534,3.678,0.0774,1.966,0.114,2.896,0.134,0.153,correia,1000.0
106569,2026-05-28 00:07:56.284441+00:00,0.057,1.448,72.65,22.58,0.0816,2.072,0.432,0.541,61.0,61.0,0.079,0.107,2.504,2.684,3.237,3.478,0.0806,2.048,0.1154,2.931,0.133,0.155,correia,1000.0
106605,2026-05-28 00:09:08.288287+00:00,0.0556,1.413,71.3,21.83,0.0794,2.018,0.58,0.617,61.0,61.0,0.078,0.106,2.506,2.65,4.324,3.998,0.0786,1.998,0.1124,2.855,0.134,0.154,correia,1000.0
106609,2026-05-28 00:09:16.288890+00:00,0.0547,1.391,71.16,21.75,0.0837,2.127,0.508,0.646,61.0,61.0,0.08,0.103,2.471,2.615,3.793,4.377,0.0774,1.967,0.1184,3.008,0.133,0.147,correia,1000.0
106619,2026-05-28 00:09:36.290023+00:00,0.0548,1.392,71.16,21.75,0.0936,2.378,0.445,0.555,61.0,9.7,0.072,0.106,2.405,2.574,3.296,3.611,0.0775,1.969,0.1324,3.364,0.135,0.153,correia,1000.0
106637,2026-05-28 00:10:12.292029+00:00,0.0573,1.457,71.12,21.73,0.0889,2.259,0.464,0.503,58.5,61.0,0.074,0.104,2.423,2.607,3.486,3.291,0.0811,2.06,0.1258,3.195,0.133,0.152,correia,1000.0
106685,2026-05-28 00:11:48.296904+00:00,0.0635,1.613,71.39,21.88,0.078,1.982,0.448,0.59,9.7,61.0,0.075,0.105,2.379,2.708,3.352,3.9,0.0898,2.281,0.1104,2.804,0.133,0.151,correia,1000.0
106689,2026-05-28 00:11:56.297648+00:00,0.0567,1.441,71.16,21.75,0.0819,2.082,0.423,0.566,61.0,58.5,0.077,0.108,2.407,2.619,3.128,3.704,0.0802,2.038,0.1159,2.945,0.135,0.152,correia,1000.0
106729,2026-05-28 00:13:16.301682+00:00,0.0586,1.488,71.58,21.99,0.0802,2.038,0.416,0.506,61.0,61.0,0.078,0.104,2.392,2.604,3.101,3.355,0.0828,2.105,0.1135,2.883,0.134,0.15,correia,1000.0
106742,2026-05-28 00:13:42.302917+00:00,0.0532,1.353,71.81,22.12,0.0789,2.005,0.476,0.536,61.0,61.0,0.077,0.108,2.454,2.662,3.505,3.444,0.0753,1.914,0.1116,2.836,0.135,0.155,correia,1000.0
106758,2026-05-28 00:14:14.304482+00:00,0.0598,1.521,71.12,21.73,0.0926,2.352,0.416,0.482,61.0,61.0,0.081,0.099,2.375,2.652,3.148,3.213,0.0847,2.151,0.1309,3.326,0.132,0.15,correia,1000.0
106807,2026-05-28 00:15:52.309609+00:00,0.059,1.498,71.21,21.78,0.0744,1.89,0.478,0.533,61.0,61.0,0.076,0.101,2.483,2.633,3.537,3.451,0.0834,2.119,0.1052,2.674,0.135,0.154,correia,1000.0
106841,2026-05-28 00:17:00.313496+00:00,0.0623,1.582,71.21,21.78,0.0849,2.157,0.496,0.561,61.0,58.5,0.082,0.117,2.567,2.631,3.706,3.686,0.0881,2.238,0.1201,3.051,0.134,0.152,correia,1000.0
106863,2026-05-28 00:17:44.315805+00:00,0.0528,1.343,71.39,21.88,0.0802,2.037,0.508,0.583,61.0,61.0,0.081,0.099,2.505,2.547,3.807,3.874,0.0748,1.9,0.1134,2.881,0.133,0.15,correia,1000.0
106891,2026-05-28 00:18:40.318815+00:00,0.0569,1.447,71.35,21.86,0.084,2.134,0.519,0.599,61.0,61.0,0.075,0.1,2.539,2.746,3.891,3.876,0.0805,2.046,0.1188,3.019,0.133,0.154,correia,1000.0
106984,2026-05-28 00:21:46.328421+00:00,0.0754,1.915,73.4,23.0,0.0787,1.999,0.546,0.555,12.2,61.0,0.082,0.099,2.489,2.578,4.059,3.662,0.1066,2.708,0.1113,2.827,0.134,0.151,correia,1000.0
107018,2026-05-28 00:22:54.332151+00:00,0.0561,1.426,71.81,22.12,0.0843,2.141,0.451,0.503,61.0,61.0,0.081,0.106,2.416,2.667,3.459,3.293,0.0794,2.017,0.1192,3.029,0.13,0.153,correia,1000.0
107028,2026-05-28 00:23:14.333303+00:00,0.0596,1.514,71.63,22.01,0.0802,2.039,0.466,0.575,61.0,61.0,0.077,0.105,2.439,2.648,3.491,3.771,0.0843,2.141,0.1135,2.883,0.133,0.152,correia,1000.0
107054,2026-05-28 00:24:06.336016+00:00,0.0569,1.446,71.63,22.01,0.087,2.211,0.51,0.6,61.0,61.0,0.087,0.107,2.549,2.521,3.839,3.935,0.0805,2.045,0.1231,3.127,0.132,0.152,correia,1000.0
107125,2026-05-28 00:26:28.343394+00:00,0.0537,1.365,71.91,22.17,0.0807,2.051,0.417,0.609,61.0,58.5,0.079,0.106,2.336,2.527,3.126,4.014,0.076,1.931,0.1142,2.9,0.133,0.151,correia,1000.0
107131,2026-05-28 00:26:40.343900+00:00,0.0551,1.399,71.91,22.17,0.0799,2.031,0.473,0.55,61.0,61.0,0.08,0.102,2.47,2.552,3.576,3.67,0.0779,1.979,0.1131,2.873,0.132,0.15,correia,1000.0
107146,2026-05-28 00:27:10.345665+00:00,0.0529,1.344,72.05,22.25,0.0878,2.23,0.456,0.553,61.0,58.5,0.075,0.113,2.45,2.725,3.407,3.581,0.0748,1.901,0.1241,3.154,0.134,0.154,correia,1000.0
107205,2026-05-28 00:29:08.351770+00:00,0.0619,1.573,71.95,22.19,0.0821,2.086,0.43,0.531,61.0,61.0,0.08,0.104,2.452,2.588,3.207,3.498,0.0876,2.225,0.1161,2.95,0.134,0.151,correia,1000.0
107218,2026-05-28 00:29:34.353582+00:00,0.0515,1.309,72.28,22.37,0.0763,1.939,0.518,0.618,58.5,61.0,0.074,0.105,2.463,2.682,3.835,4.003,0.0728,1.851,0.108,2.743,0.135,0.154,correia,1000.0
107245,2026-05-28 00:30:28.356431+00:00,0.0588,1.494,73.02,22.79,0.082,2.084,0.442,0.523,61.0,61.0,0.078,0.101,2.429,2.578,3.294,3.355,0.0832,2.114,0.116,2.948,0.134,0.155,correia,1000.0
107302,2026-05-28 00:32:22.362381+00:00,0.0616,1.565,73.16,22.87,0.0842,2.138,0.453,0.554,58.5,61.0,0.081,0.108,2.444,2.687,3.422,3.595,0.0871,2.213,0.119,3.024,0.132,0.154,correia,1000.0
107461,2026-05-28 00:37:40.378817+00:00,0.0602,1.531,72.19,22.32,0.0912,2.317,0.496,0.54,61.0,61.0,0.077,0.106,2.526,2.683,3.711,3.565,0.0852,2.165,0.129,3.277,0.133,0.151,correia,1000.0
107494,2026-05-28 00:38:46.382287+00:00,0.0594,1.509,72.37,22.43,0.0856,2.174,0.397,0.576,61.0,61.0,0.078,0.108,2.433,2.594,3.033,3.857,0.084,2.134,0.121,3.075,0.13,0.149,correia,1000.0
107498,2026-05-28 00:38:54.382820+00:00,0.0515,1.309,72.84,22.68,0.0779,1.98,0.431,0.651,61.0,61.0,0.079,0.108,2.396,2.655,3.233,4.238,0.0729,1.852,0.1102,2.801,0.133,0.153,correia,1000.0
107619,2026-05-28 00:41:45.153252+00:00,0.0526,1.337,65.11,18.39,0.0777,1.974,0.392,0.537,61.0,58.5,0.072,0.105,2.382,2.47,2.932,3.644,0.0744,1.892,0.1099,2.791,0.133,0.147,correia,1000.0
107703,2026-05-28 00:44:33.165614+00:00,0.0583,1.483,66.95,19.42,0.0776,1.973,0.456,0.512,61.0,58.5,0.071,0.102,2.401,2.539,3.408,3.357,0.0825,2.097,0.1098,2.79,0.133,0.152,correia,1000.0
107706,2026-05-28 00:44:39.165383+00:00,0.0525,1.335,65.25,18.47,0.0703,1.786,0.455,0.488,61.0,61.0,0.07,0.102,2.405,2.466,3.397,3.255,0.0743,1.888,0.0994,2.527,0.134,0.15,correia,1000.0
107733,2026-05-28 00:45:33.168024+00:00,0.0539,1.371,65.48,18.6,0.0801,2.035,0.421,0.588,61.0,61.0,0.078,0.108,2.377,2.57,3.127,3.899,0.0763,1.939,0.1133,2.879,0.134,0.15,correia,1000.0
107778,2026-05-28 00:47:03.174554+00:00,0.0476,1.209,66.86,19.36,0.0803,2.041,0.412,0.549,61.0,61.0,0.073,0.104,2.421,2.536,3.016,3.652,0.0673,1.71,0.1136,2.887,0.136,0.15,correia,1000.0
107830,2026-05-28 00:48:47.180619+00:00,0.0472,1.199,66.58,19.21,0.0753,1.912,0.496,0.509,61.0,61.0,0.073,0.105,2.39,2.499,3.704,3.459,0.0667,1.696,0.1065,2.705,0.134,0.147,correia,1000.0
107833,2026-05-28 00:48:53.181048+00:00,0.0509,1.294,66.31,19.06,0.0825,2.096,0.572,0.652,58.5,61.0,0.069,0.101,2.453,2.556,4.238,4.339,0.072,1.83,0.1167,2.965,0.135,0.15,correia,1000.0
107851,2026-05-28 00:49:29.183385+00:00,0.0582,1.479,66.4,19.11,0.0834,2.12,0.393,0.498,58.5,61.0,0.074,0.107,2.331,2.491,2.951,3.356,0.0823,2.092,0.118,2.998,0.133,0.148,correia,1000.0
107915,2026-05-28 00:51:37.190878+00:00,0.058,1.474,67.0,19.44,0.0866,2.2,0.415,0.599,61.0,61.0,0.075,0.102,2.387,2.568,3.147,4.035,0.082,2.084,0.1225,3.112,0.131,0.148,correia,1000.0
107919,2026-05-28 00:51:45.191360+00:00,0.0599,1.523,66.95,19.42,0.0789,2.004,0.468,0.518,61.0,58.5,0.07,0.105,2.447,2.626,3.481,3.465,0.0848,2.154,0.1115,2.834,0.134,0.149,correia,1000.0
107920,2026-05-28 00:51:47.189976+00:00,0.0533,1.356,67.18,19.54,0.0779,1.978,0.486,0.498,61.0,58.5,0.072,0.099,2.433,2.529,3.674,3.361,0.0755,1.918,0.1101,2.798,0.132,0.148,correia,1000.0
107954,2026-05-28 00:52:55.195462+00:00,0.0536,1.363,67.41,19.67,0.0818,2.078,0.428,0.525,61.0,61.0,0.08,0.109,2.432,2.495,3.228,3.527,0.0758,1.927,0.1157,2.939,0.132,0.148,correia,1000.0
107959,2026-05-28 00:53:05.196103+00:00,0.0579,1.472,67.51,19.72,0.0793,2.016,0.604,0.566,61.0,61.0,0.077,0.104,2.501,2.514,4.438,3.762,0.0819,2.082,0.1122,2.851,0.136,0.15,correia,1000.0
108001,2026-05-28 00:54:29.201420+00:00,0.0502,1.275,67.6,19.77,0.0714,1.815,0.467,0.517,58.5,58.5,0.073,0.098,2.404,2.526,3.465,3.489,0.0709,1.803,0.1011,2.568,0.135,0.148,correia,1000.0
108038,2026-05-28 00:55:43.205779+00:00,0.057,1.448,67.83,19.9,0.0798,2.028,0.505,0.463,58.5,61.0,0.073,0.098,2.466,2.45,3.745,3.11,0.0806,2.049,0.1129,2.868,0.134,0.148,correia,1000.0
108066,2026-05-28 00:56:39.209371+00:00,0.0556,1.414,68.2,20.11,0.0783,1.99,0.416,0.543,61.0,61.0,0.074,0.102,2.438,2.515,3.089,3.702,0.0787,2.0,0.1108,2.814,0.134,0.146,correia,1000.0
108103,2026-05-28 00:57:53.213752+00:00,0.0482,1.226,68.2,20.11,0.0728,1.85,0.516,0.652,58.5,61.0,0.073,0.1,2.432,2.681,3.897,4.358,0.0682,1.733,0.103,2.616,0.132,0.149,correia,1000.0
108111,2026-05-28 00:58:09.214736+00:00,0.0529,1.345,68.29,20.16,0.0833,2.117,0.413,0.518,61.0,61.0,0.073,0.103,2.347,2.653,3.119,3.423,0.0749,1.902,0.1179,2.994,0.132,0.151,correia,1000.0
108177,2026-05-28 01:00:21.221283+00:00,0.053,1.347,68.75,20.42,0.0806,2.048,0.481,0.476,58.5,61.0,0.072,0.1,2.392,2.432,3.655,3.276,0.075,1.906,0.114,2.896,0.131,0.145,correia,1000.0
108272,2026-05-28 01:03:31.233646+00:00,0.0539,1.369,69.12,20.62,0.0837,2.127,0.443,0.566,61.0,61.0,0.074,0.104,2.371,2.66,3.309,3.746,0.0762,1.936,0.1184,3.009,0.133,0.151,correia,1000.0
108277,2026-05-28 01:03:41.234362+00:00,0.0614,1.561,69.12,20.62,0.0739,1.877,0.514,0.617,61.0,58.5,0.077,0.1,2.406,2.641,3.901,4.195,0.0869,2.208,0.1045,2.655,0.131,0.147,correia,1000.0
108279,2026-05-28 01:03:45.233428+00:00,0.054,1.373,69.08,20.6,0.0725,1.842,0.521,0.532,61.0,61.0,0.07,0.101,2.322,2.511,4.016,3.66,0.0764,1.941,0.1026,2.606,0.129,0.145,correia,1000.0
108280,2026-05-28 01:03:47.234723+00:00,0.0542,1.379,69.08,20.6,0.0773,1.964,0.43,0.54,61.0,61.0,0.074,0.101,2.379,2.621,3.224,3.559,0.0767,1.95,0.1093,2.778,0.133,0.151,correia,1000.0
108292,2026-05-28 01:04:11.236429+00:00,0.0626,1.59,69.17,20.65,0.0779,1.98,0.578,0.554,61.0,58.5,0.077,0.102,2.564,2.688,4.368,3.688,0.0885,2.248,0.1102,2.8,0.132,0.15,correia,1000.0
108314,2026-05-28 01:04:55.238918+00:00,0.0488,1.241,69.77,20.98,0.0767,1.95,0.6,0.574,61.0,58.5,0.07,0.099,2.464,2.481,4.532,3.888,0.0691,1.756,0.1086,2.758,0.132,0.147,correia,1000.0
108398,2026-05-28 01:07:43.248791+00:00,0.0577,1.465,69.68,20.93,0.084,2.134,0.494,0.566,61.0,58.5,0.07,0.101,2.419,2.514,3.732,3.858,0.0816,2.072,0.1188,3.018,0.132,0.146,correia,1000.0
108479,2026-05-28 01:10:25.258381+00:00,0.045,1.144,69.96,21.08,0.0801,2.036,0.542,0.603,58.5,61.0,0.071,0.098,2.492,2.664,4.071,4.035,0.0637,1.618,0.1133,2.879,0.133,0.149,correia,1000.0
108513,2026-05-28 01:11:33.262354+00:00,0.0565,1.436,70.05,21.14,0.0746,1.895,0.443,0.624,61.0,61.0,0.074,0.096,2.443,2.607,3.308,4.207,0.0799,2.031,0.1055,2.68,0.134,0.148,correia,1000.0
108540,2026-05-28 01:12:27.265633+00:00,0.0514,1.307,70.19,21.21,0.0882,2.24,0.593,0.795,61.0,58.5,0.072,0.11,2.605,2.871,4.463,5.388,0.0728,1.849,0.1247,3.168,0.133,0.147,correia,1000.0
108685,2026-05-28 02:50:37.061581+00:00,0.071,1.804,71.77,22.09,0.0907,2.305,0.653,1.015,61.0,61.0,0.117,0.139,2.767,2.993,4.216,4.364,0.1004,2.551,0.1283,3.26,0.154,0.232,correia,2000.0
108749,2026-05-28 02:52:45.069793+00:00,0.073,1.854,72.0,22.22,0.1042,2.648,0.646,0.898,136.7,61.0,0.149,0.175,2.892,2.9,4.173,3.85,0.1032,2.622,0.1474,3.745,0.154,0.233,correia,2000.0
108756,2026-05-28 02:52:59.070707+00:00,0.074,1.881,73.72,23.18,0.1,2.54,0.536,0.768,58.5,61.0,0.113,0.132,2.673,2.826,3.356,3.243,0.1047,2.66,0.1414,3.593,0.159,0.236,correia,2000.0
108760,2026-05-28 02:53:07.069121+00:00,0.0669,1.7,72.74,22.63,0.095,2.414,0.591,0.862,9.7,61.0,0.103,0.115,2.811,2.912,3.681,3.56,0.0946,2.405,0.1344,3.415,0.16,0.242,correia,2000.0
108772,2026-05-28 02:53:31.072429+00:00,0.0645,1.64,72.05,22.25,0.0941,2.39,0.543,0.992,61.0,61.0,0.105,0.123,2.828,3.068,3.434,4.158,0.0913,2.319,0.133,3.38,0.158,0.238,correia,2000.0
108835,2026-05-28 02:55:37.079758+00:00,0.0759,1.928,72.19,22.32,0.1064,2.704,0.544,0.802,12.2,61.0,0.115,0.146,2.781,2.732,3.399,3.412,0.1073,2.727,0.1505,3.824,0.16,0.235,correia,2000.0
108864,2026-05-28 02:56:35.083042+00:00,0.0795,2.02,72.28,22.37,0.0977,2.481,0.516,0.89,9.7,61.0,0.123,0.145,2.673,2.941,3.267,3.73,0.1125,2.858,0.1381,3.51,0.158,0.238,correia,2000.0
108868,2026-05-28 02:56:43.083388+00:00,0.0695,1.766,73.4,23.0,0.0928,2.357,0.685,0.852,61.0,61.0,0.13,0.154,2.766,3.007,4.296,3.659,0.0983,2.498,0.1312,3.333,0.159,0.232,correia,2000.0
109008,2026-05-28 03:01:23.099668+00:00,0.0653,1.659,72.14,22.3,0.0745,1.894,0.594,0.816,61.0,61.0,0.101,0.112,2.841,2.85,3.887,3.447,0.0924,2.347,0.1054,2.679,0.152,0.237,correia,2000.0
109014,2026-05-28 03:01:35.100228+00:00,0.0656,1.666,72.19,22.32,0.0966,2.453,0.54,0.961,61.0,61.0,0.123,0.152,2.693,3.116,3.471,4.007,0.0927,2.356,0.1366,3.47,0.155,0.239,correia,2000.0
109034,2026-05-28 03:02:15.101185+00:00,0.0707,1.797,73.72,23.18,0.1081,2.745,0.679,0.767,61.0,61.0,0.134,0.164,2.739,2.817,4.344,3.189,0.1,2.542,0.1528,3.883,0.156,0.24,correia,2000.0
109068,2026-05-28 03:03:23.106425+00:00,0.0664,1.686,72.19,22.32,0.0871,2.212,0.52,0.823,58.5,58.5,0.108,0.124,2.655,3.032,3.344,3.465,0.0939,2.385,0.1231,3.128,0.155,0.237,correia,2000.0
109094,2026-05-28 03:04:15.109482+00:00,0.0628,1.596,72.19,22.32,0.0895,2.273,0.584,1.019,58.5,58.5,0.11,0.127,2.708,2.979,3.705,4.194,0.0888,2.257,0.1265,3.215,0.157,0.243,correia,2000.0
109140,2026-05-28 03:05:47.114547+00:00,0.0647,1.644,72.23,22.35,0.0972,2.469,0.588,0.781,61.0,61.0,0.117,0.139,2.645,2.813,3.752,3.318,0.0915,2.325,0.1375,3.492,0.156,0.235,correia,2000.0
109305,2026-05-28 03:11:17.133205+00:00,0.0629,1.597,74.0,23.33,0.0879,2.233,0.586,0.91,61.0,61.0,0.11,0.124,2.669,2.818,3.727,3.686,0.0889,2.259,0.1243,3.158,0.157,0.247,correia,2000.0
109328,2026-05-28 03:12:03.135895+00:00,0.0731,1.858,72.32,22.4,0.0991,2.519,0.56,1.124,58.5,9.7,0.128,0.133,2.728,3.028,3.574,4.683,0.1034,2.628,0.1402,3.562,0.156,0.24,correia,2000.0
109339,2026-05-28 03:12:25.137189+00:00,0.0773,1.964,72.56,22.53,0.1097,2.788,0.55,0.889,58.5,61.0,0.133,0.156,2.686,3.104,3.528,3.69,0.1093,2.777,0.1552,3.943,0.156,0.241,correia,2000.0
109398,2026-05-28 03:14:23.143967+00:00,0.0762,1.936,72.42,22.45,0.0959,2.437,0.548,0.773,61.0,58.5,0.137,0.166,2.839,2.964,3.518,3.351,0.1078,2.739,0.1356,3.446,0.155,0.23,correia,2000.0
109399,2026-05-28 03:14:25.144068+00:00,0.0655,1.665,72.32,22.4,0.0882,2.242,0.547,0.849,61.0,61.0,0.105,0.122,2.787,2.894,3.483,3.619,0.0927,2.355,0.1248,3.171,0.157,0.234,correia,2000.0
109413,2026-05-28 03:14:53.145581+00:00,0.0796,2.023,72.42,22.45,0.1125,2.858,0.525,0.928,136.7,136.7,0.159,0.199,2.709,3.044,3.37,3.803,0.1126,2.861,0.1591,4.042,0.155,0.244,correia,2000.0
109463,2026-05-28 03:16:33.151256+00:00,0.0783,1.989,72.6,22.56,0.0985,2.502,0.526,0.992,61.0,61.0,0.131,0.153,2.733,2.962,3.293,3.986,0.1107,2.813,0.1393,3.538,0.159,0.248,correia,2000.0
109483,2026-05-28 03:17:13.153784+00:00,0.085,2.16,72.7,22.61,0.1043,2.649,0.551,0.81,9.7,61.0,0.139,0.164,2.689,2.883,3.497,3.374,0.1202,3.055,0.1475,3.747,0.157,0.24,correia,2000.0
109487,2026-05-28 03:17:21.154431+00:00,0.0744,1.892,72.42,22.45,0.0841,2.137,0.59,0.973,61.0,61.0,0.125,0.138,2.759,3.104,3.644,3.928,0.1053,2.675,0.119,3.023,0.162,0.247,correia,2000.0
109495,2026-05-28 03:17:37.155304+00:00,0.0717,1.823,72.42,22.45,0.0955,2.427,0.545,0.964,61.0,61.0,0.133,0.155,2.708,3.067,3.538,4.005,0.1015,2.578,0.1351,3.433,0.154,0.24,correia,2000.0
109550,2026-05-28 03:56:04.848132+00:00,0.055,1.399,73.54,23.07,0.0929,2.359,0.439,0.431,61.0,61.0,0.066,0.099,2.362,2.378,3.35,3.067,0.0779,1.978,0.1313,3.337,0.131,0.14,correia,500.0
109567,2026-05-28 03:56:38.850393+00:00,0.0597,1.517,74.38,23.54,0.0862,2.191,0.499,0.496,61.0,58.5,0.066,0.102,2.441,2.526,3.913,3.52,0.0845,2.146,0.122,3.099,0.127,0.141,correia,500.0
109592,2026-05-28 03:57:28.853022+00:00,0.0573,1.455,74.94,23.85,0.0851,2.162,0.494,0.546,61.0,61.0,0.067,0.1,2.612,2.637,3.821,3.902,0.081,2.058,0.1203,3.057,0.129,0.14,correia,500.0
109596,2026-05-28 03:57:36.853401+00:00,0.051,1.296,74.94,23.85,0.0883,2.243,0.473,0.542,61.0,61.0,0.067,0.101,2.384,2.562,3.725,3.881,0.0722,1.834,0.1248,3.172,0.127,0.139,correia,500.0
109598,2026-05-28 03:57:40.853640+00:00,0.0679,1.725,74.84,23.8,0.0882,2.242,0.402,0.579,58.5,61.0,0.066,0.101,2.308,2.6,3.157,4.138,0.096,2.44,0.1248,3.171,0.127,0.139,correia,500.0
109609,2026-05-28 03:58:02.855204+00:00,0.0553,1.405,75.08,23.93,0.0874,2.221,0.412,0.534,61.0,58.5,0.068,0.105,2.356,2.525,3.277,3.896,0.0782,1.987,0.1237,3.142,0.125,0.137,correia,500.0
109627,2026-05-28 03:58:38.857320+00:00,0.0586,1.488,75.55,24.19,0.0918,2.331,0.456,0.487,61.0,61.0,0.071,0.106,2.437,2.505,3.571,3.506,0.0828,2.105,0.1298,3.297,0.127,0.138,correia,500.0
109685,2026-05-28 04:00:34.864091+00:00,0.0545,1.385,76.02,24.45,0.0917,2.33,0.443,0.509,61.0,51.2,0.069,0.103,2.312,2.581,3.564,3.663,0.0771,1.959,0.1297,3.295,0.124,0.139,correia,500.0
109736,2026-05-28 04:02:16.870018+00:00,0.0524,1.333,77.57,25.31,0.0937,2.381,0.469,0.504,61.0,58.5,0.07,0.109,2.366,2.454,3.694,3.608,0.0742,1.885,0.1325,3.367,0.127,0.139,correia,500.0
109752,2026-05-28 04:02:48.871764+00:00,0.0538,1.368,76.39,24.66,0.0907,2.305,0.467,0.528,58.5,61.0,0.07,0.105,2.355,2.598,3.712,3.846,0.0761,1.934,0.1283,3.26,0.125,0.137,correia,500.0
109797,2026-05-28 04:04:18.877039+00:00,0.0521,1.325,76.58,24.77,0.0892,2.265,0.416,0.632,61.0,58.5,0.069,0.104,2.428,2.658,3.326,4.625,0.0737,1.873,0.1261,3.204,0.125,0.136,correia,500.0
109868,2026-05-28 04:06:40.885424+00:00,0.0563,1.432,76.63,24.79,0.0965,2.451,0.558,0.543,58.5,51.2,0.067,0.106,2.364,2.684,4.445,3.977,0.0797,2.025,0.1364,3.466,0.125,0.136,correia,500.0
109924,2026-05-28 04:08:32.886334+00:00,0.0531,1.349,76.58,24.77,0.0911,2.314,0.4,0.461,61.0,51.2,0.068,0.105,2.292,2.435,3.179,3.354,0.0751,1.908,0.1288,3.273,0.125,0.137,correia,500.0
109942,2026-05-28 04:09:08.894097+00:00,0.0554,1.408,76.63,24.79,0.0916,2.327,0.476,0.522,61.0,58.5,0.068,0.105,2.249,2.533,3.796,3.775,0.0784,1.992,0.1295,3.291,0.125,0.138,correia,500.0
109956,2026-05-28 04:09:36.895699+00:00,0.0544,1.384,76.63,24.79,0.0832,2.114,0.581,0.48,58.5,61.0,0.069,0.104,2.503,2.457,4.605,3.507,0.077,1.957,0.1177,2.99,0.126,0.137,correia,500.0
110000,2026-05-28 04:11:04.900927+00:00,0.0602,1.53,77.66,25.37,0.0912,2.316,0.408,0.489,61.0,58.5,0.071,0.106,2.356,2.509,3.229,3.545,0.0852,2.164,0.129,3.276,0.126,0.137,correia,500.0
110023,2026-05-28 04:11:50.903501+00:00,0.0537,1.364,76.68,24.82,0.0867,2.202,0.545,0.545,61.0,61.0,0.068,0.103,2.413,2.612,4.343,3.938,0.0759,1.93,0.1226,3.115,0.125,0.138,correia,500.0
110036,2026-05-28 04:12:16.905115+00:00,0.0537,1.366,76.63,24.79,0.0942,2.393,0.457,0.478,61.0,51.2,0.069,0.108,2.476,2.538,3.558,3.454,0.076,1.932,0.1332,3.384,0.128,0.138,correia,500.0
110064,2026-05-28 04:13:12.908477+00:00,0.0548,1.392,76.72,24.84,0.0922,2.342,0.429,0.514,61.0,61.0,0.069,0.103,2.386,2.621,3.377,3.686,0.0775,1.969,0.1304,3.312,0.127,0.139,correia,500.0
110173,2026-05-28 04:16:50.921163+00:00,0.0569,1.446,76.58,24.77,0.0924,2.346,0.439,0.55,61.0,51.2,0.069,0.109,2.302,2.638,3.487,3.891,0.0805,2.045,0.1306,3.319,0.125,0.141,correia,500.0
110181,2026-05-28 04:17:06.922427+00:00,0.0517,1.314,76.63,24.79,0.0905,2.298,0.467,0.455,61.0,61.0,0.069,0.11,2.405,2.512,3.683,3.278,0.0731,1.858,0.1279,3.251,0.127,0.138,correia,500.0
110204,2026-05-28 04:17:52.925013+00:00,0.0577,1.465,76.68,24.82,0.088,2.235,0.454,0.581,61.0,61.0,0.072,0.105,2.462,2.705,3.566,4.142,0.0816,2.072,0.1244,3.161,0.127,0.14,correia,500.0
110334,2026-05-28 04:22:12.940668+00:00,0.0549,1.395,76.68,24.82,0.0835,2.121,0.461,0.526,61.0,61.0,0.069,0.101,2.356,2.644,3.61,3.771,0.0776,1.973,0.1181,3.0,0.127,0.139,correia,500.0
110338,2026-05-28 04:22:20.941162+00:00,0.0517,1.314,76.39,24.66,0.0864,2.195,0.459,0.531,61.0,61.0,0.07,0.103,2.409,2.609,3.61,3.846,0.0732,1.859,0.1222,3.104,0.127,0.138,correia,500.0
110341,2026-05-28 04:22:26.940325+00:00,0.0525,1.334,76.44,24.69,0.0938,2.383,0.55,0.712,61.0,61.0,0.071,0.106,2.492,2.755,4.302,5.122,0.0743,1.887,0.1327,3.371,0.127,0.139,correia,500.0
110363,2026-05-28 04:23:10.944019+00:00,0.0475,1.207,76.58,24.77,0.0833,2.117,0.515,0.504,61.0,61.0,0.067,0.098,2.388,2.713,4.026,3.609,0.0672,1.707,0.1179,2.994,0.127,0.139,correia,500.0
110368,2026-05-28 04:23:20.944652+00:00,0.0536,1.362,77.1,25.05,0.0878,2.232,0.54,0.478,61.0,51.2,0.067,0.1,2.547,2.606,4.221,3.415,0.0758,1.926,0.1242,3.156,0.128,0.14,correia,500.0
110371,2026-05-28 04:23:26.944927+00:00,0.0546,1.389,76.49,24.71,0.096,2.44,0.521,0.683,61.0,61.0,0.07,0.105,2.486,2.756,4.059,4.886,0.0773,1.964,0.1358,3.451,0.128,0.139,correia,500.0
110446,2026-05-28 04:25:56.953837+00:00,0.0522,1.326,77.57,25.31,0.0911,2.313,0.423,0.527,61.0,61.0,0.069,0.102,2.406,2.526,3.346,3.847,0.0738,1.875,0.1288,3.272,0.126,0.137,correia,500.0
110477,2026-05-28 04:26:58.957376+00:00,0.0522,1.327,76.49,24.71,0.095,2.415,0.416,0.579,58.5,61.0,0.065,0.107,2.339,2.585,3.349,4.237,0.0739,1.877,0.1344,3.415,0.124,0.136,correia,500.0
110480,2026-05-28 04:27:04.957989+00:00,0.0526,1.337,76.39,24.66,0.0898,2.281,0.447,0.582,61.0,51.2,0.071,0.107,2.413,2.615,3.558,4.298,0.0744,1.892,0.127,3.226,0.125,0.135,correia,500.0
110572,2026-05-28 05:11:20.752330+00:00,0.0773,1.965,74.1,23.38,0.1006,2.556,0.501,0.96,61.0,61.0,0.138,0.163,2.658,2.873,3.25,4.133,0.1094,2.779,0.1423,3.615,0.154,0.232,correia,2000.0
110607,2026-05-28 05:12:30.758144+00:00,0.0688,1.748,73.3,22.94,0.0874,2.221,0.541,0.853,9.7,61.0,0.101,0.113,2.704,2.965,3.504,3.641,0.0973,2.473,0.1236,3.141,0.154,0.234,correia,2000.0
110611,2026-05-28 05:12:38.758741+00:00,0.0624,1.587,73.26,22.92,0.0966,2.455,0.649,0.93,61.0,61.0,0.123,0.142,2.757,3.22,4.223,3.896,0.0883,2.244,0.1367,3.472,0.153,0.238,correia,2000.0
110680,2026-05-28 05:14:56.766794+00:00,0.0672,1.707,72.56,22.53,0.0835,2.123,0.666,0.924,61.0,61.0,0.114,0.125,2.862,2.905,4.115,3.783,0.095,2.414,0.1182,3.002,0.161,0.244,correia,2000.0
110741,2026-05-28 05:16:58.773741+00:00,0.0748,1.901,72.46,22.48,0.096,2.44,0.563,1.039,61.0,61.0,0.139,0.154,2.763,3.036,3.652,4.215,0.1058,2.689,0.1358,3.45,0.154,0.246,correia,2000.0
110742,2026-05-28 05:17:00.773871+00:00,0.0748,1.901,72.42,22.45,0.096,2.44,0.563,1.039,61.0,61.0,0.139,0.154,2.763,3.036,3.652,4.215,0.1058,2.689,0.1358,3.45,0.154,0.246,correia,2000.0
110746,2026-05-28 05:17:08.774507+00:00,0.0676,1.717,72.42,22.45,0.0932,2.367,0.524,0.934,61.0,61.0,0.126,0.153,2.629,3.07,3.331,3.942,0.0956,2.429,0.1318,3.348,0.157,0.237,correia,2000.0
110777,2026-05-28 05:18:10.777912+00:00,0.0678,1.722,72.56,22.53,0.0893,2.269,0.535,0.846,61.0,61.0,0.132,0.156,2.72,2.914,3.427,3.572,0.0958,2.435,0.1263,3.208,0.156,0.237,correia,2000.0
110791,2026-05-28 05:18:38.778806+00:00,0.076,1.93,72.46,22.48,0.1025,2.604,0.629,1.011,9.7,61.0,0.131,0.168,2.783,2.98,3.916,4.222,0.1075,2.73,0.145,3.683,0.16,0.239,correia,2000.0
110820,2026-05-28 05:19:36.783032+00:00,0.0805,2.046,73.07,22.81,0.1059,2.689,0.525,0.882,136.7,61.0,0.157,0.186,2.665,3.027,3.358,3.679,0.1139,2.893,0.1497,3.804,0.156,0.239,correia,2000.0
110864,2026-05-28 05:21:04.782596+00:00,0.0721,1.832,72.7,22.61,0.0956,2.429,0.552,0.876,136.7,61.0,0.137,0.156,2.76,2.942,3.492,3.729,0.102,2.591,0.1352,3.435,0.158,0.234,correia,2000.0
110887,2026-05-28 05:21:50.790825+00:00,0.0731,1.858,72.46,22.48,0.0968,2.458,0.495,0.806,61.0,61.0,0.13,0.148,2.711,2.849,3.182,3.334,0.1034,2.628,0.1369,3.477,0.155,0.241,correia,2000.0
110936,2026-05-28 05:23:28.796497+00:00,0.0755,1.919,73.82,23.23,0.1022,2.598,0.553,0.875,61.0,61.0,0.134,0.166,2.701,2.897,3.506,3.716,0.1068,2.714,0.1446,3.674,0.157,0.235,correia,2000.0
110993,2026-05-28 05:25:22.801416+00:00,0.0714,1.815,73.02,22.79,0.1014,2.577,0.571,0.961,61.0,61.0,0.137,0.163,2.736,3.153,3.625,4.077,0.101,2.567,0.1434,3.644,0.157,0.235,correia,2000.0
111045,2026-05-28 05:27:06.809518+00:00,0.0632,1.605,72.84,22.68,0.0869,2.207,0.629,0.965,61.0,61.0,0.119,0.135,2.779,3.12,3.968,3.901,0.0893,2.27,0.1229,3.122,0.158,0.247,correia,2000.0
111059,2026-05-28 05:27:34.814461+00:00,0.065,1.652,72.84,22.68,0.0926,2.354,0.529,0.892,61.0,61.0,0.119,0.145,2.632,2.976,3.428,3.756,0.092,2.337,0.131,3.329,0.154,0.237,correia,2000.0
111062,2026-05-28 05:27:40.811522+00:00,0.0723,1.837,73.02,22.79,0.1066,2.71,0.554,0.861,136.7,61.0,0.138,0.161,2.7,2.868,3.453,3.478,0.1022,2.598,0.1508,3.832,0.16,0.247,correia,2000.0
111184,2026-05-28 05:31:44.826225+00:00,0.0737,1.873,72.88,22.71,0.1001,2.543,0.547,0.847,61.0,58.5,0.13,0.151,2.701,2.975,3.452,3.545,0.1043,2.649,0.1416,3.596,0.158,0.239,correia,2000.0
111204,2026-05-28 05:32:24.828635+00:00,0.0637,1.619,72.79,22.66,0.0967,2.457,0.555,0.908,58.5,61.0,0.123,0.141,2.771,2.897,3.499,3.769,0.0901,2.29,0.1368,3.475,0.158,0.24,correia,2000.0
111206,2026-05-28 05:32:28.828871+00:00,0.0693,1.761,74.38,23.54,0.0978,2.485,0.529,0.915,58.5,61.0,0.121,0.149,2.678,2.873,3.434,3.875,0.098,2.49,0.1384,3.515,0.154,0.236,correia,2000.0
111242,2026-05-28 05:33:40.832954+00:00,0.0842,2.14,73.86,23.25,0.0821,2.087,0.515,0.809,9.7,58.5,0.111,0.123,2.784,2.83,3.324,3.267,0.1191,3.027,0.1162,2.951,0.155,0.247,correia,2000.0
111267,2026-05-28 05:34:30.835912+00:00,0.0636,1.617,72.88,22.71,0.0807,2.051,0.532,0.866,58.5,61.0,0.108,0.128,2.696,2.954,3.364,3.615,0.09,2.288,0.1141,2.9,0.158,0.239,correia,2000.0
111327,2026-05-28 05:36:30.841802+00:00,0.0697,1.77,73.91,23.28,0.1026,2.607,0.531,0.823,58.5,61.0,0.134,0.168,2.765,2.793,3.429,3.506,0.0985,2.504,0.1451,3.687,0.154,0.234,correia,2000.0
111411,2026-05-28 05:39:18.853108+00:00,0.0702,1.785,72.88,22.71,0.1049,2.665,0.564,0.749,61.0,58.5,0.128,0.162,2.8,2.786,3.606,3.136,0.0994,2.524,0.1484,3.77,0.156,0.238,correia,2000.0
111445,2026-05-28 05:40:26.857121+00:00,0.0735,1.869,72.79,22.66,0.0979,2.487,0.657,0.863,61.0,61.0,0.134,0.164,2.81,2.943,4.084,3.669,0.104,2.643,0.1385,3.518,0.16,0.235,correia,2000.0
111453,2026-05-28 05:40:42.858111+00:00,0.0755,1.918,74.14,23.41,0.1062,2.698,0.602,0.85,136.7,136.7,0.154,0.188,2.87,2.903,3.823,3.553,0.1068,2.713,0.1502,3.816,0.157,0.239,correia,2000.0
111464,2026-05-28 05:41:04.859322+00:00,0.0784,1.991,72.84,22.68,0.1104,2.805,0.552,0.871,136.7,136.7,0.161,0.197,2.713,2.93,3.501,3.569,0.1108,2.816,0.1561,3.967,0.157,0.244,correia,2000.0
111487,2026-05-28 05:41:50.862267+00:00,0.0713,1.812,72.88,22.71,0.0991,2.517,0.51,0.95,61.0,61.0,0.138,0.159,2.745,2.833,3.269,4.011,0.1009,2.563,0.1401,3.56,0.156,0.236,correia,2000.0
111502,2026-05-28 05:42:20.863942+00:00,0.083,2.11,73.12,22.84,0.1032,2.622,0.576,0.841,136.7,136.7,0.144,0.186,2.78,2.886,3.628,3.52,0.1175,2.984,0.146,3.708,0.158,0.238,correia,2000.0
111521,2026-05-28 05:42:58.866279+00:00,0.0746,1.895,72.88,22.71,0.1005,2.553,0.635,0.987,61.0,61.0,0.128,0.153,2.677,3.225,4.048,4.224,0.1055,2.68,0.1421,3.611,0.157,0.233,correia,2000.0
111545,2026-05-28 05:43:46.869308+00:00,0.0759,1.928,72.93,22.74,0.0972,2.468,0.556,0.85,61.0,61.0,0.135,0.163,2.723,2.99,3.501,3.561,0.1073,2.726,0.1374,3.491,0.159,0.238,correia,2000.0
111580,2026-06-01 20:13:34.701734+00:00,0.07,1.779,66.63,19.24,0.0947,2.406,0.721,0.94,61.0,61.0,0.134,0.145,2.812,3.102,4.105,4.09,0.099,2.516,0.1339,3.403,0.175,0.229,cocked_rotor,2000.0
111585,2026-06-01 20:13:44.702785+00:00,0.0778,1.977,66.91,19.39,0.0957,2.431,0.592,0.756,9.7,61.0,0.122,0.146,2.764,2.964,3.478,3.321,0.1101,2.796,0.1353,3.438,0.17,0.227,cocked_rotor,2000.0
111654,2026-06-01 20:16:02.710101+00:00,0.0704,1.789,67.32,19.62,0.1147,2.915,0.545,0.973,58.5,53.7,0.131,0.16,2.728,3.069,3.208,4.228,0.0996,2.53,0.1623,4.122,0.17,0.23,cocked_rotor,2000.0
111680,2026-06-01 20:16:54.713040+00:00,0.0731,1.857,67.83,19.9,0.0844,2.145,0.72,0.923,61.0,58.5,0.126,0.142,2.93,3.062,4.161,3.914,0.1033,2.626,0.1194,3.034,0.173,0.235,cocked_rotor,2000.0
111720,2026-06-01 20:18:14.717137+00:00,0.0821,2.085,68.71,20.39,0.1128,2.866,0.574,0.911,9.7,9.7,0.127,0.144,2.849,3.175,3.436,3.931,0.1161,2.949,0.1595,4.053,0.167,0.231,cocked_rotor,2000.0
111721,2026-06-01 20:18:16.717130+00:00,0.0821,2.085,68.8,20.44,0.1128,2.866,0.574,0.911,9.7,9.7,0.127,0.144,2.849,3.175,3.436,3.931,0.1161,2.949,0.1595,4.053,0.167,0.231,cocked_rotor,2000.0
111733,2026-06-01 20:18:40.718692+00:00,0.0722,1.834,68.43,20.24,0.1006,2.557,0.582,1.026,61.0,58.5,0.126,0.153,2.74,3.1,3.505,4.299,0.1021,2.593,0.1423,3.616,0.166,0.238,cocked_rotor,2000.0
111769,2026-06-01 20:19:52.722310+00:00,0.0672,1.707,69.31,20.72,0.1016,2.581,0.661,0.778,61.0,61.0,0.122,0.149,2.895,3.033,4.013,3.363,0.095,2.414,0.1437,3.65,0.164,0.231,cocked_rotor,2000.0
111806,2026-06-01 20:21:06.725775+00:00,0.063,1.601,69.86,21.03,0.0964,2.449,0.634,0.777,58.5,58.5,0.122,0.123,2.78,2.816,3.814,3.367,0.0891,2.265,0.1363,3.463,0.166,0.23,cocked_rotor,2000.0
111848,2026-06-01 20:22:30.730435+00:00,0.0606,1.541,70.37,21.32,0.0892,2.267,0.64,0.962,61.0,61.0,0.117,0.137,2.804,2.917,3.801,3.885,0.0858,2.179,0.1262,3.207,0.168,0.247,cocked_rotor,2000.0
111866,2026-06-01 20:23:06.732452+00:00,0.0613,1.558,69.86,21.03,0.0933,2.371,0.559,0.877,61.0,61.0,0.108,0.134,2.736,2.906,3.321,3.341,0.0867,2.204,0.132,3.353,0.168,0.262,cocked_rotor,2000.0
111943,2026-06-01 20:25:40.740890+00:00,0.0755,1.918,70.47,21.37,0.1092,2.776,0.582,0.877,61.0,58.5,0.134,0.162,2.691,2.852,3.604,3.497,0.1068,2.713,0.1545,3.926,0.161,0.25,cocked_rotor,2000.0
111948,2026-06-01 20:25:50.741613+00:00,0.0604,1.534,70.47,21.37,0.096,2.44,0.579,0.89,58.5,61.0,0.122,0.15,2.786,3.077,3.557,3.568,0.0854,2.169,0.1358,3.451,0.162,0.249,cocked_rotor,2000.0
111951,2026-06-01 20:25:56.740055+00:00,0.0659,1.675,71.12,21.73,0.0985,2.502,0.632,0.865,61.0,61.0,0.128,0.155,2.794,2.877,3.831,3.482,0.0933,2.37,0.1393,3.539,0.165,0.248,cocked_rotor,2000.0
111976,2026-06-01 20:26:46.744773+00:00,0.0684,1.739,70.84,21.57,0.1168,2.967,0.573,0.875,61.0,61.0,0.131,0.163,2.719,2.998,3.554,3.466,0.0968,2.46,0.1652,4.196,0.161,0.252,cocked_rotor,2000.0
112016,2026-06-01 20:28:06.749020+00:00,0.0666,1.693,72.46,22.48,0.0962,2.444,0.587,1.01,61.0,61.0,0.123,0.139,2.771,3.003,3.534,3.802,0.0942,2.394,0.1361,3.457,0.166,0.265,cocked_rotor,2000.0
112175,2026-06-01 20:33:24.767169+00:00,0.0647,1.644,73.68,23.15,0.0975,2.477,0.622,0.968,61.0,53.7,0.133,0.155,2.884,2.766,3.785,3.62,0.0915,2.325,0.1379,3.503,0.164,0.267,cocked_rotor,2000.0
112186,2026-06-01 20:33:46.768278+00:00,0.0667,1.696,73.26,22.92,0.0828,2.103,0.639,0.899,61.0,61.0,0.127,0.133,2.784,2.98,3.983,3.37,0.0944,2.399,0.1171,2.975,0.16,0.266,cocked_rotor,2000.0
112232,2026-06-01 20:35:18.773387+00:00,0.0705,1.792,72.37,22.43,0.098,2.489,0.628,1.046,61.0,61.0,0.135,0.155,2.776,3.047,3.787,4.05,0.0998,2.535,0.1386,3.52,0.165,0.258,cocked_rotor,2000.0
112262,2026-06-01 20:36:18.776553+00:00,0.0647,1.645,72.6,22.56,0.0909,2.31,0.717,1.027,61.0,61.0,0.131,0.134,2.976,3.166,4.429,3.911,0.0915,2.326,0.1286,3.267,0.161,0.262,cocked_rotor,2000.0
112284,2026-06-01 20:37:02.779170+00:00,0.0669,1.699,73.72,23.18,0.1155,2.934,0.551,1.022,61.0,61.0,0.133,0.159,2.884,2.963,3.318,3.747,0.0946,2.403,0.1633,4.15,0.166,0.272,cocked_rotor,2000.0
112314,2026-06-01 20:38:02.782291+00:00,0.0687,1.745,72.79,22.66,0.0946,2.403,0.578,1.077,61.0,61.0,0.137,0.153,2.806,3.131,3.548,3.951,0.0971,2.468,0.1338,3.399,0.163,0.272,cocked_rotor,2000.0
112427,2026-06-01 20:41:48.794847+00:00,0.0654,1.662,72.93,22.74,0.0986,2.504,0.735,0.919,61.0,58.5,0.119,0.142,2.946,2.887,4.578,3.55,0.0925,2.35,0.1394,3.542,0.16,0.259,cocked_rotor,2000.0
112451,2026-06-01 20:42:36.795773+00:00,0.0628,1.597,73.12,22.84,0.0929,2.359,0.564,0.964,61.0,61.0,0.13,0.14,2.703,3.179,3.534,3.655,0.0889,2.259,0.1313,3.337,0.159,0.263,cocked_rotor,2000.0
112461,2026-06-01 20:42:56.798801+00:00,0.0615,1.562,73.02,22.79,0.1156,2.936,0.601,0.934,61.0,58.5,0.133,0.148,2.785,2.918,3.748,3.487,0.087,2.21,0.1635,4.153,0.16,0.267,cocked_rotor,2000.0
112556,2026-06-01 20:48:41.032030+00:00,0.0682,1.732,76.2,24.56,0.1202,3.054,0.685,0.962,61.0,53.7,0.145,0.158,2.94,2.996,4.332,3.665,0.0964,2.45,0.17,4.319,0.158,0.262,cocked_rotor_2,2000.0
112561,2026-06-01 20:48:43.544291+00:00,0.0682,1.732,76.11,24.5,0.1202,3.054,0.685,0.962,61.0,53.7,0.145,0.158,2.94,2.996,4.332,3.665,0.0964,2.45,0.17,4.319,0.158,0.262,cocked_rotor_2,2000.0
112644,2026-06-01 20:50:07.290439+00:00,0.0718,1.824,74.99,23.88,0.1062,2.697,0.681,1.169,61.0,61.0,0.143,0.159,2.778,3.057,4.219,4.395,0.1016,2.58,0.1502,3.815,0.161,0.266,cocked_rotor_2,2000.0
112651,2026-06-01 20:50:14.291383+00:00,0.0693,1.762,74.94,23.85,0.1044,2.653,0.51,0.879,61.0,61.0,0.132,0.157,2.74,3.049,3.213,3.448,0.0981,2.492,0.1477,3.752,0.159,0.254,cocked_rotor_2,2000.0
112663,2026-06-01 20:50:26.292823+00:00,0.0657,1.669,74.89,23.83,0.0995,2.527,0.523,0.807,61.0,61.0,0.135,0.151,2.751,2.762,3.27,3.127,0.0929,2.361,0.1407,3.574,0.159,0.258,cocked_rotor_2,2000.0
112702,2026-06-01 20:51:05.298392+00:00,0.073,1.854,74.47,23.59,0.11,2.795,0.687,1.052,58.5,61.0,0.137,0.158,2.896,2.997,4.251,3.997,0.1032,2.622,0.1556,3.952,0.161,0.263,cocked_rotor_2,2000.0
112734,2026-06-01 20:51:37.302546+00:00,0.074,1.881,75.88,24.37,0.0899,2.285,0.573,1.054,9.7,61.0,0.132,0.139,2.751,2.983,3.583,3.93,0.1047,2.661,0.1272,3.232,0.16,0.268,cocked_rotor_2,2000.0
112739,2026-06-01 20:51:42.303245+00:00,0.0629,1.598,74.61,23.67,0.0919,2.335,0.553,0.987,61.0,61.0,0.132,0.138,2.83,2.918,3.432,3.727,0.0889,2.26,0.13,3.302,0.161,0.264,cocked_rotor_2,2000.0
112744,2026-06-01 20:51:47.303829+00:00,0.0673,1.71,75.13,23.96,0.1003,2.547,0.598,0.872,61.0,9.7,0.124,0.136,2.791,2.958,3.702,3.402,0.0952,2.419,0.1418,3.603,0.161,0.256,cocked_rotor_2,2000.0
112749,2026-06-01 20:51:52.304420+00:00,0.069,1.753,74.14,23.41,0.0998,2.535,0.622,0.975,61.0,61.0,0.131,0.142,2.8,2.993,3.884,3.609,0.0976,2.479,0.1411,3.585,0.16,0.27,cocked_rotor_2,2000.0
112778,2026-06-01 20:52:21.308461+00:00,0.0726,1.845,74.14,23.41,0.1025,2.605,0.586,1.113,61.0,61.0,0.132,0.155,2.876,3.062,3.647,4.26,0.1027,2.61,0.145,3.684,0.16,0.261,cocked_rotor_2,2000.0
112788,2026-06-01 20:52:31.310213+00:00,0.0655,1.665,74.52,23.62,0.0912,2.317,0.63,1.072,61.0,61.0,0.133,0.151,2.702,2.979,3.849,3.99,0.0927,2.354,0.129,3.276,0.163,0.268,cocked_rotor_2,2000.0
112792,2026-06-01 20:52:35.310552+00:00,0.0637,1.619,74.28,23.49,0.1011,2.568,0.619,1.06,61.0,61.0,0.134,0.156,2.811,3.05,3.801,3.896,0.0901,2.29,0.143,3.632,0.163,0.272,cocked_rotor_2,2000.0
112794,2026-06-01 20:52:37.311028+00:00,0.0654,1.661,74.0,23.33,0.1054,2.678,0.602,0.904,61.0,58.5,0.125,0.15,2.804,3.009,3.715,3.432,0.0925,2.35,0.1491,3.787,0.162,0.263,cocked_rotor_2,2000.0
112803,2026-06-01 20:52:46.312081+00:00,0.0652,1.657,74.0,23.33,0.0855,2.173,0.555,0.892,61.0,61.0,0.127,0.151,2.907,2.959,3.45,3.401,0.0922,2.343,0.121,3.073,0.161,0.262,cocked_rotor_2,2000.0
112854,2026-06-01 20:53:37.319741+00:00,0.0683,1.735,75.03,23.9,0.1062,2.699,0.56,0.972,61.0,58.5,0.132,0.156,2.697,3.008,3.502,3.669,0.0966,2.454,0.1502,3.817,0.159,0.265,cocked_rotor_2,2000.0
112856,2026-06-01 20:53:39.318152+00:00,0.0617,1.567,73.91,23.28,0.1023,2.599,0.526,1.003,61.0,61.0,0.121,0.136,2.779,3.018,3.233,3.768,0.0872,2.217,0.1447,3.675,0.162,0.266,cocked_rotor_2,2000.0
112889,2026-06-01 20:54:12.323951+00:00,0.0651,1.654,73.77,23.2,0.0952,2.419,0.479,1.085,61.0,61.0,0.129,0.146,2.72,3.141,3.051,4.129,0.0921,2.34,0.1346,3.421,0.157,0.262,cocked_rotor_2,2000.0
112899,2026-06-01 20:54:22.325322+00:00,0.0656,1.666,74.66,23.7,0.0902,2.292,0.55,0.96,61.0,58.5,0.13,0.14,2.702,2.817,3.414,3.518,0.0928,2.357,0.1276,3.242,0.161,0.272,cocked_rotor_2,2000.0
112921,2026-06-01 20:54:44.327851+00:00,0.0644,1.636,73.86,23.25,0.0876,2.227,0.561,1.111,61.0,61.0,0.125,0.13,2.792,3.108,3.515,4.109,0.0911,2.314,0.124,3.149,0.159,0.27,cocked_rotor_2,2000.0
112943,2026-06-01 20:55:06.331073+00:00,0.0657,1.671,73.77,23.2,0.1027,2.61,0.642,0.997,58.5,58.5,0.127,0.149,2.796,3.094,4.035,3.846,0.093,2.363,0.1453,3.692,0.159,0.259,cocked_rotor_2,2000.0
113071,2026-06-01 20:57:14.340817+00:00,0.0615,1.563,73.72,23.18,0.0896,2.276,0.55,0.939,61.0,61.0,0.129,0.142,2.803,2.893,3.412,3.533,0.087,2.21,0.1267,3.219,0.161,0.265,cocked_rotor_2,2000.0
113095,2026-06-01 20:57:38.347471+00:00,0.0632,1.607,74.24,23.46,0.0903,2.295,0.582,1.017,61.0,61.0,0.139,0.149,2.763,3.053,3.617,3.916,0.0894,2.273,0.1277,3.246,0.16,0.259,cocked_rotor_2,2000.0
113154,2026-06-01 20:58:37.357040+00:00,0.0732,1.86,74.38,23.54,0.0973,2.473,0.594,0.96,61.0,61.0,0.133,0.146,2.781,2.952,3.654,3.549,0.1035,2.63,0.1377,3.497,0.162,0.27,cocked_rotor_2,2000.0
113157,2026-06-01 20:58:40.357408+00:00,0.0735,1.868,74.19,23.44,0.1013,2.574,0.579,0.88,61.0,61.0,0.131,0.152,2.71,2.86,3.534,3.338,0.104,2.642,0.1433,3.64,0.164,0.263,cocked_rotor_2,2000.0
113164,2026-06-01 20:58:47.358259+00:00,0.0727,1.848,74.52,23.62,0.0968,2.461,0.571,0.932,61.0,61.0,0.147,0.164,2.637,2.827,3.507,3.477,0.1028,2.613,0.137,3.48,0.162,0.268,cocked_rotor_2,2000.0
113165,2026-06-01 20:58:48.358373+00:00,0.0727,1.848,74.52,23.62,0.0968,2.461,0.571,0.932,61.0,61.0,0.147,0.164,2.637,2.827,3.507,3.477,0.1028,2.613,0.137,3.48,0.162,0.268,cocked_rotor_2,2000.0
113198,2026-06-01 20:59:21.362601+00:00,0.0684,1.737,73.96,23.31,0.0925,2.351,0.69,0.963,61.0,61.0,0.138,0.149,2.813,3.097,4.309,3.644,0.0967,2.457,0.1309,3.326,0.16,0.264,cocked_rotor_2,2000.0
113202,2026-06-01 20:59:25.362931+00:00,0.0645,1.64,73.96,23.31,0.0913,2.32,0.621,1.001,61.0,61.0,0.13,0.142,2.862,2.878,3.899,3.831,0.0913,2.319,0.1292,3.282,0.159,0.261,cocked_rotor_2,2000.0
113279,2026-06-01 21:00:42.372574+00:00,0.0673,1.71,74.8,23.77,0.1127,2.862,0.615,0.997,61.0,58.5,0.127,0.156,2.853,3.04,3.708,3.762,0.0952,2.419,0.1593,4.048,0.165,0.265,cocked_rotor_2,2000.0
113285,2026-06-01 21:00:48.373191+00:00,0.0778,1.976,74.0,23.33,0.096,2.44,0.637,0.993,61.0,58.5,0.135,0.15,2.818,3.024,3.948,3.812,0.11,2.795,0.1358,3.451,0.161,0.26,cocked_rotor_2,2000.0
113318,2026-06-01 21:01:21.377369+00:00,0.0678,1.724,74.52,23.62,0.0947,2.406,0.527,0.961,61.0,61.0,0.143,0.148,2.732,2.948,3.373,3.72,0.096,2.438,0.1339,3.403,0.156,0.258,cocked_rotor_2,2000.0
113344,2026-06-01 21:01:47.380690+00:00,0.0705,1.792,74.1,23.38,0.0891,2.263,0.641,1.085,61.0,61.0,0.129,0.143,2.888,3.151,3.971,4.157,0.0997,2.534,0.126,3.2,0.161,0.261,cocked_rotor_2,2000.0
113361,2026-06-01 21:02:04.382649+00:00,0.0704,1.789,74.0,23.33,0.0903,2.293,0.603,0.992,61.0,61.0,0.141,0.135,2.771,2.978,3.716,3.796,0.0996,2.53,0.1277,3.244,0.162,0.261,cocked_rotor_2,2000.0
113457,2026-06-01 21:03:40.394293+00:00,0.0625,1.587,74.0,23.33,0.0953,2.42,0.543,0.947,61.0,61.0,0.133,0.152,2.656,3.097,3.36,3.548,0.0883,2.245,0.1347,3.423,0.161,0.266,cocked_rotor_2,2000.0
113590,2026-06-01 21:05:53.408539+00:00,0.0608,1.545,75.45,24.14,0.0826,2.099,0.703,1.113,61.0,61.0,0.128,0.137,2.839,2.951,4.409,4.198,0.086,2.185,0.1168,2.969,0.159,0.265,cocked_rotor_2,2000.0
113617,2026-06-01 21:06:56.324876+00:00,0.0576,1.463,74.61,23.67,0.0812,2.062,0.477,0.543,61.0,61.0,0.089,0.11,2.561,2.741,3.677,3.64,0.0814,2.069,0.1148,2.917,0.129,0.149,cocked_rotor_2,1000.0
113634,2026-06-01 21:07:47.819545+00:00,0.0688,1.749,75.08,23.93,0.0873,2.217,0.435,0.53,58.5,61.0,0.1,0.12,2.404,2.584,3.402,3.661,0.0973,2.473,0.1234,3.136,0.128,0.144,cocked_rotor_2,1000.0
113653,2026-06-01 21:08:25.808755+00:00,0.0612,1.554,75.31,24.06,0.0794,2.017,0.423,0.591,61.0,61.0,0.095,0.116,2.376,2.733,3.327,4.023,0.0865,2.198,0.1123,2.853,0.127,0.146,cocked_rotor_2,1000.0
113657,2026-06-01 21:08:33.809158+00:00,0.0536,1.362,75.83,24.35,0.0825,2.096,0.5,0.535,61.0,61.0,0.088,0.111,2.52,2.608,3.855,3.602,0.0758,1.926,0.1167,2.965,0.129,0.148,cocked_rotor_2,1000.0
113690,2026-06-01 21:09:39.826190+00:00,0.0626,1.59,75.83,24.35,0.0876,2.226,0.447,0.576,61.0,61.0,0.094,0.112,2.486,2.715,3.481,3.993,0.0885,2.248,0.1239,3.149,0.128,0.144,cocked_rotor_2,1000.0
113723,2026-06-01 21:10:45.830106+00:00,0.0615,1.564,76.96,24.97,0.0763,1.938,0.384,0.594,61.0,61.0,0.094,0.111,2.402,2.766,3.038,4.066,0.087,2.212,0.1079,2.742,0.126,0.146,cocked_rotor_2,1000.0
113746,2026-06-01 21:11:31.832677+00:00,0.0564,1.434,77.33,25.18,0.0828,2.104,0.413,0.498,61.0,58.5,0.084,0.108,2.349,2.589,3.266,3.431,0.0798,2.028,0.1171,2.975,0.126,0.145,cocked_rotor_2,1000.0
113773,2026-06-01 21:12:25.835865+00:00,0.0628,1.597,76.49,24.71,0.0785,1.994,0.499,0.557,61.0,61.0,0.099,0.113,2.536,2.595,3.869,3.819,0.0889,2.258,0.111,2.82,0.129,0.146,cocked_rotor_2,1000.0
113787,2026-06-01 21:12:53.837473+00:00,0.0533,1.354,76.3,24.61,0.0778,1.977,0.53,0.559,61.0,61.0,0.088,0.105,2.509,2.691,4.124,3.886,0.0753,1.914,0.1101,2.797,0.128,0.144,cocked_rotor_2,1000.0
113810,2026-06-01 21:13:39.840383+00:00,0.0561,1.426,76.2,24.56,0.0819,2.081,0.474,0.575,61.0,58.5,0.088,0.107,2.465,2.725,3.718,3.867,0.0794,2.016,0.1159,2.944,0.127,0.148,cocked_rotor_2,1000.0
113870,2026-06-01 21:15:39.847652+00:00,0.0622,1.581,76.63,24.79,0.0846,2.149,0.456,0.507,61.0,61.0,0.088,0.11,2.564,2.523,3.554,3.547,0.088,2.236,0.1196,3.039,0.128,0.143,cocked_rotor_2,1000.0
113920,2026-06-01 21:17:19.853952+00:00,0.0575,1.462,76.49,24.71,0.0758,1.927,0.396,0.651,61.0,61.0,0.091,0.111,2.321,2.848,3.093,4.382,0.0814,2.067,0.1073,2.725,0.128,0.148,cocked_rotor_2,1000.0
113926,2026-06-01 21:17:31.854426+00:00,0.0626,1.59,77.1,25.05,0.079,2.008,0.428,0.549,61.0,61.0,0.088,0.11,2.438,2.704,3.351,3.788,0.0885,2.249,0.1118,2.84,0.127,0.145,cocked_rotor_2,1000.0
113940,2026-06-01 21:17:59.856158+00:00,0.0606,1.541,76.58,24.77,0.0728,1.851,0.505,0.649,61.0,61.0,0.092,0.111,2.482,2.736,3.955,4.426,0.0858,2.18,0.103,2.618,0.127,0.146,cocked_rotor_2,1000.0
113966,2026-06-01 21:18:51.859548+00:00,0.0593,1.506,76.49,24.71,0.084,2.134,0.436,0.49,61.0,61.0,0.102,0.127,2.4,2.596,3.448,3.358,0.0838,2.13,0.1188,3.018,0.126,0.146,cocked_rotor_2,1000.0
114011,2026-06-01 21:20:21.864875+00:00,0.0598,1.518,76.58,24.77,0.0922,2.342,0.444,0.567,61.0,61.0,0.096,0.118,2.51,2.704,3.462,3.918,0.0845,2.148,0.1304,3.312,0.128,0.144,cocked_rotor_2,1000.0
114062,2026-06-01 21:22:03.870209+00:00,0.055,1.399,76.53,24.74,0.0846,2.148,0.524,0.544,61.0,61.0,0.091,0.116,2.61,2.809,4.087,3.66,0.0779,1.979,0.1196,3.038,0.128,0.148,cocked_rotor_2,1000.0
114136,2026-06-01 21:24:31.880413+00:00,0.0754,1.916,76.25,24.58,0.0813,2.066,0.46,0.551,14.6,61.0,0.096,0.119,2.562,2.579,3.552,3.829,0.1066,2.71,0.115,2.922,0.129,0.143,cocked_rotor_2,1000.0
114137,2026-06-01 21:24:33.880673+00:00,0.0594,1.511,77.1,25.05,0.085,2.161,0.43,0.609,61.0,61.0,0.093,0.11,2.386,2.741,3.342,4.122,0.0841,2.137,0.1203,3.056,0.128,0.147,cocked_rotor_2,1000.0
114178,2026-06-01 21:25:55.885644+00:00,0.0542,1.378,76.25,24.58,0.0703,1.787,0.505,0.651,61.0,61.0,0.087,0.109,2.441,2.748,3.93,4.442,0.0767,1.948,0.0995,2.527,0.128,0.146,cocked_rotor_2,1000.0
114240,2026-06-01 21:27:59.893076+00:00,0.0665,1.689,76.44,24.69,0.0859,2.183,0.454,0.537,61.0,61.0,0.098,0.117,2.477,2.701,3.533,3.62,0.094,2.389,0.1215,3.087,0.128,0.148,cocked_rotor_2,1000.0
114317,2026-06-01 21:30:33.902695+00:00,0.06,1.525,76.3,24.61,0.0708,1.798,0.512,0.566,61.0,61.0,0.086,0.105,2.356,2.649,4.071,3.957,0.0849,2.157,0.1001,2.543,0.125,0.143,cocked_rotor_2,1000.0
114386,2026-06-01 21:32:51.911065+00:00,0.0597,1.517,76.35,24.63,0.0787,2.0,0.484,0.631,61.0,61.0,0.09,0.114,2.392,2.77,3.747,4.269,0.0844,2.146,0.1113,2.829,0.129,0.147,cocked_rotor_2,1000.0
114480,2026-06-01 21:35:59.922821+00:00,0.0607,1.543,76.35,24.63,0.0812,2.064,0.492,0.795,61.0,58.5,0.099,0.117,2.439,2.752,3.79,5.372,0.0859,2.182,0.1149,2.919,0.129,0.148,cocked_rotor_2,1000.0
114526,2026-06-01 21:37:31.928563+00:00,0.0615,1.563,76.3,24.61,0.0782,1.987,0.529,0.495,61.0,61.0,0.094,0.116,2.545,2.671,4.108,3.404,0.087,2.211,0.1106,2.811,0.128,0.145,cocked_rotor_2,1000.0
114557,2026-06-01 21:38:33.932211+00:00,0.0621,1.577,76.35,24.63,0.0809,2.056,0.447,0.526,61.0,61.0,0.101,0.114,2.421,2.651,3.465,3.625,0.0878,2.231,0.1144,2.907,0.129,0.145,cocked_rotor_2,1000.0
114612,2026-06-01 21:40:23.939129+00:00,0.0589,1.496,76.3,24.61,0.0773,1.965,0.451,0.526,61.0,61.0,0.096,0.12,2.379,2.738,3.526,3.623,0.0833,2.116,0.1094,2.779,0.128,0.145,cocked_rotor_2,1000.0
114637,2026-06-01 21:41:36.123961+00:00,0.0524,1.331,76.63,24.79,0.1155,2.934,0.455,0.529,61.0,53.7,0.077,0.124,2.43,2.684,3.674,3.848,0.0741,1.883,0.1633,4.15,0.123,0.137,cocked_rotor_2,500.0
114678,2026-06-01 21:42:58.128994+00:00,0.061,1.551,78.04,25.58,0.1181,3.0,0.599,0.574,61.0,53.7,0.079,0.127,2.573,2.611,4.783,4.242,0.0863,2.193,0.167,4.242,0.125,0.135,cocked_rotor_2,500.0
114697,2026-06-01 21:43:36.131258+00:00,0.0555,1.412,78.23,25.68,0.1181,3.0,0.456,0.507,61.0,53.7,0.076,0.128,2.388,2.671,3.697,3.714,0.0786,1.997,0.167,4.243,0.123,0.136,cocked_rotor_2,500.0
114822,2026-06-01 21:47:46.146641+00:00,0.0536,1.361,79.56,26.42,0.1129,2.87,0.56,0.505,61.0,53.7,0.082,0.128,2.543,2.598,4.547,3.739,0.0758,1.925,0.1597,4.058,0.123,0.135,cocked_rotor_2,500.0
114863,2026-06-01 21:49:08.151594+00:00,0.0536,1.361,78.56,25.87,0.1106,2.809,0.491,0.617,61.0,53.7,0.073,0.121,2.374,2.68,3.98,4.53,0.0758,1.926,0.1564,3.973,0.123,0.136,cocked_rotor_2,500.0
114891,2026-06-01 21:50:04.155149+00:00,0.0566,1.439,78.66,25.92,0.1067,2.712,0.442,0.562,58.5,53.7,0.077,0.119,2.403,2.605,3.577,4.146,0.0801,2.035,0.1509,3.835,0.123,0.135,cocked_rotor_2,500.0
114944,2026-06-01 21:51:50.161734+00:00,0.0512,1.302,78.75,25.97,0.1116,2.837,0.388,0.524,61.0,53.7,0.075,0.129,2.327,2.52,3.177,3.891,0.0724,1.841,0.1579,4.012,0.122,0.134,cocked_rotor_2,500.0
114965,2026-06-01 21:52:32.164179+00:00,0.0678,1.724,78.8,26.0,0.1072,2.724,0.398,0.549,9.7,53.7,0.077,0.123,2.317,2.572,3.242,4.108,0.0959,2.438,0.1517,3.853,0.122,0.133,cocked_rotor_2,500.0
115016,2026-06-01 21:54:14.170612+00:00,0.0666,1.693,78.85,26.02,0.1065,2.705,0.496,0.521,61.0,53.7,0.078,0.122,2.527,2.585,4.013,3.881,0.0942,2.395,0.1506,3.826,0.123,0.134,cocked_rotor_2,500.0
115042,2026-06-01 21:55:06.173910+00:00,0.0529,1.344,78.99,26.1,0.1068,2.714,0.491,0.607,61.0,53.7,0.077,0.12,2.528,2.745,3.915,4.45,0.0748,1.9,0.1511,3.838,0.125,0.136,cocked_rotor_2,500.0
115043,2026-06-01 21:55:08.173986+00:00,0.0595,1.511,78.75,25.97,0.1046,2.659,0.417,0.433,61.0,53.7,0.077,0.123,2.318,2.426,3.426,3.248,0.0841,2.137,0.148,3.76,0.121,0.133,cocked_rotor_2,500.0
115072,2026-06-01 21:56:06.177612+00:00,0.0539,1.37,78.94,26.08,0.1103,2.803,0.477,0.525,58.5,53.7,0.077,0.123,2.321,2.61,3.856,3.883,0.0763,1.938,0.156,3.964,0.123,0.135,cocked_rotor_2,500.0
115080,2026-06-01 21:56:22.178510+00:00,0.0619,1.573,80.13,26.74,0.1023,2.6,0.421,0.458,61.0,53.7,0.074,0.115,2.381,2.55,3.382,3.404,0.0875,2.224,0.1447,3.677,0.124,0.134,cocked_rotor_2,500.0
115084,2026-06-01 21:56:30.178850+00:00,0.0576,1.465,79.08,26.16,0.1057,2.686,0.434,0.536,61.0,53.7,0.075,0.12,2.501,2.555,3.559,3.984,0.0815,2.072,0.1496,3.799,0.122,0.134,cocked_rotor_2,500.0
115116,2026-06-01 21:57:34.182737+00:00,0.0583,1.482,78.99,26.1,0.1093,2.778,0.518,0.589,61.0,53.7,0.08,0.126,2.498,2.707,4.23,4.358,0.0825,2.097,0.1547,3.929,0.122,0.135,cocked_rotor_2,500.0
115167,2026-06-01 21:59:16.188760+00:00,0.0536,1.362,78.89,26.05,0.1063,2.702,0.461,0.538,61.0,53.7,0.076,0.117,2.502,2.525,3.788,3.975,0.0758,1.927,0.1504,3.821,0.121,0.135,cocked_rotor_2,500.0
115232,2026-06-01 22:01:26.197104+00:00,0.0612,1.556,79.18,26.21,0.108,2.744,0.476,0.495,61.0,53.7,0.077,0.121,2.324,2.504,3.914,3.663,0.0866,2.201,0.1528,3.881,0.121,0.135,cocked_rotor_2,500.0
115237,2026-06-01 22:01:36.197833+00:00,0.0553,1.405,80.03,26.68,0.1077,2.736,0.425,0.608,61.0,53.7,0.078,0.12,2.361,2.671,3.522,4.551,0.0782,1.987,0.1523,3.87,0.12,0.133,cocked_rotor_2,500.0
115245,2026-06-01 22:01:52.198823+00:00,0.0581,1.475,79.04,26.13,0.1175,2.986,0.561,0.763,61.0,53.7,0.08,0.13,2.439,2.771,4.586,5.584,0.0821,2.087,0.1662,4.223,0.122,0.136,cocked_rotor_2,500.0
115262,2026-06-01 22:02:26.200932+00:00,0.0536,1.363,78.94,26.08,0.1047,2.661,0.436,0.528,61.0,53.7,0.078,0.122,2.389,2.638,3.556,3.911,0.0759,1.928,0.1482,3.764,0.122,0.135,cocked_rotor_2,500.0
115294,2026-06-01 22:03:30.205028+00:00,0.0539,1.369,78.89,26.05,0.1019,2.59,0.412,0.527,61.0,53.7,0.073,0.115,2.297,2.537,3.355,3.911,0.0762,1.937,0.1442,3.663,0.123,0.134,cocked_rotor_2,500.0
115304,2026-06-01 22:03:50.206138+00:00,0.0571,1.45,79.42,26.34,0.1113,2.827,0.475,0.535,61.0,53.7,0.08,0.129,2.373,2.644,3.908,3.956,0.0807,2.051,0.1574,3.999,0.121,0.135,cocked_rotor_2,500.0
115375,2026-06-01 22:06:12.215194+00:00,0.0581,1.477,79.23,26.23,0.1182,3.004,0.441,0.617,58.5,53.7,0.08,0.128,2.374,2.75,3.603,4.526,0.0822,2.089,0.1672,4.248,0.122,0.136,cocked_rotor_2,500.0
115421,2026-06-01 22:07:44.221063+00:00,0.0615,1.564,79.7,26.5,0.1136,2.886,0.463,0.504,58.5,53.7,0.084,0.125,2.404,2.572,3.738,3.692,0.0871,2.212,0.1607,4.082,0.124,0.136,cocked_rotor_2,500.0
115427,2026-06-01 22:07:56.222152+00:00,0.0533,1.354,78.99,26.1,0.1071,2.72,0.474,0.628,61.0,53.7,0.075,0.124,2.565,2.687,3.795,4.6,0.0754,1.915,0.1514,3.847,0.125,0.136,cocked_rotor_2,500.0
115465,2026-06-01 22:09:12.225875+00:00,0.0554,1.407,79.23,26.23,0.1113,2.828,0.541,0.585,61.0,53.7,0.075,0.121,2.498,2.618,4.381,4.326,0.0783,1.99,0.1575,4.0,0.123,0.135,cocked_rotor_2,500.0
115502,2026-06-01 22:10:26.231374+00:00,0.0573,1.456,80.18,26.76,0.1124,2.856,0.474,0.564,61.0,53.7,0.078,0.127,2.531,2.677,3.828,4.208,0.081,2.059,0.159,4.039,0.124,0.134,cocked_rotor_2,500.0
115529,2026-06-01 22:11:20.234519+00:00,0.0584,1.483,79.18,26.21,0.1165,2.959,0.565,0.574,61.0,53.7,0.08,0.127,2.509,2.699,4.647,4.313,0.0826,2.098,0.1648,4.185,0.121,0.133,cocked_rotor_2,500.0
115580,2026-06-01 22:13:02.240832+00:00,0.0577,1.468,79.51,26.39,0.1169,2.969,0.458,0.616,61.0,53.7,0.077,0.129,2.41,2.923,3.662,4.429,0.0817,2.076,0.1653,4.2,0.125,0.139,cocked_rotor_2,500.0
115636,2026-06-01 22:21:32.117125+00:00,0.0585,1.488,82.14,27.85,0.1025,2.603,0.417,0.633,61.0,58.5,0.072,0.115,2.378,2.833,3.465,4.769,0.0828,2.104,0.1449,3.682,0.12,0.132,eccentric_rotor_2,500.0
115666,2026-06-01 22:22:32.120347+00:00,0.0621,1.578,81.47,27.48,0.1014,2.576,0.452,0.459,9.7,58.5,0.071,0.117,2.407,2.514,3.74,3.492,0.0878,2.231,0.1434,3.643,0.121,0.131,eccentric_rotor_2,500.0
115673,2026-06-01 22:22:46.120959+00:00,0.0598,1.52,81.18,27.32,0.1036,2.633,0.507,0.59,58.5,58.5,0.073,0.117,2.535,2.77,4.178,4.392,0.0846,2.15,0.1466,3.724,0.121,0.134,eccentric_rotor_2,500.0
115674,2026-06-01 22:22:48.120986+00:00,0.0598,1.52,81.18,27.32,0.1036,2.633,0.507,0.59,58.5,58.5,0.073,0.117,2.535,2.77,4.178,4.392,0.0846,2.15,0.1466,3.724,0.121,0.134,eccentric_rotor_2,500.0
115685,2026-06-01 22:23:10.121208+00:00,0.0549,1.394,81.8,27.67,0.0911,2.315,0.491,0.564,61.0,56.1,0.067,0.105,2.467,2.724,3.989,4.183,0.0776,1.972,0.1289,3.275,0.123,0.134,eccentric_rotor_2,500.0
115724,2026-06-01 22:24:28.126586+00:00,0.0613,1.557,80.08,26.71,0.1131,2.873,0.439,0.461,58.5,58.5,0.074,0.121,2.401,2.491,3.613,3.438,0.0867,2.202,0.1599,4.063,0.121,0.134,eccentric_rotor_2,500.0
115766,2026-06-01 22:25:52.131445+00:00,0.0643,1.633,79.37,26.31,0.0896,2.276,0.463,0.567,9.7,56.1,0.069,0.104,2.428,2.683,3.747,4.171,0.0909,2.31,0.1267,3.219,0.123,0.136,eccentric_rotor_2,500.0
115774,2026-06-01 22:26:08.132032+00:00,0.0559,1.42,79.42,26.34,0.0815,2.071,0.39,0.513,61.0,56.1,0.069,0.099,2.349,2.554,3.233,3.841,0.0791,2.009,0.1153,2.929,0.12,0.133,eccentric_rotor_2,500.0
115816,2026-06-01 22:27:32.136649+00:00,0.0627,1.593,79.46,26.37,0.0919,2.336,0.457,0.52,9.7,56.1,0.069,0.1,2.469,2.797,3.689,3.799,0.0887,2.253,0.13,3.304,0.124,0.137,eccentric_rotor_2,500.0
115825,2026-06-01 22:27:50.137285+00:00,0.0584,1.484,80.7,27.05,0.1027,2.609,0.439,0.542,61.0,56.1,0.074,0.113,2.483,2.539,3.601,4.117,0.0826,2.098,0.1452,3.689,0.122,0.131,eccentric_rotor_2,500.0
115873,2026-06-01 22:29:26.143192+00:00,0.0588,1.493,78.56,25.87,0.1155,2.934,0.427,0.657,58.5,58.5,0.072,0.126,2.398,2.702,3.436,4.889,0.0831,2.112,0.1633,4.15,0.124,0.134,eccentric_rotor_2,500.0
115888,2026-06-01 22:29:56.144972+00:00,0.061,1.551,78.66,25.92,0.0849,2.158,0.525,0.555,9.7,56.1,0.067,0.104,2.442,2.636,4.296,4.14,0.0863,2.193,0.1201,3.052,0.122,0.134,eccentric_rotor_2,500.0
115911,2026-06-01 22:30:42.144402+00:00,0.0608,1.546,78.52,25.84,0.0931,2.365,0.539,0.602,61.0,56.1,0.071,0.109,2.422,2.736,4.395,4.454,0.0861,2.187,0.1316,3.345,0.122,0.135,eccentric_rotor_2,500.0
115913,2026-06-01 22:30:46.147937+00:00,0.0599,1.522,78.89,26.05,0.12,3.049,0.395,0.45,58.5,58.5,0.072,0.132,2.51,2.461,3.193,3.337,0.0847,2.153,0.1698,4.313,0.123,0.134,eccentric_rotor_2,500.0
115918,2026-06-01 22:30:56.148574+00:00,0.0754,1.915,78.56,25.87,0.1117,2.839,0.509,0.534,9.7,58.5,0.075,0.125,2.364,2.481,4.076,3.971,0.1066,2.708,0.158,4.015,0.125,0.134,eccentric_rotor_2,500.0
115920,2026-06-01 22:31:00.148771+00:00,0.0653,1.66,78.37,25.76,0.0882,2.242,0.427,0.443,9.7,56.1,0.067,0.103,2.352,2.45,3.471,3.325,0.0924,2.348,0.1248,3.171,0.123,0.133,eccentric_rotor_2,500.0
115944,2026-06-01 22:31:48.151529+00:00,0.0595,1.511,79.51,26.39,0.1144,2.906,0.54,0.505,58.5,58.5,0.071,0.127,2.487,2.44,4.338,3.731,0.0841,2.137,0.1618,4.11,0.124,0.135,eccentric_rotor_2,500.0
116015,2026-06-01 22:34:10.159918+00:00,0.0548,1.392,78.28,25.71,0.0973,2.472,0.453,0.544,61.0,56.1,0.064,0.107,2.377,2.595,3.64,4.044,0.0775,1.969,0.1376,3.496,0.124,0.134,eccentric_rotor_2,500.0
116030,2026-06-01 22:34:40.161941+00:00,0.0734,1.864,78.33,25.73,0.0902,2.292,0.46,0.507,9.7,56.1,0.07,0.108,2.522,2.574,3.721,3.782,0.1038,2.637,0.1276,3.241,0.123,0.134,eccentric_rotor_2,500.0
116094,2026-06-01 22:36:48.169457+00:00,0.0552,1.403,78.52,25.84,0.0979,2.488,0.451,0.625,61.0,56.1,0.073,0.112,2.373,2.857,3.686,4.636,0.0781,1.985,0.1385,3.519,0.122,0.135,eccentric_rotor_2,500.0
116143,2026-06-01 22:38:26.173664+00:00,0.0495,1.257,78.28,25.71,0.0894,2.273,0.436,0.498,61.0,56.1,0.071,0.101,2.42,2.529,3.475,3.651,0.07,1.778,0.1265,3.214,0.125,0.136,eccentric_rotor_2,500.0
116234,2026-06-01 22:41:28.185606+00:00,0.0561,1.426,78.23,25.68,0.096,2.438,0.636,0.618,61.0,56.1,0.069,0.107,2.588,2.693,5.112,4.535,0.0794,2.017,0.1357,3.449,0.124,0.136,eccentric_rotor_2,500.0
116266,2026-06-01 22:42:32.189204+00:00,0.0531,1.351,79.08,26.16,0.0783,1.99,0.438,0.487,9.7,56.1,0.065,0.095,2.412,2.611,3.564,3.582,0.0752,1.91,0.1108,2.814,0.123,0.136,eccentric_rotor_2,500.0
116317,2026-06-01 22:44:14.194854+00:00,0.0612,1.555,78.37,25.76,0.0978,2.485,0.397,0.518,9.7,56.1,0.069,0.106,2.313,2.65,3.254,3.806,0.0865,2.199,0.1383,3.514,0.122,0.136,eccentric_rotor_2,500.0
116340,2026-06-01 22:45:00.196780+00:00,0.0651,1.655,78.37,25.76,0.1179,2.996,0.407,0.649,58.5,58.5,0.076,0.125,2.381,2.745,3.32,4.711,0.0921,2.34,0.1668,4.237,0.122,0.137,eccentric_rotor_2,500.0
116349,2026-06-01 22:45:18.196967+00:00,0.0542,1.379,79.51,26.39,0.0955,2.427,0.434,0.522,61.0,56.1,0.067,0.113,2.389,2.643,3.533,3.828,0.0767,1.95,0.1351,3.433,0.122,0.136,eccentric_rotor_2,500.0
116368,2026-06-01 22:45:56.200829+00:00,0.0654,1.663,78.37,25.76,0.128,3.252,0.414,0.525,58.5,58.5,0.076,0.134,2.422,2.515,3.365,3.911,0.0926,2.352,0.181,4.599,0.123,0.134,eccentric_rotor_2,500.0
116394,2026-06-01 22:46:48.203050+00:00,0.0754,1.915,78.52,25.84,0.0808,2.052,0.45,0.562,9.7,56.1,0.069,0.1,2.442,2.627,3.599,4.138,0.1066,2.709,0.1142,2.902,0.125,0.135,eccentric_rotor_2,500.0
116403,2026-06-01 22:47:06.205285+00:00,0.07,1.778,78.37,25.76,0.1138,2.891,0.468,0.579,9.7,56.1,0.071,0.126,2.336,2.632,3.771,4.268,0.099,2.515,0.1609,4.088,0.124,0.135,eccentric_rotor_2,500.0
116416,2026-06-01 22:47:32.207007+00:00,0.0505,1.283,78.75,25.97,0.0952,2.418,0.504,0.533,61.0,56.1,0.068,0.104,2.486,2.556,4.111,3.951,0.0714,1.815,0.1346,3.42,0.122,0.135,eccentric_rotor_2,500.0
116464,2026-06-01 22:49:08.213802+00:00,0.0567,1.441,78.42,25.79,0.1116,2.836,0.399,0.466,61.0,58.5,0.069,0.119,2.392,2.587,3.249,3.42,0.0802,2.038,0.1579,4.011,0.122,0.136,eccentric_rotor_2,500.0
116522,2026-06-01 22:51:04.221665+00:00,0.0532,1.351,78.47,25.81,0.1093,2.778,0.56,0.676,61.0,56.1,0.067,0.105,2.565,2.703,4.5,4.987,0.0752,1.911,0.1547,3.929,0.124,0.135,eccentric_rotor_2,500.0
116534,2026-06-01 22:51:28.223121+00:00,0.0605,1.538,78.71,25.95,0.113,2.872,0.452,0.574,61.0,56.1,0.074,0.119,2.382,2.458,3.565,4.175,0.0856,2.176,0.1599,4.061,0.126,0.137,eccentric_rotor_2,500.0
116623,2026-06-01 23:01:07.547029+00:00,0.066,1.677,79.75,26.53,0.0959,2.436,0.456,0.536,58.5,61.0,0.088,0.119,2.42,2.651,3.616,3.75,0.0933,2.371,0.1356,3.445,0.126,0.143,eccentric_rotor_2,1000.0
116627,2026-06-01 23:01:15.559922+00:00,0.0713,1.813,79.46,26.37,0.0838,2.129,0.446,0.481,17.0,61.0,0.086,0.114,2.519,2.678,3.59,3.422,0.1009,2.564,0.1185,3.012,0.124,0.14,eccentric_rotor_2,1000.0
116695,2026-06-01 23:03:31.566606+00:00,0.0671,1.705,77.0,25.0,0.0889,2.259,0.437,0.493,17.0,61.0,0.089,0.117,2.405,2.642,3.472,3.519,0.0949,2.412,0.1257,3.194,0.125,0.14,eccentric_rotor_2,1000.0
116712,2026-06-01 23:04:05.569738+00:00,0.0664,1.686,76.82,24.9,0.0774,1.968,0.442,0.597,61.0,61.0,0.084,0.105,2.416,2.747,3.504,4.214,0.0939,2.385,0.1095,2.783,0.126,0.141,eccentric_rotor_2,1000.0
116739,2026-06-01 23:04:59.572793+00:00,0.0649,1.649,76.77,24.87,0.0769,1.954,0.506,0.579,61.0,61.0,0.084,0.11,2.466,2.779,3.963,4.023,0.0918,2.333,0.1088,2.763,0.127,0.144,eccentric_rotor_2,1000.0
116812,2026-06-01 23:07:25.581399+00:00,0.0627,1.595,76.2,24.56,0.0865,2.197,0.492,0.537,17.0,61.0,0.086,0.102,2.388,2.638,3.856,3.746,0.0888,2.255,0.1223,3.108,0.127,0.143,eccentric_rotor_2,1000.0
116817,2026-06-01 23:07:35.582041+00:00,0.0686,1.744,76.3,24.61,0.0732,1.861,0.44,0.51,61.0,61.0,0.084,0.108,2.421,2.666,3.448,3.471,0.0971,2.466,0.1036,2.632,0.127,0.146,eccentric_rotor_2,1000.0
116848,2026-06-01 23:08:37.585711+00:00,0.0678,1.723,75.97,24.43,0.0776,1.973,0.443,0.595,17.0,61.0,0.089,0.114,2.456,2.677,3.443,4.12,0.0959,2.437,0.1098,2.79,0.128,0.144,eccentric_rotor_2,1000.0
116863,2026-06-01 23:09:07.587356+00:00,0.0671,1.705,77.48,25.26,0.0752,1.91,0.483,0.52,61.0,61.0,0.087,0.111,2.363,2.475,3.774,3.651,0.0949,2.411,0.1063,2.701,0.128,0.142,eccentric_rotor_2,1000.0
116892,2026-06-01 23:10:05.591017+00:00,0.0719,1.827,75.88,24.37,0.0727,1.848,0.423,0.564,17.0,61.0,0.09,0.113,2.43,2.611,3.312,3.963,0.1017,2.584,0.1029,2.613,0.127,0.142,eccentric_rotor_2,1000.0
116920,2026-06-01 23:11:01.594337+00:00,0.0591,1.501,75.78,24.32,0.0766,1.947,0.52,0.571,61.0,61.0,0.08,0.107,2.505,2.76,4.057,3.994,0.0836,2.123,0.1084,2.754,0.128,0.143,eccentric_rotor_2,1000.0
116952,2026-06-01 23:12:05.598298+00:00,0.0662,1.681,75.78,24.32,0.0793,2.014,0.439,0.557,58.5,61.0,0.089,0.111,2.445,2.643,3.402,3.878,0.0936,2.378,0.1121,2.848,0.129,0.143,eccentric_rotor_2,1000.0
116981,2026-06-01 23:13:03.601720+00:00,0.0719,1.826,75.92,24.4,0.0859,2.182,0.478,0.493,17.0,61.0,0.091,0.116,2.401,2.629,3.746,3.399,0.1016,2.583,0.1215,3.086,0.127,0.145,eccentric_rotor_2,1000.0
116982,2026-06-01 23:13:05.601833+00:00,0.0748,1.901,75.92,24.4,0.0835,2.122,0.478,0.541,17.0,61.0,0.096,0.111,2.443,2.684,3.716,3.706,0.1058,2.689,0.1181,3.001,0.128,0.146,eccentric_rotor_2,1000.0
117033,2026-06-01 23:14:47.607950+00:00,0.0676,1.719,76.68,24.82,0.0819,2.08,0.567,0.634,17.0,61.0,0.091,0.113,2.694,2.86,4.304,4.366,0.0957,2.431,0.1158,2.942,0.131,0.145,eccentric_rotor_2,1000.0
117113,2026-06-01 23:17:27.617542+00:00,0.0619,1.573,75.59,24.22,0.0779,1.98,0.495,0.507,61.0,61.0,0.082,0.108,2.54,2.673,3.88,3.51,0.0876,2.225,0.1102,2.801,0.127,0.144,eccentric_rotor_2,1000.0
117169,2026-06-01 23:19:19.624550+00:00,0.0583,1.482,75.78,24.32,0.0735,1.867,0.554,0.557,61.0,61.0,0.083,0.103,2.452,2.664,4.331,3.865,0.0825,2.097,0.1039,2.64,0.128,0.144,eccentric_rotor_2,1000.0
117204,2026-06-01 23:20:29.628452+00:00,0.0848,2.154,75.83,24.35,0.0795,2.02,0.442,0.51,17.0,61.0,0.079,0.103,2.496,2.565,3.428,3.557,0.1199,3.046,0.1124,2.857,0.129,0.143,eccentric_rotor_2,1000.0
117205,2026-06-01 23:20:31.628681+00:00,0.0714,1.815,76.86,24.92,0.0747,1.898,0.454,0.717,17.0,61.0,0.084,0.105,2.449,2.783,3.56,4.964,0.1011,2.567,0.1057,2.684,0.127,0.144,eccentric_rotor_2,1000.0
117222,2026-06-01 23:21:05.630505+00:00,0.0588,1.493,75.5,24.16,0.0944,2.397,0.459,0.502,61.0,61.0,0.087,0.115,2.5,2.561,3.553,3.497,0.0831,2.112,0.1335,3.391,0.129,0.143,eccentric_rotor_2,1000.0
117287,2026-06-01 23:23:15.638675+00:00,0.066,1.677,75.59,24.22,0.0751,1.91,0.428,0.598,61.0,61.0,0.086,0.103,2.426,2.839,3.34,4.132,0.0933,2.372,0.1063,2.701,0.128,0.144,eccentric_rotor_2,1000.0
117316,2026-06-01 23:24:13.641893+00:00,0.0727,1.847,75.5,24.16,0.0784,1.992,0.456,0.507,17.0,61.0,0.087,0.108,2.483,2.609,3.512,3.488,0.1028,2.612,0.1109,2.817,0.129,0.145,eccentric_rotor_2,1000.0
117385,2026-06-01 23:26:31.649507+00:00,0.0708,1.798,75.45,24.14,0.0866,2.2,0.438,0.533,17.0,61.0,0.082,0.103,2.538,2.679,3.398,3.672,0.1001,2.543,0.1225,3.111,0.129,0.145,eccentric_rotor_2,1000.0
117423,2026-06-01 23:27:47.654056+00:00,0.0723,1.837,75.41,24.11,0.0716,1.819,0.446,0.503,17.0,61.0,0.088,0.112,2.499,2.533,3.454,3.445,0.1023,2.598,0.1013,2.573,0.129,0.146,eccentric_rotor_2,1000.0
117439,2026-06-01 23:28:19.655818+00:00,0.0695,1.766,75.45,24.14,0.0751,1.909,0.541,0.56,17.0,61.0,0.084,0.104,2.534,2.585,4.169,3.884,0.0983,2.497,0.1063,2.701,0.129,0.144,eccentric_rotor_2,1000.0
117442,2026-06-01 23:28:25.656085+00:00,0.0743,1.887,75.45,24.14,0.0769,1.954,0.439,0.506,17.0,61.0,0.084,0.105,2.458,2.542,3.42,3.532,0.105,2.669,0.1088,2.763,0.128,0.143,eccentric_rotor_2,1000.0
117452,2026-06-01 23:28:45.657386+00:00,0.0657,1.669,75.74,24.3,0.0732,1.859,0.486,0.548,61.0,58.5,0.084,0.101,2.43,2.657,3.736,3.763,0.0929,2.361,0.1035,2.629,0.13,0.145,eccentric_rotor_2,1000.0
117464,2026-06-01 23:29:09.658781+00:00,0.0796,2.024,75.5,24.16,0.0832,2.115,0.424,0.479,17.0,61.0,0.084,0.109,2.364,2.432,3.292,3.363,0.1127,2.862,0.1177,2.991,0.128,0.142,eccentric_rotor_2,1000.0
117543,2026-06-01 23:31:47.667949+00:00,0.0646,1.642,75.41,24.11,0.0807,2.05,0.478,0.559,17.0,61.0,0.083,0.102,2.574,2.686,3.639,3.778,0.0914,2.322,0.1141,2.9,0.131,0.148,eccentric_rotor_2,1000.0
117693,2026-06-01 23:50:23.892428+00:00,0.0608,1.544,73.86,23.25,0.102,2.592,0.552,0.907,61.0,34.1,0.114,0.138,2.673,3.012,3.45,3.773,0.086,2.184,0.1443,3.666,0.16,0.24,eccentric_rotor_2,2000.0
117721,2026-06-01 23:51:19.894806+00:00,0.0765,1.943,73.77,23.2,0.1159,2.945,0.519,0.888,61.0,34.1,0.125,0.146,2.794,2.861,3.269,3.575,0.1082,2.749,0.164,4.166,0.158,0.248,eccentric_rotor_2,2000.0
117723,2026-06-01 23:51:23.895792+00:00,0.0663,1.685,74.14,23.41,0.1097,2.787,0.612,0.843,9.7,34.1,0.105,0.136,2.842,2.913,3.86,3.54,0.0938,2.383,0.1552,3.942,0.158,0.238,eccentric_rotor_2,2000.0
117754,2026-06-01 23:52:25.899235+00:00,0.068,1.729,73.49,23.05,0.1203,3.057,0.49,0.868,61.0,34.1,0.118,0.144,2.788,2.969,3.092,3.536,0.0962,2.445,0.1702,4.324,0.158,0.245,eccentric_rotor_2,2000.0
117864,2026-06-01 23:56:05.912271+00:00,0.0742,1.886,73.3,22.94,0.1162,2.951,0.595,0.848,61.0,34.1,0.123,0.154,2.753,2.811,3.854,3.507,0.105,2.667,0.1643,4.174,0.154,0.241,eccentric_rotor_2,2000.0
117882,2026-06-01 23:56:41.914331+00:00,0.0745,1.892,74.19,23.44,0.1281,3.256,0.562,0.997,61.0,34.1,0.127,0.163,2.654,3.093,3.534,4.096,0.1053,2.677,0.1812,4.604,0.159,0.243,eccentric_rotor_2,2000.0
117942,2026-06-01 23:58:41.920131+00:00,0.079,2.006,75.17,23.98,0.129,3.277,0.596,0.885,61.0,34.1,0.14,0.172,2.787,2.963,3.721,3.565,0.1117,2.838,0.1825,4.635,0.16,0.248,eccentric_rotor_2,2000.0
118028,2026-06-02 00:01:33.930246+00:00,0.0654,1.663,73.82,23.23,0.1151,2.925,0.551,0.914,61.0,34.1,0.11,0.137,2.783,3.037,3.447,3.76,0.0926,2.352,0.1628,4.136,0.159,0.243,eccentric_rotor_2,2000.0
118035,2026-06-02 00:01:47.932269+00:00,0.0619,1.572,74.0,23.33,0.1281,3.254,0.492,1.016,61.0,34.1,0.115,0.146,2.737,3.083,3.152,4.189,0.0875,2.224,0.1811,4.602,0.156,0.242,eccentric_rotor_2,2000.0
118087,2026-06-02 00:03:31.938610+00:00,0.0613,1.559,73.44,23.02,0.1206,3.064,0.516,0.935,61.0,34.1,0.115,0.15,2.756,2.875,3.291,3.752,0.0868,2.204,0.1706,4.334,0.156,0.249,eccentric_rotor_2,2000.0
118092,2026-06-02 00:03:41.939165+00:00,0.082,2.084,73.49,23.05,0.1202,3.054,0.566,0.953,136.7,34.1,0.154,0.177,2.676,2.922,3.504,3.809,0.116,2.947,0.17,4.319,0.161,0.25,eccentric_rotor_2,2000.0
118115,2026-06-02 00:04:27.941803+00:00,0.071,1.804,73.49,23.05,0.1117,2.837,0.587,0.886,61.0,34.1,0.129,0.148,2.715,2.979,3.755,3.709,0.1004,2.551,0.1579,4.012,0.156,0.239,eccentric_rotor_2,2000.0
118135,2026-06-02 00:05:07.944342+00:00,0.0733,1.863,73.49,23.05,0.1298,3.298,0.607,1.004,61.0,34.1,0.116,0.146,2.844,3.032,3.829,4.009,0.1037,2.634,0.1836,4.664,0.158,0.25,eccentric_rotor_2,2000.0
118156,2026-06-02 00:05:49.946690+00:00,0.0736,1.87,73.49,23.05,0.1322,3.359,0.543,0.883,61.0,34.1,0.137,0.18,2.697,2.98,3.444,3.599,0.1041,2.644,0.187,4.751,0.157,0.245,eccentric_rotor_2,2000.0
118177,2026-06-02 00:06:31.949076+00:00,0.0649,1.648,73.49,23.05,0.1065,2.707,0.541,0.922,61.0,34.1,0.116,0.137,2.751,2.904,3.48,3.672,0.0918,2.331,0.1507,3.828,0.155,0.251,eccentric_rotor_2,2000.0
118189,2026-06-02 00:06:55.948472+00:00,0.0685,1.74,73.4,23.0,0.1366,3.471,0.578,0.913,61.0,53.7,0.132,0.162,2.773,2.953,3.645,3.723,0.0969,2.461,0.1932,4.909,0.158,0.245,eccentric_rotor_2,2000.0
118213,2026-06-02 00:07:43.954208+00:00,0.0748,1.901,73.49,23.05,0.1258,3.196,0.583,0.916,61.0,34.1,0.138,0.167,2.76,3.008,3.686,3.697,0.1058,2.689,0.1779,4.521,0.158,0.247,eccentric_rotor_2,2000.0
118273,2026-06-02 00:09:43.960726+00:00,0.0759,1.93,73.63,23.13,0.1329,3.377,0.58,1.013,61.0,34.1,0.141,0.178,2.692,2.844,3.674,4.107,0.1074,2.729,0.188,4.776,0.157,0.246,eccentric_rotor_2,2000.0
118288,2026-06-02 00:10:13.963392+00:00,0.0745,1.892,73.91,23.28,0.1198,3.043,0.611,0.893,61.0,61.0,0.135,0.175,2.9,2.933,3.851,3.616,0.1053,2.676,0.1694,4.303,0.158,0.247,eccentric_rotor_2,2000.0
118334,2026-06-02 00:11:45.967690+00:00,0.074,1.88,74.33,23.51,0.1324,3.365,0.669,0.949,136.7,9.7,0.139,0.181,2.852,3.077,4.228,3.873,0.1046,2.659,0.1873,4.759,0.158,0.245,eccentric_rotor_2,2000.0
118348,2026-06-02 00:12:13.969356+00:00,0.076,1.931,74.14,23.41,0.1258,3.197,0.553,0.804,58.5,34.1,0.132,0.174,2.572,2.949,3.59,3.376,0.1075,2.732,0.178,4.522,0.154,0.238,eccentric_rotor_2,2000.0
118358,2026-06-02 00:12:33.970492+00:00,0.0795,2.02,73.72,23.18,0.1315,3.34,0.566,0.838,58.5,9.7,0.138,0.166,2.745,2.789,3.604,3.342,0.1124,2.857,0.1859,4.724,0.157,0.25,eccentric_rotor_2,2000.0
118386,2026-06-02 00:13:29.973863+00:00,0.0677,1.72,73.91,23.28,0.1182,3.003,0.495,0.877,61.0,34.1,0.131,0.158,2.679,2.859,3.106,3.555,0.0957,2.432,0.1672,4.246,0.159,0.246,eccentric_rotor_2,2000.0
118461,2026-06-02 00:15:59.981268+00:00,0.0669,1.7,73.91,23.28,0.1295,3.29,0.582,1.012,61.0,34.1,0.123,0.159,2.755,2.93,3.679,4.057,0.0946,2.404,0.1832,4.653,0.158,0.249,eccentric_rotor_2,2000.0
118491,2026-06-02 00:16:59.985985+00:00,0.067,1.703,73.86,23.25,0.1149,2.92,0.509,1.079,61.0,34.1,0.123,0.15,2.847,2.96,3.259,4.275,0.0948,2.408,0.1626,4.13,0.156,0.252,eccentric_rotor_2,2000.0
118505,2026-06-02 00:17:27.987556+00:00,0.0736,1.871,73.77,23.2,0.1233,3.132,0.522,0.922,61.0,34.1,0.122,0.155,2.79,2.803,3.332,3.621,0.1041,2.646,0.1743,4.429,0.156,0.254,eccentric_rotor_2,2000.0
118511,2026-06-02 00:17:39.988152+00:00,0.073,1.855,74.05,23.36,0.124,3.151,0.579,0.889,61.0,34.1,0.144,0.173,2.795,2.849,3.678,3.698,0.1032,2.623,0.1754,4.457,0.157,0.24,eccentric_rotor_2,2000.0
118611,2026-06-02 00:21:00.000117+00:00,0.074,1.879,73.96,23.31,0.1244,3.161,0.603,0.949,61.0,34.1,0.125,0.158,2.833,2.91,3.867,3.858,0.1046,2.658,0.176,4.47,0.156,0.246,eccentric_rotor_2,2000.0
118622,2026-06-02 00:28:22.700828+00:00,0.0529,1.346,81.04,27.24,0.0932,2.369,0.466,0.554,61.0,53.7,0.071,0.108,2.492,2.68,3.817,4.149,0.0749,1.903,0.1319,3.35,0.122,0.133,desbalanceado_1parafuso,500.0
118623,2026-06-02 00:28:24.700916+00:00,0.0622,1.582,81.08,27.27,0.1035,2.629,0.395,0.559,9.7,53.7,0.071,0.117,2.394,2.714,3.271,4.273,0.0881,2.237,0.1463,3.717,0.12,0.13,desbalanceado_1parafuso,500.0
118647,2026-06-02 00:29:12.715627+00:00,0.0593,1.508,80.7,27.05,0.1049,2.664,0.451,0.455,9.7,53.7,0.07,0.119,2.393,2.673,3.72,3.4,0.0839,2.132,0.1483,3.768,0.121,0.133,desbalanceado_1parafuso,500.0
118710,2026-06-02 00:31:18.721160+00:00,0.053,1.346,79.51,26.39,0.1132,2.876,0.437,0.599,61.0,53.7,0.073,0.125,2.452,2.67,3.566,4.481,0.0749,1.903,0.1601,4.068,0.122,0.133,desbalanceado_1parafuso,500.0
118711,2026-06-02 00:31:20.722703+00:00,0.053,1.346,79.51,26.39,0.1132,2.876,0.437,0.599,61.0,53.7,0.073,0.125,2.452,2.67,3.566,4.481,0.0749,1.903,0.1601,4.068,0.122,0.133,desbalanceado_1parafuso,500.0
118725,2026-06-02 00:31:48.724190+00:00,0.0568,1.444,79.23,26.23,0.1044,2.652,0.553,0.691,9.7,53.7,0.066,0.114,2.46,2.851,4.529,5.103,0.0804,2.042,0.1477,3.751,0.122,0.135,desbalanceado_1parafuso,500.0
118736,2026-06-02 00:32:10.725329+00:00,0.0569,1.447,79.56,26.42,0.1136,2.887,0.372,0.606,61.0,53.7,0.072,0.12,2.319,2.79,3.02,4.534,0.0806,2.047,0.1607,4.083,0.123,0.133,desbalanceado_1parafuso,500.0
118806,2026-06-02 00:34:30.733196+00:00,0.0553,1.406,78.52,25.84,0.1198,3.042,0.458,0.532,61.0,53.7,0.07,0.124,2.375,2.432,3.72,3.944,0.0783,1.989,0.1694,4.303,0.123,0.135,desbalanceado_1parafuso,500.0
118859,2026-06-02 00:36:16.739282+00:00,0.0612,1.556,78.28,25.71,0.1075,2.732,0.542,0.577,61.0,53.7,0.075,0.122,2.465,2.691,4.331,4.234,0.0866,2.2,0.1521,3.864,0.125,0.136,desbalanceado_1parafuso,500.0
118928,2026-06-02 00:38:34.747226+00:00,0.0577,1.467,78.94,26.08,0.1119,2.844,0.598,0.555,61.0,53.7,0.074,0.121,2.562,2.612,4.83,4.13,0.0816,2.074,0.1583,4.022,0.123,0.134,desbalanceado_1parafuso,500.0
119004,2026-06-02 00:41:06.755816+00:00,0.0598,1.521,78.09,25.6,0.1118,2.841,0.452,0.562,61.0,53.7,0.072,0.121,2.324,2.501,3.682,4.153,0.0847,2.151,0.1582,4.018,0.122,0.135,desbalanceado_1parafuso,500.0
119010,2026-06-02 00:41:18.756456+00:00,0.0579,1.473,78.75,25.97,0.1123,2.852,0.391,0.506,58.5,53.7,0.07,0.12,2.28,2.556,3.205,3.727,0.082,2.083,0.1588,4.034,0.122,0.135,desbalanceado_1parafuso,500.0
119020,2026-06-02 00:41:38.757741+00:00,0.0576,1.465,78.18,25.66,0.107,2.719,0.486,0.543,61.0,53.7,0.071,0.119,2.426,2.585,3.914,3.95,0.0815,2.072,0.1514,3.846,0.124,0.137,desbalanceado_1parafuso,500.0
119069,2026-06-02 00:43:16.766941+00:00,0.0648,1.647,78.09,25.6,0.1082,2.748,0.405,0.488,61.0,53.7,0.068,0.116,2.353,2.489,3.338,3.667,0.0917,2.329,0.153,3.886,0.121,0.133,desbalanceado_1parafuso,500.0
119072,2026-06-02 00:43:22.767236+00:00,0.0495,1.259,78.0,25.55,0.1077,2.737,0.476,0.622,61.0,53.7,0.071,0.118,2.476,2.676,3.828,4.51,0.0701,1.781,0.1524,3.871,0.124,0.138,desbalanceado_1parafuso,500.0
119186,2026-06-02 00:47:10.780426+00:00,0.0559,1.422,78.09,25.6,0.1043,2.65,0.47,0.469,61.0,53.7,0.071,0.114,2.346,2.534,3.853,3.484,0.0791,2.011,0.1475,3.748,0.122,0.134,desbalanceado_1parafuso,500.0
119203,2026-06-02 00:47:44.782574+00:00,0.0532,1.353,78.04,25.58,0.1032,2.621,0.427,0.522,61.0,53.7,0.071,0.114,2.429,2.624,3.42,3.834,0.0753,1.913,0.1459,3.707,0.124,0.136,desbalanceado_1parafuso,500.0
119205,2026-06-02 00:47:48.782580+00:00,0.0523,1.33,79.32,26.29,0.1016,2.582,0.519,0.58,61.0,53.7,0.07,0.114,2.492,2.547,4.139,4.274,0.074,1.881,0.1437,3.652,0.125,0.135,desbalanceado_1parafuso,500.0
119262,2026-06-02 00:49:42.789031+00:00,0.0536,1.363,78.37,25.76,0.1073,2.725,0.451,0.505,61.0,53.7,0.069,0.117,2.35,2.522,3.664,3.744,0.0759,1.928,0.1517,3.855,0.123,0.134,desbalanceado_1parafuso,500.0
119334,2026-06-02 00:52:06.797329+00:00,0.0608,1.545,78.0,25.55,0.1057,2.685,0.466,0.652,9.7,53.7,0.07,0.114,2.249,2.696,3.732,4.783,0.086,2.186,0.1495,3.797,0.124,0.136,desbalanceado_1parafuso,500.0
119352,2026-06-02 00:52:42.799359+00:00,0.0534,1.358,78.04,25.58,0.1075,2.732,0.455,0.562,61.0,53.7,0.072,0.119,2.351,2.572,3.673,4.125,0.0756,1.92,0.1521,3.864,0.124,0.136,desbalanceado_1parafuso,500.0
119384,2026-06-02 00:53:46.803248+00:00,0.0547,1.39,78.04,25.58,0.1038,2.638,0.51,0.575,61.0,53.7,0.073,0.116,2.472,2.604,4.149,4.237,0.0774,1.966,0.1469,3.731,0.123,0.135,desbalanceado_1parafuso,500.0
119470,2026-06-02 00:56:38.812846+00:00,0.0568,1.443,79.32,26.29,0.1063,2.7,0.509,0.536,61.0,53.7,0.069,0.117,2.36,2.536,4.116,3.993,0.0803,2.042,0.1503,3.819,0.123,0.134,desbalanceado_1parafuso,500.0
119627,2026-06-02 01:02:08.191393+00:00,0.0614,1.56,78.23,25.68,0.1039,2.641,0.528,0.527,9.7,53.7,0.069,0.11,2.383,2.597,4.239,3.817,0.0868,2.206,0.147,3.735,0.124,0.138,desbalanceado_1parafuso,500.0
119653,2026-06-02 01:03:00.195492+00:00,0.0548,1.392,78.18,25.66,0.1143,2.905,0.54,0.567,61.0,53.7,0.071,0.127,2.452,2.712,4.307,4.202,0.0775,1.969,0.1617,4.109,0.125,0.135,desbalanceado_1parafuso,500.0
119672,2026-06-02 01:03:38.197616+00:00,0.0649,1.649,78.18,25.66,0.1082,2.749,0.494,0.484,61.0,53.7,0.072,0.12,2.472,2.627,4.015,3.624,0.0918,2.332,0.153,3.887,0.123,0.133,desbalanceado_1parafuso,500.0
119698,2026-06-02 01:04:30.200615+00:00,0.0577,1.466,78.18,25.66,0.1071,2.722,0.463,0.606,61.0,53.7,0.071,0.118,2.44,2.685,3.702,4.466,0.0816,2.073,0.1515,3.85,0.125,0.135,desbalanceado_1parafuso,500.0
119709,2026-06-02 01:04:52.200083+00:00,0.0547,1.39,78.33,25.73,0.1148,2.917,0.442,0.463,61.0,53.7,0.072,0.124,2.357,2.499,3.6,3.42,0.0774,1.966,0.1624,4.125,0.122,0.135,desbalanceado_1parafuso,500.0
119734,2026-06-02 01:05:42.204627+00:00,0.0547,1.39,78.94,26.08,0.1061,2.697,0.52,0.556,61.0,53.7,0.068,0.114,2.398,2.471,4.233,4.186,0.0774,1.966,0.1501,3.814,0.122,0.133,desbalanceado_1parafuso,500.0
119844,2026-06-02 01:09:22.215362+00:00,0.0582,1.48,79.94,26.63,0.106,2.692,0.531,0.625,61.0,53.7,0.071,0.117,2.398,2.595,4.334,4.66,0.0824,2.093,0.1499,3.807,0.122,0.134,desbalanceado_1parafuso,500.0
119993,2026-06-02 10:28:39.651221+00:00,0.0602,1.529,64.14,17.85,0.0935,2.376,0.452,0.491,61.0,58.5,0.067,0.104,2.287,2.417,3.433,3.393,0.0851,2.162,0.1322,3.36,0.131,0.144,desbalanceado_1parafuso,500.0
120061,2026-06-02 10:30:55.658779+00:00,0.0565,1.436,64.78,18.21,0.1025,2.605,0.444,0.514,61.0,61.0,0.065,0.097,2.314,2.477,3.385,3.505,0.0799,2.031,0.145,3.684,0.131,0.146,desbalanceado_1parafuso,500.0
120068,2026-06-02 10:31:09.659449+00:00,0.056,1.423,64.83,18.24,0.0837,2.126,0.516,0.451,61.0,61.0,0.063,0.091,2.351,2.432,3.894,3.175,0.0792,2.013,0.1183,3.006,0.132,0.142,desbalanceado_1parafuso,500.0
120070,2026-06-02 10:31:13.659678+00:00,0.0571,1.452,64.74,18.19,0.0904,2.297,0.507,0.568,9.7,61.0,0.064,0.097,2.372,2.497,3.844,3.898,0.0808,2.054,0.1279,3.249,0.132,0.145,desbalanceado_1parafuso,500.0
120127,2026-06-02 10:33:07.666257+00:00,0.0528,1.343,66.63,19.24,0.1018,2.586,0.547,0.572,58.5,53.7,0.065,0.098,2.426,2.496,4.15,3.96,0.0747,1.899,0.144,3.658,0.132,0.144,desbalanceado_1parafuso,500.0
120146,2026-06-02 10:33:45.666838+00:00,0.0504,1.281,66.58,19.21,0.095,2.414,0.418,0.603,61.0,53.7,0.062,0.1,2.337,2.43,3.153,4.25,0.0713,1.811,0.1344,3.414,0.132,0.141,desbalanceado_1parafuso,500.0
120180,2026-06-02 10:34:53.670846+00:00,0.0598,1.519,66.81,19.34,0.0974,2.476,0.512,0.495,61.0,53.7,0.067,0.103,2.38,2.353,3.908,3.474,0.0846,2.149,0.1378,3.501,0.131,0.142,desbalanceado_1parafuso,500.0
120197,2026-06-02 10:35:27.673689+00:00,0.0548,1.394,65.8,18.77,0.0962,2.443,0.55,0.543,61.0,53.7,0.066,0.104,2.442,2.429,4.147,3.751,0.0776,1.971,0.136,3.455,0.132,0.144,desbalanceado_1parafuso,500.0
120246,2026-06-02 10:37:05.679056+00:00,0.053,1.346,66.31,19.06,0.0965,2.453,0.509,0.604,58.5,53.7,0.061,0.102,2.426,2.567,3.788,4.149,0.0749,1.904,0.1365,3.469,0.134,0.145,desbalanceado_1parafuso,500.0
120247,2026-06-02 10:37:07.679160+00:00,0.053,1.346,66.35,19.08,0.0965,2.453,0.509,0.604,58.5,53.7,0.061,0.102,2.426,2.567,3.788,4.149,0.0749,1.904,0.1365,3.469,0.134,0.145,desbalanceado_1parafuso,500.0
120279,2026-06-02 10:38:11.682647+00:00,0.0542,1.378,66.54,19.18,0.1009,2.564,0.552,0.503,61.0,53.7,0.06,0.1,2.377,2.421,4.236,3.517,0.0767,1.948,0.1427,3.626,0.13,0.143,desbalanceado_1parafuso,500.0
120327,2026-06-02 10:39:47.687739+00:00,0.0543,1.379,67.18,19.54,0.0907,2.304,0.483,0.491,61.0,53.7,0.063,0.098,2.38,2.406,3.648,3.478,0.0768,1.95,0.1283,3.259,0.132,0.141,desbalanceado_1parafuso,500.0
120329,2026-06-02 10:39:51.687507+00:00,0.057,1.449,67.27,19.59,0.0991,2.518,0.606,0.557,61.0,53.7,0.069,0.107,2.451,2.511,4.596,3.852,0.0807,2.05,0.1402,3.561,0.132,0.144,desbalanceado_1parafuso,500.0
120357,2026-06-02 10:40:47.691096+00:00,0.0576,1.464,69.12,20.62,0.094,2.387,0.465,0.584,61.0,53.7,0.062,0.1,2.438,2.445,3.542,4.134,0.0815,2.071,0.1329,3.376,0.131,0.141,desbalanceado_1parafuso,500.0
120407,2026-06-02 10:42:27.696599+00:00,0.0541,1.375,68.11,20.06,0.1023,2.599,0.4,0.46,61.0,53.7,0.061,0.106,2.301,2.418,3.074,3.267,0.0765,1.944,0.1447,3.676,0.13,0.141,desbalanceado_1parafuso,500.0
120408,2026-06-02 10:42:29.696732+00:00,0.0541,1.375,68.01,20.01,0.1023,2.599,0.4,0.46,61.0,53.7,0.061,0.106,2.301,2.418,3.074,3.267,0.0765,1.944,0.1447,3.676,0.13,0.141,desbalanceado_1parafuso,500.0
120426,2026-06-02 10:43:05.698811+00:00,0.0566,1.439,69.12,20.62,0.1013,2.573,0.445,0.53,61.0,53.7,0.064,0.103,2.349,2.434,3.415,3.755,0.0801,2.035,0.1432,3.639,0.13,0.141,desbalanceado_1parafuso,500.0
120434,2026-06-02 10:43:21.699510+00:00,0.059,1.499,68.38,20.21,0.0989,2.513,0.505,0.667,61.0,53.7,0.068,0.109,2.375,2.59,3.909,4.713,0.0834,2.12,0.1399,3.554,0.129,0.141,desbalanceado_1parafuso,500.0
120444,2026-06-02 10:43:41.700770+00:00,0.0683,1.736,68.57,20.31,0.1009,2.564,0.398,0.522,9.7,53.7,0.063,0.105,2.354,2.545,3.064,3.696,0.0966,2.455,0.1427,3.626,0.129,0.141,desbalanceado_1parafuso,500.0
120473,2026-06-02 10:44:39.703782+00:00,0.0646,1.642,68.75,20.42,0.0943,2.395,0.455,0.542,9.7,53.7,0.067,0.104,2.347,2.524,3.57,3.837,0.0914,2.323,0.1333,3.388,0.127,0.141,desbalanceado_1parafuso,500.0
120557,2026-06-02 10:47:27.738897+00:00,0.0506,1.285,69.49,20.83,0.0977,2.483,0.489,0.509,61.0,53.7,0.064,0.106,2.441,2.46,3.845,3.67,0.0715,1.818,0.1382,3.512,0.127,0.138,desbalanceado_1parafuso,500.0
120580,2026-06-02 10:48:13.747563+00:00,0.0719,1.828,69.82,21.01,0.0987,2.507,0.434,0.513,9.7,53.7,0.069,0.107,2.346,2.448,3.401,3.71,0.1018,2.586,0.1396,3.546,0.127,0.138,desbalanceado_1parafuso,500.0
120600,2026-06-02 10:48:53.752680+00:00,0.051,1.296,69.91,21.06,0.1033,2.624,0.543,0.505,61.0,53.7,0.066,0.105,2.452,2.507,4.206,3.608,0.0721,1.833,0.1461,3.712,0.129,0.139,desbalanceado_1parafuso,500.0
120654,2026-06-02 10:50:41.766159+00:00,0.0588,1.493,70.56,21.42,0.108,2.745,0.447,0.517,58.5,53.7,0.067,0.111,2.308,2.339,3.465,3.634,0.0831,2.112,0.1528,3.882,0.129,0.142,desbalanceado_1parafuso,500.0
120691,2026-06-02 10:51:55.777770+00:00,0.0615,1.563,71.95,22.19,0.1064,2.703,0.433,0.52,61.0,53.7,0.07,0.11,2.357,2.427,3.354,3.682,0.087,2.21,0.1505,3.823,0.129,0.141,desbalanceado_1parafuso,500.0
120698,2026-06-02 10:52:09.778628+00:00,0.057,1.447,70.74,21.52,0.1151,2.925,0.496,0.444,58.5,56.1,0.068,0.119,2.353,2.358,3.9,3.167,0.0806,2.047,0.1628,4.136,0.127,0.14,desbalanceado_1parafuso,500.0
120738,2026-06-02 10:53:29.782784+00:00,0.0595,1.511,70.93,21.63,0.1003,2.549,0.464,0.656,61.0,53.7,0.069,0.111,2.448,2.578,3.564,4.629,0.0841,2.137,0.1419,3.606,0.13,0.141,desbalanceado_1parafuso,500.0
120776,2026-06-02 10:54:45.786625+00:00,0.0608,1.544,71.21,21.78,0.1013,2.574,0.428,0.555,61.0,53.7,0.067,0.111,2.354,2.616,3.325,3.941,0.0859,2.184,0.1433,3.641,0.129,0.14,desbalanceado_1parafuso,500.0
120780,2026-06-02 10:54:53.786962+00:00,0.0562,1.428,71.39,21.88,0.1047,2.66,0.501,0.525,61.0,53.7,0.069,0.111,2.393,2.537,3.891,3.74,0.0795,2.02,0.1481,3.762,0.128,0.14,desbalanceado_1parafuso,500.0
120813,2026-06-02 10:55:59.790977+00:00,0.0605,1.537,71.63,22.01,0.1156,2.938,0.414,0.525,61.0,53.7,0.066,0.118,2.39,2.51,3.268,3.815,0.0855,2.173,0.1636,4.155,0.126,0.137,desbalanceado_1parafuso,500.0
120823,2026-06-02 10:56:19.792296+00:00,0.0489,1.243,72.19,22.32,0.1026,2.607,0.461,0.529,58.5,53.7,0.065,0.113,2.419,2.585,3.553,3.746,0.0692,1.757,0.1451,3.687,0.129,0.141,desbalanceado_1parafuso,500.0
120872,2026-06-02 10:57:57.797003+00:00,0.0519,1.32,72.19,22.32,0.1115,2.833,0.488,0.495,61.0,53.7,0.07,0.114,2.39,2.449,3.78,3.512,0.0735,1.867,0.1577,4.007,0.129,0.14,desbalanceado_1parafuso,500.0
120874,2026-06-02 10:58:01.797427+00:00,0.0576,1.463,72.32,22.4,0.1162,2.953,0.449,0.655,58.5,53.7,0.071,0.119,2.386,2.546,3.524,4.758,0.0814,2.069,0.1644,4.176,0.127,0.137,desbalanceado_1parafuso,500.0
120892,2026-06-02 10:58:37.799245+00:00,0.0597,1.517,72.32,22.4,0.1074,2.729,0.481,0.555,58.5,53.7,0.072,0.111,2.472,2.647,3.744,4.044,0.0844,2.145,0.1519,3.86,0.128,0.137,desbalanceado_1parafuso,500.0
120935,2026-06-02 11:10:33.081979+00:00,0.0739,1.877,73.54,23.07,0.0811,2.06,0.569,0.539,17.0,61.0,0.085,0.111,2.455,2.637,4.421,3.795,0.1045,2.654,0.1147,2.913,0.128,0.142,desbalanceado_1parafuso,1000.0
120957,2026-06-02 11:11:17.084395+00:00,0.0582,1.478,73.3,22.94,0.0792,2.013,0.439,0.569,61.0,61.0,0.08,0.102,2.407,2.669,3.486,3.982,0.0823,2.09,0.1121,2.847,0.125,0.143,desbalanceado_1parafuso,1000.0
120958,2026-06-02 11:11:19.084484+00:00,0.0583,1.483,73.35,22.97,0.0753,1.914,0.475,0.542,61.0,61.0,0.079,0.104,2.47,2.586,3.751,3.724,0.0825,2.097,0.1065,2.707,0.126,0.145,desbalanceado_1parafuso,1000.0
121011,2026-06-02 11:13:05.090485+00:00,0.0733,1.862,72.84,22.68,0.0771,1.959,0.546,0.524,14.6,58.5,0.075,0.106,2.503,2.57,4.24,3.578,0.1037,2.634,0.1091,2.771,0.128,0.146,desbalanceado_1parafuso,1000.0
121031,2026-06-02 11:13:45.092839+00:00,0.0618,1.571,73.12,22.84,0.082,2.084,0.431,0.554,61.0,61.0,0.091,0.116,2.443,2.602,3.37,3.815,0.0874,2.222,0.116,2.947,0.128,0.145,desbalanceado_1parafuso,1000.0
121104,2026-06-02 11:16:11.101541+00:00,0.0721,1.831,72.65,22.58,0.0827,2.1,0.42,0.654,14.6,61.0,0.085,0.098,2.392,2.626,3.236,4.481,0.1019,2.59,0.1169,2.97,0.129,0.146,desbalanceado_1parafuso,1000.0
121115,2026-06-02 11:16:33.102543+00:00,0.0719,1.827,72.7,22.61,0.077,1.957,0.481,0.556,17.0,61.0,0.077,0.106,2.505,2.693,3.631,3.829,0.1017,2.585,0.1089,2.767,0.132,0.145,desbalanceado_1parafuso,1000.0
121144,2026-06-02 11:17:31.105784+00:00,0.0694,1.764,72.74,22.63,0.0843,2.141,0.469,0.577,61.0,61.0,0.088,0.114,2.448,2.563,3.59,3.92,0.0982,2.495,0.1192,3.028,0.13,0.147,desbalanceado_1parafuso,1000.0
121157,2026-06-02 11:17:57.106151+00:00,0.0699,1.776,72.79,22.66,0.0843,2.142,0.521,0.549,17.0,61.0,0.103,0.124,2.478,2.659,4.053,3.765,0.0989,2.512,0.1192,3.029,0.128,0.146,desbalanceado_1parafuso,1000.0
121158,2026-06-02 11:17:59.107391+00:00,0.0753,1.914,73.4,23.0,0.0797,2.026,0.494,0.548,17.0,61.0,0.082,0.1,2.511,2.54,3.752,3.763,0.1065,2.706,0.1128,2.865,0.131,0.145,desbalanceado_1parafuso,1000.0
121176,2026-06-02 11:18:35.109356+00:00,0.0647,1.643,73.16,22.87,0.0982,2.495,0.441,0.483,61.0,61.0,0.084,0.108,2.361,2.541,3.407,3.368,0.0915,2.324,0.1389,3.529,0.129,0.143,desbalanceado_1parafuso,1000.0
121178,2026-06-02 11:18:39.109781+00:00,0.0656,1.666,72.79,22.66,0.0707,1.798,0.437,0.527,17.0,61.0,0.084,0.107,2.48,2.594,3.37,3.626,0.0927,2.356,0.1001,2.543,0.129,0.145,desbalanceado_1parafuso,1000.0
121269,2026-06-02 11:21:41.120276+00:00,0.0571,1.45,73.02,22.79,0.0814,2.068,0.495,0.665,61.0,61.0,0.082,0.111,2.429,2.637,3.918,4.63,0.0807,2.051,0.1151,2.925,0.126,0.143,desbalanceado_1parafuso,1000.0
121424,2026-06-02 11:26:51.137870+00:00,0.0701,1.78,73.3,22.94,0.077,1.957,0.476,0.439,17.0,61.0,0.084,0.099,2.43,2.419,3.647,3.057,0.0991,2.518,0.109,2.768,0.13,0.143,desbalanceado_1parafuso,1000.0
121440,2026-06-02 11:27:23.139786+00:00,0.0632,1.607,73.4,23.0,0.0752,1.911,0.459,0.52,17.0,61.0,0.081,0.1,2.459,2.613,3.601,3.582,0.0894,2.272,0.1064,2.702,0.127,0.145,desbalanceado_1parafuso,1000.0
121472,2026-06-02 11:28:27.143340+00:00,0.0721,1.832,73.26,22.92,0.0765,1.944,0.499,0.573,17.0,61.0,0.083,0.105,2.527,2.609,3.847,3.908,0.102,2.591,0.1082,2.749,0.129,0.146,desbalanceado_1parafuso,1000.0
121495,2026-06-02 11:29:13.146217+00:00,0.0663,1.685,73.3,22.94,0.0793,2.015,0.473,0.527,17.0,61.0,0.081,0.101,2.478,2.613,3.724,3.675,0.0938,2.383,0.1122,2.85,0.127,0.143,desbalanceado_1parafuso,1000.0
121574,2026-06-02 11:31:51.154653+00:00,0.0667,1.694,73.4,23.0,0.0739,1.878,0.561,0.558,17.0,61.0,0.084,0.111,2.537,2.656,4.36,3.736,0.0943,2.396,0.1045,2.656,0.128,0.149,desbalanceado_1parafuso,1000.0
121576,2026-06-02 11:31:55.154901+00:00,0.0643,1.634,74.94,23.85,0.0705,1.793,0.52,0.562,61.0,61.0,0.082,0.1,2.496,2.714,4.053,3.86,0.091,2.311,0.0998,2.535,0.128,0.145,desbalanceado_1parafuso,1000.0
121626,2026-06-02 11:33:35.160747+00:00,0.073,1.854,74.61,23.67,0.0727,1.847,0.502,0.654,17.0,61.0,0.082,0.099,2.47,2.763,3.893,4.497,0.1032,2.622,0.1028,2.612,0.128,0.145,desbalanceado_1parafuso,1000.0
121629,2026-06-02 11:33:41.160957+00:00,0.0646,1.641,75.03,23.9,0.084,2.135,0.477,0.443,61.0,61.0,0.088,0.111,2.406,2.456,3.77,3.129,0.0913,2.32,0.1188,3.02,0.126,0.141,desbalanceado_1parafuso,1000.0
121634,2026-06-02 11:33:51.161621+00:00,0.0661,1.681,73.58,23.1,0.0828,2.103,0.469,0.487,61.0,61.0,0.089,0.109,2.418,2.56,3.633,3.348,0.0936,2.377,0.1171,2.974,0.129,0.145,desbalanceado_1parafuso,1000.0
121684,2026-06-02 11:35:31.167559+00:00,0.0612,1.554,73.68,23.15,0.0765,1.945,0.506,0.481,61.0,61.0,0.086,0.108,2.383,2.532,3.943,3.32,0.0865,2.198,0.1083,2.751,0.128,0.145,desbalanceado_1parafuso,1000.0
121704,2026-06-02 11:36:11.170076+00:00,0.0664,1.688,73.82,23.23,0.0714,1.815,0.489,0.525,17.0,61.0,0.083,0.102,2.417,2.639,3.787,3.552,0.094,2.388,0.101,2.567,0.129,0.148,desbalanceado_1parafuso,1000.0
121736,2026-06-02 11:37:15.174205+00:00,0.0626,1.59,74.05,23.36,0.0722,1.835,0.51,0.683,17.0,61.0,0.08,0.103,2.595,2.777,3.928,4.576,0.0885,2.249,0.1022,2.596,0.13,0.149,desbalanceado_1parafuso,1000.0
121799,2026-06-02 11:39:21.181428+00:00,0.0603,1.532,73.77,23.2,0.0774,1.967,0.549,0.567,61.0,61.0,0.081,0.113,2.556,2.675,4.266,3.919,0.0853,2.167,0.1095,2.782,0.128,0.144,desbalanceado_1parafuso,1000.0
121807,2026-06-02 11:39:37.182308+00:00,0.0827,2.102,73.77,23.2,0.0788,2.001,0.494,0.644,17.0,61.0,0.087,0.107,2.589,2.832,3.814,4.405,0.117,2.972,0.1114,2.831,0.129,0.146,desbalanceado_1parafuso,1000.0
121839,2026-06-02 11:40:41.186233+00:00,0.0652,1.657,73.72,23.18,0.0713,1.812,0.496,0.61,61.0,61.0,0.093,0.117,2.491,2.698,3.799,4.124,0.0922,2.344,0.1009,2.563,0.13,0.147,desbalanceado_1parafuso,1000.0
121881,2026-06-02 11:42:05.191392+00:00,0.0649,1.649,73.77,23.2,0.0774,1.968,0.465,0.539,61.0,58.5,0.082,0.105,2.437,2.703,3.635,3.642,0.0918,2.332,0.1095,2.783,0.127,0.148,desbalanceado_1parafuso,1000.0
121889,2026-06-02 11:42:21.192419+00:00,0.0659,1.675,73.91,23.28,0.0792,2.014,0.446,0.573,17.0,61.0,0.086,0.11,2.437,2.763,3.398,3.814,0.0932,2.369,0.1121,2.848,0.131,0.15,desbalanceado_1parafuso,1000.0
121957,2026-06-02 11:45:38.820037+00:00,0.0771,1.96,72.98,22.76,0.1412,3.587,0.566,0.799,61.0,34.1,0.128,0.162,2.842,2.922,3.72,3.366,0.1091,2.772,0.1997,5.073,0.152,0.237,desbalanceado_1parafuso,2000.0
121976,2026-06-02 11:46:16.825190+00:00,0.0753,1.913,72.74,22.63,0.128,3.252,0.533,0.908,34.1,34.1,0.118,0.145,2.814,2.914,3.503,3.768,0.1065,2.705,0.181,4.599,0.152,0.241,desbalanceado_1parafuso,2000.0
122090,2026-06-02 11:50:04.837911+00:00,0.0821,2.085,72.09,22.27,0.1521,3.865,0.471,0.97,34.1,34.1,0.137,0.172,2.653,3.02,3.063,3.948,0.1161,2.949,0.2152,5.467,0.153,0.245,desbalanceado_1parafuso,2000.0
122168,2026-06-02 11:52:40.846871+00:00,0.0759,1.929,72.51,22.5,0.1347,3.423,0.54,0.911,34.1,34.1,0.126,0.158,2.749,2.958,3.467,3.719,0.1074,2.728,0.1905,4.84,0.155,0.244,desbalanceado_1parafuso,2000.0
122186,2026-06-02 11:53:16.849269+00:00,0.0781,1.983,72.23,22.35,0.1375,3.493,0.688,1.045,61.0,34.1,0.127,0.156,2.848,3.301,4.449,4.364,0.1104,2.805,0.1945,4.94,0.154,0.239,desbalanceado_1parafuso,2000.0
122200,2026-06-02 11:53:44.850631+00:00,0.0793,2.015,73.12,22.84,0.1496,3.802,0.633,0.928,61.0,34.1,0.134,0.168,2.83,3.021,4.062,3.952,0.1121,2.849,0.2116,5.377,0.155,0.234,desbalanceado_1parafuso,2000.0
122271,2026-06-02 11:56:06.859075+00:00,0.0828,2.103,72.74,22.63,0.1471,3.738,0.561,0.87,61.0,34.1,0.131,0.151,2.691,2.888,3.558,3.472,0.1171,2.975,0.2081,5.287,0.157,0.25,desbalanceado_1parafuso,2000.0
122288,2026-06-02 11:56:40.861053+00:00,0.0902,2.293,72.6,22.56,0.1433,3.642,0.593,0.789,34.1,34.1,0.146,0.182,2.82,2.756,3.836,3.248,0.1276,3.243,0.2027,5.15,0.154,0.243,desbalanceado_1parafuso,2000.0
122366,2026-06-02 11:59:16.869649+00:00,0.077,1.956,72.37,22.43,0.1361,3.457,0.496,0.866,34.1,34.1,0.13,0.169,2.631,2.884,3.203,3.584,0.1089,2.766,0.1925,4.89,0.155,0.241,desbalanceado_1parafuso,2000.0
122392,2026-06-02 12:00:08.872618+00:00,0.0829,2.108,72.46,22.48,0.1431,3.636,0.703,0.886,34.1,34.1,0.136,0.163,2.885,2.971,4.557,3.782,0.1173,2.981,0.2024,5.142,0.154,0.234,desbalanceado_1parafuso,2000.0
122410,2026-06-02 12:00:44.874566+00:00,0.075,1.906,72.37,22.43,0.1388,3.527,0.565,0.964,61.0,34.1,0.129,0.164,2.675,2.916,3.539,3.95,0.1061,2.696,0.1964,4.989,0.159,0.244,desbalanceado_1parafuso,2000.0
122456,2026-06-02 12:02:16.880130+00:00,0.0714,1.815,73.63,23.13,0.1465,3.722,0.702,0.862,58.5,34.1,0.121,0.158,2.8,2.98,4.569,3.519,0.101,2.567,0.2072,5.263,0.153,0.245,desbalanceado_1parafuso,2000.0
122457,2026-06-02 12:02:18.880224+00:00,0.0853,2.168,72.46,22.48,0.16,4.064,0.525,1.102,34.1,34.1,0.141,0.183,2.744,3.047,3.461,4.742,0.1207,3.066,0.2262,5.747,0.151,0.232,desbalanceado_1parafuso,2000.0
122484,2026-06-02 12:03:12.883110+00:00,0.0778,1.977,72.74,22.63,0.1594,4.05,0.689,0.868,34.1,34.1,0.132,0.174,2.725,2.99,4.404,3.563,0.1101,2.796,0.2255,5.728,0.156,0.243,desbalanceado_1parafuso,2000.0
122567,2026-06-02 12:05:58.892956+00:00,0.081,2.059,72.56,22.53,0.1553,3.945,0.574,0.896,61.0,34.1,0.132,0.165,2.771,3.163,3.685,3.854,0.1146,2.912,0.2196,5.58,0.155,0.232,desbalanceado_1parafuso,2000.0
122577,2026-06-02 12:06:18.894174+00:00,0.0881,2.239,72.74,22.63,0.1563,3.971,0.564,1.032,34.1,34.1,0.136,0.173,2.683,2.957,3.627,4.155,0.1246,3.167,0.2211,5.616,0.155,0.248,desbalanceado_1parafuso,2000.0
122667,2026-06-02 12:09:18.904768+00:00,0.08,2.034,72.6,22.56,0.1507,3.829,0.504,0.97,61.0,34.1,0.134,0.167,2.603,3.015,3.271,4.205,0.1132,2.877,0.2132,5.416,0.154,0.23,desbalanceado_1parafuso,2000.0
122675,2026-06-02 12:09:34.905704+00:00,0.0887,2.253,72.74,22.63,0.1503,3.818,0.544,0.889,58.5,34.1,0.131,0.165,2.691,2.847,3.535,3.668,0.1254,3.187,0.2126,5.4,0.154,0.242,desbalanceado_1parafuso,2000.0
122685,2026-06-02 12:09:54.906872+00:00,0.0766,1.948,74.1,23.38,0.1534,3.898,0.535,0.784,136.7,34.1,0.137,0.176,2.634,2.665,3.467,3.409,0.1084,2.755,0.217,5.513,0.154,0.23,desbalanceado_1parafuso,2000.0
122750,2026-06-02 12:12:04.913493+00:00,0.0792,2.012,72.6,22.56,0.1492,3.79,0.572,0.977,61.0,34.1,0.141,0.176,2.7,2.9,3.644,4.076,0.112,2.845,0.211,5.36,0.157,0.239,desbalanceado_1parafuso,2000.0
122779,2026-06-02 12:13:02.917929+00:00,0.0804,2.042,74.0,23.33,0.1486,3.776,0.644,0.882,34.1,34.1,0.133,0.167,2.72,2.933,4.26,3.725,0.1137,2.888,0.2102,5.34,0.151,0.236,desbalanceado_1parafuso,2000.0
122831,2026-06-02 12:14:46.924055+00:00,0.0808,2.053,72.6,22.56,0.1578,4.009,0.531,0.834,34.1,34.1,0.147,0.174,2.643,3.048,3.406,3.368,0.1143,2.903,0.2232,5.67,0.155,0.247,desbalanceado_1parafuso,2000.0
122847,2026-06-02 12:15:18.925810+00:00,0.087,2.21,72.6,22.56,0.1369,3.478,0.481,0.82,34.1,34.1,0.135,0.163,2.692,2.964,3.151,3.417,0.123,3.125,0.1936,4.919,0.152,0.239,desbalanceado_1parafuso,2000.0
122871,2026-06-02 12:16:06.928637+00:00,0.081,2.058,72.84,22.68,0.1487,3.778,0.532,1.005,61.0,34.1,0.129,0.159,2.647,3.086,3.486,3.955,0.1146,2.911,0.2103,5.343,0.152,0.254,desbalanceado_1parafuso,2000.0
122969,2026-06-02 12:24:42.179445+00:00,0.057,1.447,77.52,25.29,0.0998,2.536,0.418,0.521,61.0,56.1,0.069,0.112,2.32,2.567,3.402,3.888,0.0806,2.047,0.1412,3.587,0.122,0.134,ventoinha_2,500.0
122976,2026-06-02 12:24:56.180282+00:00,0.0617,1.568,77.62,25.34,0.1034,2.628,0.452,0.544,9.7,56.1,0.072,0.111,2.337,2.597,3.685,3.961,0.0873,2.218,0.1463,3.716,0.122,0.137,ventoinha_2,500.0
122977,2026-06-02 12:24:58.180343+00:00,0.0546,1.387,76.82,24.9,0.1054,2.678,0.45,0.513,61.0,56.1,0.073,0.117,2.401,2.732,3.606,3.693,0.0772,1.962,0.1491,3.787,0.125,0.139,ventoinha_2,500.0
122988,2026-06-02 12:25:20.181692+00:00,0.0667,1.696,77.19,25.11,0.1277,3.245,0.432,0.553,58.5,56.1,0.079,0.136,2.46,2.638,3.492,4.037,0.0944,2.398,0.1806,4.589,0.123,0.137,ventoinha_2,500.0
123027,2026-06-02 12:26:38.185018+00:00,0.0524,1.331,77.24,25.13,0.1122,2.851,0.481,0.457,61.0,56.1,0.067,0.127,2.329,2.44,3.945,3.449,0.0741,1.882,0.1587,4.032,0.122,0.132,ventoinha_2,500.0
123069,2026-06-02 12:28:02.190476+00:00,0.0623,1.583,77.15,25.08,0.1271,3.23,0.457,0.501,58.5,56.1,0.074,0.135,2.452,2.57,3.642,3.637,0.0881,2.239,0.1798,4.568,0.125,0.137,ventoinha_2,500.0
123099,2026-06-02 12:29:02.193945+00:00,0.0588,1.494,77.33,25.18,0.1174,2.982,0.455,0.451,58.5,56.1,0.076,0.125,2.26,2.454,3.69,3.394,0.0832,2.113,0.166,4.218,0.123,0.132,ventoinha_2,500.0
123119,2026-06-02 12:29:42.196353+00:00,0.0555,1.411,77.52,25.29,0.1267,3.218,0.425,0.563,61.0,56.1,0.076,0.135,2.313,2.592,3.426,4.127,0.0785,1.996,0.1792,4.551,0.124,0.136,ventoinha_2,500.0
123171,2026-06-02 12:31:26.202288+00:00,0.0532,1.351,77.57,25.31,0.1187,3.015,0.491,0.48,58.5,56.1,0.07,0.125,2.458,2.495,3.943,3.527,0.0752,1.911,0.1679,4.264,0.124,0.136,ventoinha_2,500.0
123191,2026-06-02 12:32:06.205675+00:00,0.0576,1.463,77.48,25.26,0.1364,3.464,0.449,0.496,58.5,56.1,0.075,0.14,2.469,2.498,3.637,3.65,0.0814,2.069,0.1929,4.899,0.123,0.136,ventoinha_2,500.0
123214,2026-06-02 12:32:52.207351+00:00,0.0532,1.351,77.48,25.26,0.1143,2.903,0.414,0.467,61.0,56.1,0.069,0.121,2.358,2.388,3.388,3.456,0.0752,1.911,0.1616,4.106,0.122,0.135,ventoinha_2,500.0
123216,2026-06-02 12:32:56.207593+00:00,0.0655,1.664,77.81,25.45,0.1233,3.132,0.425,0.636,58.5,56.1,0.079,0.129,2.366,2.516,3.382,4.644,0.0926,2.354,0.1744,4.43,0.125,0.137,ventoinha_2,500.0
123223,2026-06-02 12:33:10.207683+00:00,0.0578,1.47,77.48,25.26,0.1366,3.471,0.413,0.561,58.5,56.1,0.076,0.143,2.35,2.656,3.351,4.132,0.0818,2.079,0.1933,4.91,0.123,0.135,ventoinha_2,500.0
123256,2026-06-02 12:34:16.212623+00:00,0.0502,1.276,77.57,25.31,0.109,2.77,0.48,0.573,61.0,56.1,0.07,0.119,2.476,2.632,3.834,4.197,0.071,1.804,0.1542,3.918,0.125,0.136,ventoinha_2,500.0
123257,2026-06-02 12:34:18.212666+00:00,0.0576,1.463,77.48,25.26,0.1196,3.038,0.474,0.766,61.0,56.1,0.071,0.128,2.427,2.812,3.838,5.537,0.0815,2.07,0.1691,4.297,0.123,0.138,ventoinha_2,500.0
123279,2026-06-02 12:35:02.215240+00:00,0.0553,1.405,77.52,25.29,0.1286,3.266,0.446,0.561,61.0,56.1,0.07,0.136,2.295,2.606,3.611,4.146,0.0782,1.987,0.1818,4.619,0.123,0.135,ventoinha_2,500.0
123318,2026-06-02 12:36:20.219811+00:00,0.0546,1.387,78.23,25.68,0.111,2.821,0.453,0.571,61.0,56.1,0.071,0.118,2.425,2.599,3.643,4.237,0.0772,1.962,0.157,3.99,0.124,0.134,ventoinha_2,500.0
123339,2026-06-02 12:37:02.222230+00:00,0.0591,1.502,77.62,25.34,0.1086,2.758,0.393,0.557,61.0,56.1,0.07,0.117,2.356,2.656,3.192,4.14,0.0836,2.124,0.1535,3.901,0.123,0.134,ventoinha_2,500.0
123341,2026-06-02 12:37:06.222496+00:00,0.0568,1.443,77.85,25.47,0.1105,2.807,0.508,0.456,61.0,56.1,0.071,0.12,2.391,2.438,4.061,3.374,0.0803,2.042,0.1562,3.969,0.125,0.135,ventoinha_2,500.0
123375,2026-06-02 12:38:14.226581+00:00,0.0585,1.486,77.52,25.29,0.1087,2.761,0.546,0.508,61.0,56.1,0.071,0.114,2.458,2.54,4.378,3.731,0.0827,2.102,0.1537,3.905,0.124,0.136,ventoinha_2,500.0
123382,2026-06-02 12:38:28.227357+00:00,0.054,1.373,77.48,25.26,0.1063,2.702,0.409,0.55,61.0,56.1,0.07,0.115,2.341,2.524,3.316,4.095,0.0764,1.942,0.1504,3.821,0.123,0.134,ventoinha_2,500.0
123385,2026-06-02 12:38:34.227806+00:00,0.0575,1.462,77.71,25.39,0.1097,2.787,0.473,0.636,61.0,56.1,0.071,0.116,2.308,2.561,3.846,4.684,0.0814,2.068,0.1552,3.942,0.123,0.135,ventoinha_2,500.0
123431,2026-06-02 12:40:06.233371+00:00,0.0619,1.574,77.62,25.34,0.1253,3.183,0.456,0.515,58.5,56.1,0.074,0.132,2.455,2.58,3.62,3.788,0.0876,2.227,0.1772,4.502,0.126,0.136,ventoinha_2,500.0
123436,2026-06-02 12:40:16.233986+00:00,0.0491,1.248,77.62,25.34,0.1291,3.279,0.484,0.624,61.0,56.1,0.072,0.137,2.334,2.524,3.923,4.57,0.0694,1.765,0.1826,4.638,0.123,0.136,ventoinha_2,500.0
123489,2026-06-02 12:42:02.240115+00:00,0.0528,1.343,78.23,25.68,0.1196,3.038,0.384,0.481,61.0,56.1,0.068,0.124,2.259,2.551,3.127,3.519,0.0748,1.9,0.1691,4.297,0.122,0.136,ventoinha_2,500.0
123490,2026-06-02 12:42:04.240468+00:00,0.0528,1.343,77.52,25.29,0.1196,3.038,0.384,0.481,61.0,56.1,0.068,0.124,2.259,2.551,3.127,3.519,0.0748,1.9,0.1691,4.297,0.122,0.136,ventoinha_2,500.0
123506,2026-06-02 12:42:36.242193+00:00,0.0568,1.442,78.28,25.71,0.112,2.845,0.474,0.533,58.5,56.1,0.071,0.124,2.447,2.71,3.799,3.824,0.0803,2.04,0.1584,4.023,0.124,0.139,ventoinha_2,500.0
123575,2026-06-02 12:44:54.250467+00:00,0.0604,1.535,78.09,25.6,0.1008,2.561,0.464,0.533,61.0,56.1,0.07,0.11,2.337,2.502,3.719,3.981,0.0854,2.171,0.1426,3.623,0.124,0.133,ventoinha_2,500.0
123603,2026-06-02 12:45:50.252925+00:00,0.0592,1.504,77.57,25.31,0.1316,3.344,0.51,0.545,58.5,56.1,0.074,0.136,2.439,2.6,4.013,4.008,0.0837,2.128,0.1862,4.729,0.127,0.136,ventoinha_2,500.0
123618,2026-06-02 12:46:20.255570+00:00,0.0534,1.358,77.95,25.52,0.1097,2.788,0.484,0.601,61.0,56.1,0.074,0.119,2.356,2.561,3.904,4.471,0.0756,1.92,0.1552,3.943,0.124,0.134,ventoinha_2,500.0
123669,2026-06-02 12:48:02.261381+00:00,0.0651,1.653,77.57,25.31,0.1223,3.106,0.449,0.462,58.5,56.1,0.071,0.127,2.248,2.425,3.617,3.431,0.092,2.339,0.1729,4.393,0.124,0.134,ventoinha_2,500.0
123686,2026-06-02 12:48:36.263339+00:00,0.0498,1.266,77.57,25.31,0.1059,2.69,0.401,0.583,61.0,56.1,0.067,0.116,2.328,2.591,3.221,4.26,0.0704,1.79,0.1498,3.805,0.124,0.136,ventoinha_2,500.0
123690,2026-06-02 12:48:44.263550+00:00,0.0686,1.744,77.52,25.29,0.1018,2.586,0.472,0.525,9.7,56.1,0.069,0.111,2.288,2.616,3.851,3.853,0.0971,2.467,0.144,3.658,0.122,0.136,ventoinha_2,500.0
123857,2026-06-02 12:54:18.282916+00:00,0.0512,1.3,77.71,25.39,0.1052,2.672,0.454,0.538,61.0,56.1,0.069,0.119,2.299,2.526,3.657,3.968,0.0724,1.839,0.1488,3.779,0.124,0.135,ventoinha_2,500.0
123923,2026-06-02 12:56:30.292665+00:00,0.0476,1.211,77.52,25.29,0.0984,2.501,0.404,0.455,61.0,56.1,0.071,0.111,2.255,2.42,3.262,3.38,0.0674,1.713,0.1392,3.537,0.124,0.134,ventoinha_2,500.0
123966,2026-06-02 13:18:36.874274+00:00,0.0625,1.588,76.82,24.9,0.0813,2.065,0.471,0.505,61.0,61.0,0.086,0.107,2.496,2.634,3.741,3.573,0.0884,2.245,0.1149,2.92,0.125,0.141,ventoinha_2,1000.0
123972,2026-06-02 13:18:48.874989+00:00,0.0657,1.669,77.29,25.16,0.0707,1.796,0.522,0.575,61.0,61.0,0.093,0.104,2.45,2.658,4.09,4.023,0.0929,2.361,0.1,2.54,0.127,0.143,ventoinha_2,1000.0
124031,2026-06-02 13:20:46.882084+00:00,0.0603,1.533,76.02,24.45,0.0783,1.989,0.422,0.508,61.0,58.5,0.095,0.11,2.433,2.665,3.295,3.497,0.0853,2.168,0.1107,2.813,0.128,0.145,ventoinha_2,1000.0
124039,2026-06-02 13:21:02.882889+00:00,0.0573,1.456,76.02,24.45,0.0905,2.298,0.468,0.64,61.0,61.0,0.091,0.113,2.512,2.809,3.618,4.403,0.0811,2.06,0.1279,3.25,0.129,0.145,ventoinha_2,1000.0
124060,2026-06-02 13:21:44.885413+00:00,0.0599,1.522,76.06,24.48,0.0853,2.169,0.421,0.592,61.0,61.0,0.092,0.109,2.312,2.655,3.259,4.214,0.0847,2.152,0.1207,3.067,0.129,0.14,ventoinha_2,1000.0
124136,2026-06-02 13:24:16.894221+00:00,0.0614,1.56,75.45,24.14,0.0766,1.947,0.516,0.579,61.0,61.0,0.092,0.113,2.382,2.576,4.058,4.076,0.0869,2.207,0.1084,2.753,0.127,0.142,ventoinha_2,1000.0
124154,2026-06-02 13:24:52.896757+00:00,0.058,1.475,75.45,24.14,0.0836,2.124,0.49,0.531,61.0,61.0,0.09,0.106,2.443,2.73,3.856,3.66,0.0821,2.086,0.1182,3.004,0.127,0.145,ventoinha_2,1000.0
124164,2026-06-02 13:25:12.897869+00:00,0.0595,1.512,75.97,24.43,0.0733,1.864,0.513,0.493,61.0,61.0,0.088,0.112,2.452,2.641,4.043,3.429,0.0841,2.138,0.1038,2.636,0.127,0.143,ventoinha_2,1000.0
124185,2026-06-02 13:25:54.900197+00:00,0.0582,1.48,75.69,24.27,0.0711,1.806,0.574,0.632,61.0,61.0,0.089,0.102,2.456,2.619,4.542,4.379,0.0824,2.093,0.1005,2.554,0.126,0.144,ventoinha_2,1000.0
124194,2026-06-02 13:26:12.901360+00:00,0.0614,1.559,75.45,24.14,0.0749,1.904,0.463,0.504,61.0,61.0,0.095,0.112,2.373,2.484,3.638,3.525,0.0868,2.205,0.106,2.693,0.127,0.143,ventoinha_2,1000.0
124211,2026-06-02 13:26:46.903337+00:00,0.0535,1.359,75.41,24.11,0.0791,2.01,0.557,0.523,61.0,61.0,0.086,0.108,2.476,2.542,4.411,3.662,0.0756,1.922,0.1119,2.842,0.126,0.143,ventoinha_2,1000.0
124301,2026-06-02 13:29:46.913784+00:00,0.0552,1.403,75.64,24.24,0.0777,1.974,0.434,0.499,61.0,58.5,0.091,0.109,2.394,2.61,3.42,3.453,0.0781,1.985,0.1099,2.791,0.127,0.144,ventoinha_2,1000.0
124405,2026-06-02 13:33:14.926129+00:00,0.056,1.423,75.36,24.09,0.0775,1.97,0.449,0.576,58.5,61.0,0.088,0.105,2.454,2.696,3.446,3.954,0.0792,2.013,0.1097,2.786,0.13,0.145,ventoinha_2,1000.0
124413,2026-06-02 13:33:30.927124+00:00,0.0507,1.29,75.36,24.09,0.0743,1.887,0.415,0.551,58.5,61.0,0.081,0.103,2.365,2.607,3.229,3.818,0.0718,1.824,0.1051,2.669,0.128,0.144,ventoinha_2,1000.0
124432,2026-06-02 13:34:08.929302+00:00,0.0598,1.52,76.3,24.61,0.0761,1.935,0.503,0.573,58.5,61.0,0.087,0.107,2.508,2.788,3.863,3.863,0.0846,2.15,0.1077,2.736,0.13,0.148,ventoinha_2,1000.0
124436,2026-06-02 13:34:16.929827+00:00,0.0613,1.557,76.63,24.79,0.0805,2.047,0.367,0.577,58.5,61.0,0.088,0.107,2.359,2.569,2.89,4.048,0.0866,2.202,0.1139,2.895,0.127,0.142,ventoinha_2,1000.0
124503,2026-06-02 13:36:30.937616+00:00,0.0606,1.54,75.5,24.16,0.0762,1.937,0.544,0.557,61.0,61.0,0.093,0.117,2.553,2.68,4.184,3.802,0.0857,2.178,0.1078,2.74,0.13,0.146,ventoinha_2,1000.0
124537,2026-06-02 13:37:38.941736+00:00,0.0614,1.559,75.31,24.06,0.0773,1.964,0.49,0.542,61.0,61.0,0.086,0.111,2.481,2.717,3.801,3.833,0.0868,2.206,0.1094,2.778,0.128,0.141,ventoinha_2,1000.0
124616,2026-06-02 13:40:16.950938+00:00,0.0632,1.606,75.69,24.27,0.0784,1.993,0.465,0.594,61.0,61.0,0.089,0.111,2.411,2.71,3.606,4.071,0.0894,2.272,0.1109,2.818,0.129,0.145,ventoinha_2,1000.0
124642,2026-06-02 13:41:08.954020+00:00,0.0572,1.454,75.36,24.09,0.0764,1.941,0.443,0.519,61.0,61.0,0.09,0.115,2.342,2.683,3.501,3.547,0.0809,2.057,0.108,2.745,0.126,0.146,ventoinha_2,1000.0
124650,2026-06-02 13:41:24.954967+00:00,0.0573,1.457,75.59,24.22,0.0764,1.941,0.433,0.559,61.0,61.0,0.087,0.11,2.389,2.61,3.375,3.856,0.0811,2.061,0.108,2.745,0.128,0.145,ventoinha_2,1000.0
124662,2026-06-02 13:41:48.956236+00:00,0.0575,1.461,75.36,24.09,0.0758,1.926,0.554,0.541,61.0,61.0,0.086,0.107,2.505,2.502,4.28,3.771,0.0813,2.067,0.1072,2.723,0.129,0.143,ventoinha_2,1000.0
124666,2026-06-02 13:41:56.956736+00:00,0.057,1.449,75.5,24.16,0.0776,1.973,0.454,0.566,61.0,61.0,0.086,0.106,2.364,2.699,3.574,3.942,0.0807,2.05,0.1098,2.79,0.127,0.143,ventoinha_2,1000.0
124677,2026-06-02 13:42:18.957926+00:00,0.0607,1.542,75.64,24.24,0.0878,2.232,0.606,0.625,61.0,61.0,0.086,0.107,2.713,2.743,4.713,4.272,0.0858,2.181,0.1242,3.156,0.128,0.146,ventoinha_2,1000.0
124681,2026-06-02 13:42:26.958308+00:00,0.0603,1.533,75.59,24.22,0.0773,1.963,0.576,0.573,61.0,61.0,0.095,0.11,2.528,2.635,4.489,3.94,0.0853,2.168,0.1093,2.777,0.128,0.145,ventoinha_2,1000.0
124716,2026-06-02 13:43:36.962596+00:00,0.0603,1.532,75.5,24.16,0.0795,2.02,0.511,0.511,61.0,61.0,0.093,0.113,2.481,2.589,4.001,3.553,0.0853,2.167,0.1124,2.857,0.127,0.144,ventoinha_2,1000.0
124737,2026-06-02 13:44:18.965069+00:00,0.066,1.677,76.02,24.45,0.0762,1.936,0.468,0.559,61.0,61.0,0.095,0.111,2.338,2.587,3.7,3.9,0.0933,2.371,0.1077,2.737,0.126,0.143,ventoinha_2,1000.0
124750,2026-06-02 13:44:44.966512+00:00,0.0733,1.864,75.59,24.22,0.082,2.084,0.412,0.565,17.0,58.5,0.088,0.11,2.277,2.717,3.18,3.92,0.1037,2.636,0.116,2.948,0.129,0.144,ventoinha_2,1000.0
124774,2026-06-02 13:45:32.969394+00:00,0.0555,1.41,75.74,24.3,0.078,1.982,0.469,0.506,61.0,58.5,0.092,0.116,2.359,2.613,3.672,3.519,0.0785,1.994,0.1103,2.803,0.127,0.143,ventoinha_2,1000.0
124807,2026-06-02 13:46:38.973296+00:00,0.0552,1.404,76.16,24.53,0.0733,1.863,0.45,0.531,61.0,61.0,0.088,0.108,2.495,2.578,3.504,3.695,0.0781,1.986,0.1037,2.635,0.128,0.143,ventoinha_2,1000.0
124939,2026-06-02 13:59:10.861221+00:00,0.1085,2.756,75.17,23.98,0.1681,4.269,0.553,0.851,34.1,34.1,0.131,0.157,2.68,2.848,3.646,3.578,0.1534,3.898,0.2377,6.038,0.151,0.237,ventoinha_2,2000.0
124989,2026-06-02 14:00:50.866646+00:00,0.1135,2.884,75.55,24.19,0.1706,4.333,0.487,1.047,34.1,34.1,0.132,0.157,2.588,2.996,3.191,4.166,0.1605,4.078,0.2412,6.128,0.152,0.251,ventoinha_2,2000.0
125056,2026-06-02 14:03:04.872838+00:00,0.108,2.743,73.63,23.13,0.1807,4.591,0.548,0.974,34.1,34.1,0.132,0.17,2.77,2.901,3.602,3.982,0.1527,3.88,0.2556,6.493,0.152,0.244,ventoinha_2,2000.0
125173,2026-06-02 14:06:58.887555+00:00,0.1082,2.749,74.75,23.75,0.1738,4.415,0.488,0.928,34.1,34.1,0.116,0.138,2.632,3.141,3.229,3.918,0.153,3.888,0.2458,6.245,0.151,0.236,ventoinha_2,2000.0
125208,2026-06-02 14:08:08.891583+00:00,0.1089,2.768,74.38,23.54,0.1806,4.587,0.511,0.74,34.1,34.1,0.131,0.153,2.663,2.742,3.301,3.102,0.1541,3.915,0.2554,6.487,0.154,0.238,ventoinha_2,2000.0
125231,2026-06-02 14:08:54.892117+00:00,0.1034,2.628,73.82,23.23,0.1767,4.49,0.583,0.932,34.1,34.1,0.123,0.152,2.774,2.889,3.832,3.852,0.1463,3.716,0.25,6.35,0.152,0.242,ventoinha_2,2000.0
125243,2026-06-02 14:09:18.895586+00:00,0.1046,2.657,73.72,23.18,0.1671,4.244,0.57,0.9,34.1,34.1,0.139,0.165,2.76,2.765,3.709,3.77,0.1479,3.758,0.2363,6.002,0.153,0.238,ventoinha_2,2000.0
125280,2026-06-02 14:10:32.899636+00:00,0.1064,2.703,73.96,23.31,0.1881,4.778,0.537,0.936,34.1,34.1,0.127,0.165,2.608,2.864,3.558,3.778,0.1505,3.822,0.266,6.757,0.15,0.247,ventoinha_2,2000.0
125343,2026-06-02 14:12:38.906728+00:00,0.1051,2.67,73.72,23.18,0.1609,4.088,0.541,0.902,34.1,34.1,0.127,0.157,2.698,2.926,3.513,3.822,0.1487,3.777,0.2276,5.782,0.153,0.236,ventoinha_2,2000.0
125349,2026-06-02 14:12:50.907303+00:00,0.1118,2.84,73.68,23.15,0.1667,4.234,0.538,0.876,34.1,34.1,0.127,0.147,2.715,2.936,3.469,3.606,0.1581,4.017,0.2357,5.988,0.155,0.243,ventoinha_2,2000.0
125394,2026-06-02 14:14:20.912384+00:00,0.1082,2.748,73.82,23.23,0.1716,4.358,0.502,0.942,34.1,34.1,0.144,0.173,2.701,2.803,3.314,3.985,0.153,3.886,0.2426,6.164,0.151,0.236,ventoinha_2,2000.0
125549,2026-06-02 14:19:30.929939+00:00,0.1111,2.823,75.13,23.96,0.1697,4.311,0.53,0.809,34.1,34.1,0.132,0.159,2.722,2.948,3.523,3.419,0.1571,3.992,0.24,6.097,0.15,0.236,ventoinha_2,2000.0
125560,2026-06-02 14:19:52.930917+00:00,0.1126,2.861,73.91,23.28,0.167,4.243,0.537,0.813,34.1,34.1,0.138,0.167,2.782,3.035,3.616,3.471,0.1593,4.046,0.2362,6.001,0.148,0.234,ventoinha_2,2000.0
125561,2026-06-02 14:19:54.931076+00:00,0.1038,2.636,74.24,23.46,0.1713,4.352,0.592,0.951,34.1,34.1,0.131,0.157,2.758,3.04,3.824,3.864,0.1468,3.728,0.2423,6.155,0.155,0.246,ventoinha_2,2000.0
125587,2026-06-02 14:20:46.933848+00:00,0.1057,2.686,73.91,23.28,0.1697,4.312,0.516,0.948,34.1,34.1,0.13,0.15,2.7,3.065,3.375,3.968,0.1496,3.799,0.2401,6.099,0.153,0.238,ventoinha_2,2000.0
125630,2026-06-02 14:22:12.938572+00:00,0.1067,2.71,74.05,23.36,0.1833,4.657,0.55,0.729,34.1,34.1,0.127,0.165,2.647,2.693,3.645,3.071,0.1509,3.833,0.2592,6.586,0.151,0.237,ventoinha_2,2000.0
125636,2026-06-02 14:22:24.938233+00:00,0.1051,2.669,74.66,23.7,0.1707,4.336,0.598,0.971,34.1,34.1,0.122,0.155,2.844,2.98,3.869,4.07,0.1486,3.775,0.2414,6.132,0.154,0.238,ventoinha_2,2000.0
125661,2026-06-02 14:23:14.942149+00:00,0.1092,2.776,73.91,23.28,0.1761,4.475,0.48,0.937,34.1,34.1,0.126,0.146,2.624,3.083,3.163,3.916,0.1545,3.925,0.2491,6.329,0.151,0.239,ventoinha_2,2000.0
125683,2026-06-02 14:23:58.943234+00:00,0.1065,2.705,73.96,23.31,0.1693,4.302,0.482,0.852,34.1,34.1,0.127,0.145,2.665,3.008,3.108,3.556,0.1506,3.826,0.2395,6.083,0.155,0.239,ventoinha_2,2000.0
125738,2026-06-02 14:25:48.948886+00:00,0.1018,2.587,74.52,23.62,0.1653,4.2,0.491,0.777,34.1,34.1,0.134,0.165,2.668,2.761,3.239,3.266,0.144,3.659,0.2338,5.94,0.151,0.238,ventoinha_2,2000.0
125785,2026-06-02 14:27:22.955431+00:00,0.1087,2.762,75.64,24.24,0.1806,4.588,0.58,0.911,34.1,34.1,0.138,0.162,2.678,2.834,3.774,3.808,0.1537,3.906,0.2554,6.489,0.153,0.239,ventoinha_2,2000.0
125807,2026-06-02 14:28:06.959255+00:00,0.0988,2.51,73.96,23.31,0.16,4.064,0.672,0.985,34.1,34.1,0.126,0.147,2.883,2.894,4.482,4.08,0.1397,3.55,0.2262,5.747,0.15,0.241,ventoinha_2,2000.0
125820,2026-06-02 14:28:32.960914+00:00,0.1101,2.797,74.19,23.44,0.1658,4.212,0.616,0.793,34.1,34.1,0.135,0.156,2.657,2.881,4.044,3.216,0.1557,3.956,0.2345,5.956,0.152,0.246,ventoinha_2,2000.0
125824,2026-06-02 14:28:40.961497+00:00,0.1173,2.979,74.1,23.38,0.1651,4.195,0.504,0.913,34.1,34.1,0.134,0.159,2.738,2.98,3.372,3.859,0.1659,4.214,0.2335,5.933,0.149,0.236,ventoinha_2,2000.0
125910,2026-06-02 14:31:32.971621+00:00,0.1048,2.663,73.96,23.31,0.1724,4.379,0.52,0.787,34.1,34.1,0.129,0.154,2.685,2.693,3.382,3.264,0.1482,3.766,0.2438,6.194,0.153,0.241,ventoinha_2,2000.0
125938,2026-06-02 14:39:36.550196+00:00,0.0929,2.36,79.08,26.16,0.1093,2.776,0.596,0.759,34.1,134.2,0.16,0.182,2.839,2.824,4.033,3.185,0.1314,3.338,0.1546,3.926,0.147,0.238,polia_2,2000.0
125968,2026-06-02 14:40:36.553561+00:00,0.0946,2.402,77.24,25.13,0.1211,3.076,0.548,0.874,134.2,134.2,0.177,0.206,2.813,2.856,3.668,3.661,0.1337,3.398,0.1712,4.35,0.149,0.238,polia_2,2000.0
125975,2026-06-02 14:40:50.553860+00:00,0.0978,2.486,76.96,24.97,0.125,3.175,0.493,0.937,134.2,61.0,0.163,0.204,2.636,2.987,3.335,3.898,0.1384,3.515,0.1768,4.491,0.147,0.24,polia_2,2000.0
125976,2026-06-02 14:40:52.554008+00:00,0.0978,2.486,76.72,24.84,0.125,3.175,0.493,0.937,134.2,61.0,0.163,0.204,2.636,2.987,3.335,3.898,0.1384,3.515,0.1768,4.491,0.147,0.24,polia_2,2000.0
125987,2026-06-02 14:41:14.555072+00:00,0.0832,2.113,76.58,24.77,0.1,2.541,0.437,0.928,34.1,61.0,0.151,0.153,2.585,2.927,2.918,3.911,0.1176,2.988,0.1414,3.593,0.15,0.237,polia_2,2000.0
126026,2026-06-02 14:42:32.558799+00:00,0.0959,2.436,75.41,24.11,0.1314,3.339,0.504,0.83,134.2,134.2,0.172,0.203,2.69,2.922,3.329,3.428,0.1356,3.445,0.1859,4.723,0.151,0.242,polia_2,2000.0
126068,2026-06-02 14:43:56.563432+00:00,0.0867,2.202,75.13,23.96,0.1134,2.882,0.523,0.876,34.1,58.5,0.157,0.183,2.69,2.927,3.405,3.593,0.1226,3.114,0.1604,4.075,0.153,0.243,polia_2,2000.0
126076,2026-06-02 14:44:12.564462+00:00,0.0808,2.052,74.28,23.49,0.099,2.516,0.641,0.897,34.1,134.2,0.146,0.154,2.711,3.073,4.265,3.695,0.1142,2.903,0.1401,3.558,0.15,0.242,polia_2,2000.0
126118,2026-06-02 14:45:36.569092+00:00,0.0885,2.249,74.05,23.36,0.1137,2.888,0.508,1.0,34.1,134.2,0.158,0.179,2.732,2.901,3.33,4.099,0.1252,3.18,0.1608,4.085,0.152,0.244,polia_2,2000.0
126127,2026-06-02 14:45:54.570090+00:00,0.086,2.185,74.1,23.38,0.1145,2.908,0.624,0.93,58.5,58.5,0.155,0.182,2.805,3.012,4.059,3.706,0.1216,3.09,0.1619,4.113,0.153,0.251,polia_2,2000.0
126175,2026-06-02 14:47:30.575427+00:00,0.0986,2.505,74.14,23.41,0.1228,3.119,0.661,0.784,134.2,134.2,0.173,0.21,2.827,2.849,4.268,3.128,0.1395,3.543,0.1737,4.412,0.155,0.25,polia_2,2000.0
126190,2026-06-02 14:48:00.577285+00:00,0.0932,2.369,75.5,24.16,0.1093,2.777,0.567,0.823,134.2,134.2,0.169,0.201,2.642,2.703,3.665,3.334,0.1319,3.35,0.1546,3.928,0.154,0.247,polia_2,2000.0
126213,2026-06-02 14:48:46.579424+00:00,0.0922,2.343,73.86,23.25,0.1115,2.834,0.567,0.935,134.2,134.2,0.163,0.187,2.814,2.811,3.742,3.832,0.1304,3.313,0.1577,4.008,0.151,0.244,polia_2,2000.0
126215,2026-06-02 14:48:50.580149+00:00,0.0892,2.267,74.99,23.88,0.1221,3.101,0.485,0.868,134.2,58.5,0.161,0.182,2.762,2.767,3.162,3.637,0.1262,3.206,0.1726,4.386,0.153,0.238,polia_2,2000.0
126220,2026-06-02 14:49:00.581010+00:00,0.0823,2.092,73.91,23.28,0.1028,2.612,0.517,0.885,134.2,61.0,0.153,0.163,2.643,2.776,3.309,3.518,0.1164,2.958,0.1454,3.695,0.156,0.251,polia_2,2000.0
126222,2026-06-02 14:49:04.581206+00:00,0.0915,2.325,73.91,23.28,0.11,2.795,0.534,0.818,34.1,134.2,0.15,0.176,2.69,2.768,3.437,3.25,0.1294,3.288,0.1556,3.953,0.155,0.251,polia_2,2000.0
126246,2026-06-02 14:49:52.582372+00:00,0.0922,2.343,74.19,23.44,0.12,3.048,0.589,0.844,34.1,134.2,0.168,0.199,2.778,2.835,3.776,3.376,0.1305,3.314,0.1697,4.311,0.156,0.249,polia_2,2000.0
126317,2026-06-02 14:52:14.592180+00:00,0.0944,2.399,74.14,23.41,0.1129,2.868,0.593,0.825,31.7,61.0,0.158,0.17,2.722,2.93,3.862,3.444,0.1336,3.393,0.1596,4.056,0.153,0.239,polia_2,2000.0
126332,2026-06-02 14:52:44.594502+00:00,0.0897,2.28,74.1,23.38,0.1231,3.128,0.53,0.776,134.2,134.2,0.167,0.204,2.75,2.767,3.475,3.227,0.1269,3.224,0.1741,4.424,0.152,0.24,polia_2,2000.0
126396,2026-06-02 14:54:52.601208+00:00,0.0806,2.048,74.14,23.41,0.1052,2.672,0.578,0.792,34.1,61.0,0.14,0.164,2.743,2.826,3.838,3.314,0.114,2.896,0.1488,3.78,0.15,0.239,polia_2,2000.0
126445,2026-06-02 14:56:30.610419+00:00,0.0978,2.484,74.24,23.46,0.1277,3.245,0.59,0.887,134.2,9.7,0.165,0.192,2.771,2.88,3.78,3.584,0.1383,3.513,0.1806,4.589,0.156,0.247,polia_2,2000.0
126536,2026-06-02 14:59:32.622926+00:00,0.0951,2.417,74.28,23.49,0.1159,2.944,0.526,0.833,134.2,134.2,0.175,0.211,2.797,2.915,3.41,3.5,0.1346,3.419,0.1639,4.163,0.154,0.238,polia_2,2000.0
126568,2026-06-02 15:00:36.628847+00:00,0.091,2.311,74.38,23.54,0.1033,2.625,0.581,0.985,61.0,61.0,0.145,0.162,2.664,3.032,3.748,4.006,0.1287,3.269,0.1461,3.712,0.155,0.245,polia_2,2000.0
126619,2026-06-02 15:02:18.636132+00:00,0.0955,2.425,74.42,23.57,0.1127,2.864,0.524,0.825,134.2,134.2,0.17,0.187,2.791,2.821,3.424,3.401,0.135,3.43,0.1594,4.05,0.153,0.242,polia_2,2000.0
126642,2026-06-02 15:03:04.639006+00:00,0.0935,2.376,74.33,23.51,0.1126,2.861,0.548,0.819,134.2,134.2,0.18,0.208,2.748,2.887,3.47,3.273,0.1323,3.36,0.1593,4.047,0.158,0.25,polia_2,2000.0
126651,2026-06-02 15:03:22.640237+00:00,0.0994,2.524,74.33,23.51,0.1279,3.25,0.543,0.786,134.2,134.2,0.179,0.213,2.716,2.79,3.485,3.268,0.1405,3.57,0.1809,4.596,0.155,0.24,polia_2,2000.0
126670,2026-06-02 15:04:00.642960+00:00,0.1038,2.638,74.38,23.54,0.1293,3.285,0.531,0.809,134.2,134.2,0.18,0.221,2.734,2.746,3.456,3.366,0.1469,3.731,0.1829,4.647,0.153,0.24,polia_2,2000.0
126696,2026-06-02 15:04:52.646421+00:00,0.0859,2.182,75.31,24.06,0.1092,2.776,0.527,0.879,34.1,58.5,0.151,0.168,2.791,2.917,3.402,3.605,0.1214,3.085,0.1545,3.926,0.154,0.244,polia_2,2000.0
126705,2026-06-02 15:05:10.647671+00:00,0.0823,2.091,74.47,23.59,0.0991,2.518,0.539,0.843,61.0,134.2,0.14,0.166,2.672,2.897,3.451,3.385,0.1164,2.958,0.1402,3.562,0.156,0.249,polia_2,2000.0
126718,2026-06-02 15:05:36.649421+00:00,0.0904,2.297,74.89,23.83,0.1115,2.834,0.558,1.029,31.7,58.5,0.156,0.179,2.753,3.024,3.603,4.172,0.1279,3.249,0.1578,4.008,0.155,0.246,polia_2,2000.0
126766,2026-06-02 15:07:12.655559+00:00,0.0887,2.253,74.42,23.57,0.1107,2.812,0.607,0.929,31.7,61.0,0.148,0.165,2.75,2.878,3.947,3.844,0.1254,3.187,0.1565,3.977,0.153,0.241,polia_2,2000.0
126824,2026-06-02 15:09:08.661758+00:00,0.0944,2.398,74.28,23.49,0.1102,2.799,0.603,0.795,134.2,134.2,0.17,0.191,2.752,2.768,3.97,3.235,0.1335,3.391,0.1558,3.959,0.152,0.245,polia_2,2000.0
126836,2026-06-02 15:09:32.664782+00:00,0.0927,2.357,74.42,23.57,0.1229,3.122,0.544,0.846,31.7,58.5,0.165,0.199,2.796,3.066,3.556,3.519,0.1312,3.333,0.1738,4.416,0.153,0.24,polia_2,2000.0
126925,2026-06-02 15:12:53.116135+00:00,0.0659,1.674,74.99,23.88,0.0839,2.132,0.396,0.539,61.0,61.0,0.094,0.109,2.374,2.66,3.061,3.658,0.0932,2.367,0.1187,3.015,0.129,0.147,polia_2,1000.0
126929,2026-06-02 15:13:01.128658+00:00,0.0745,1.893,75.08,23.93,0.0965,2.453,0.487,0.592,17.0,61.0,0.101,0.124,2.375,2.73,3.783,3.991,0.1054,2.678,0.1366,3.469,0.128,0.148,polia_2,1000.0
126997,2026-06-02 15:15:17.136830+00:00,0.0641,1.629,76.2,24.56,0.1059,2.692,0.531,0.689,61.0,17.0,0.103,0.123,2.494,2.904,4.117,4.64,0.0907,2.304,0.1498,3.807,0.129,0.148,polia_2,1000.0
127014,2026-06-02 15:15:51.138930+00:00,0.0666,1.691,76.3,24.61,0.0982,2.494,0.504,0.613,58.5,17.0,0.095,0.117,2.538,2.776,3.951,4.204,0.0941,2.392,0.1388,3.527,0.127,0.145,polia_2,1000.0
127041,2026-06-02 15:16:45.142282+00:00,0.0687,1.746,76.68,24.82,0.0863,2.192,0.442,0.52,61.0,61.0,0.094,0.115,2.537,2.565,3.462,3.588,0.0972,2.469,0.122,3.1,0.127,0.144,polia_2,1000.0
127114,2026-06-02 15:19:11.151201+00:00,0.0687,1.745,76.82,24.9,0.095,2.415,0.421,0.55,58.5,61.0,0.109,0.132,2.416,2.621,3.254,3.793,0.0971,2.468,0.1344,3.415,0.129,0.145,polia_2,1000.0
127119,2026-06-02 15:19:21.151659+00:00,0.072,1.829,77.9,25.5,0.0981,2.493,0.51,0.638,58.5,61.0,0.1,0.128,2.478,2.701,3.998,4.377,0.1018,2.587,0.1388,3.525,0.127,0.145,polia_2,1000.0
127150,2026-06-02 15:20:23.155319+00:00,0.076,1.931,76.91,24.95,0.0903,2.295,0.556,0.6,17.0,61.0,0.103,0.118,2.404,2.678,4.367,4.146,0.1075,2.731,0.1278,3.247,0.127,0.144,polia_2,1000.0
127165,2026-06-02 15:20:53.157058+00:00,0.0697,1.772,76.96,24.97,0.0985,2.504,0.489,0.636,61.0,61.0,0.099,0.126,2.451,2.712,3.82,4.393,0.0987,2.507,0.1394,3.541,0.128,0.144,polia_2,1000.0
127194,2026-06-02 15:21:51.160422+00:00,0.0782,1.986,78.18,25.66,0.0975,2.478,0.46,0.51,17.0,61.0,0.104,0.121,2.407,2.65,3.671,3.516,0.1106,2.809,0.138,3.505,0.125,0.145,polia_2,1000.0
127222,2026-06-02 15:22:47.164051+00:00,0.0677,1.72,77.0,25.0,0.0881,2.239,0.548,0.563,61.0,61.0,0.104,0.126,2.588,2.614,4.283,3.884,0.0958,2.433,0.1246,3.166,0.128,0.145,polia_2,1000.0
127254,2026-06-02 15:23:51.167897+00:00,0.0723,1.838,76.91,24.95,0.0857,2.177,0.421,0.514,17.0,61.0,0.096,0.113,2.387,2.796,3.314,3.58,0.1023,2.599,0.1212,3.079,0.127,0.143,polia_2,1000.0
127283,2026-06-02 15:24:49.171011+00:00,0.0733,1.862,76.77,24.87,0.1028,2.611,0.433,0.527,17.0,17.0,0.098,0.12,2.494,2.692,3.378,3.576,0.1037,2.634,0.1454,3.693,0.128,0.147,polia_2,1000.0
127284,2026-06-02 15:24:51.171658+00:00,0.0681,1.73,76.96,24.97,0.0951,2.415,0.507,0.563,61.0,61.0,0.094,0.122,2.411,2.733,4.007,3.878,0.0963,2.447,0.1344,3.416,0.126,0.145,polia_2,1000.0
127335,2026-06-02 15:26:33.177812+00:00,0.0738,1.876,76.86,24.92,0.0945,2.401,0.501,0.574,17.0,17.0,0.102,0.122,2.378,2.668,3.941,3.946,0.1044,2.653,0.1336,3.395,0.127,0.145,polia_2,1000.0
127415,2026-06-02 15:29:13.187476+00:00,0.0747,1.897,78.18,25.66,0.0883,2.242,0.408,0.542,17.0,61.0,0.093,0.109,2.373,2.699,3.209,3.712,0.1056,2.683,0.1248,3.171,0.127,0.146,polia_2,1000.0
127471,2026-06-02 15:31:05.194080+00:00,0.0645,1.639,76.86,24.92,0.1152,2.928,0.47,0.526,61.0,17.0,0.1,0.125,2.455,2.656,3.666,3.59,0.0912,2.318,0.163,4.141,0.128,0.146,polia_2,1000.0
127506,2026-06-02 15:32:15.198285+00:00,0.0723,1.838,76.96,24.97,0.0971,2.468,0.436,0.566,17.0,61.0,0.1,0.117,2.444,2.667,3.395,3.816,0.1023,2.599,0.1374,3.491,0.128,0.148,polia_2,1000.0
127507,2026-06-02 15:32:17.198282+00:00,0.0723,1.838,76.86,24.92,0.0971,2.468,0.436,0.566,17.0,61.0,0.1,0.117,2.444,2.667,3.395,3.816,0.1023,2.599,0.1374,3.491,0.128,0.148,polia_2,1000.0
127524,2026-06-02 15:32:51.200579+00:00,0.0714,1.814,76.86,24.92,0.0947,2.405,0.466,0.538,17.0,58.5,0.098,0.12,2.487,2.705,3.617,3.758,0.101,2.566,0.1339,3.402,0.128,0.143,polia_2,1000.0
127589,2026-06-02 15:35:01.208354+00:00,0.0766,1.946,76.96,24.97,0.0887,2.254,0.43,0.548,17.0,61.0,0.098,0.12,2.351,2.708,3.392,3.795,0.1083,2.752,0.1255,3.187,0.126,0.144,polia_2,1000.0
127618,2026-06-02 15:35:59.211582+00:00,0.0623,1.584,76.91,24.95,0.0903,2.296,0.456,0.58,61.0,61.0,0.093,0.111,2.491,2.775,3.538,3.953,0.0882,2.24,0.1278,3.247,0.129,0.146,polia_2,1000.0
127687,2026-06-02 15:38:17.219779+00:00,0.0734,1.865,77.95,25.52,0.0994,2.526,0.456,0.561,17.0,17.0,0.092,0.105,2.403,2.602,3.584,3.912,0.1038,2.638,0.1406,3.573,0.127,0.143,polia_2,1000.0
127725,2026-06-02 15:39:33.224294+00:00,0.0642,1.63,77.0,25.0,0.1036,2.633,0.467,0.597,61.0,17.0,0.097,0.116,2.424,2.82,3.595,3.999,0.0908,2.306,0.1466,3.724,0.129,0.149,polia_2,1000.0
127741,2026-06-02 15:40:05.226238+00:00,0.0752,1.912,77.29,25.16,0.0941,2.391,0.434,0.609,61.0,61.0,0.107,0.125,2.524,3.0,3.362,4.156,0.1064,2.704,0.1331,3.381,0.129,0.146,polia_2,1000.0
127744,2026-06-02 15:40:11.226604+00:00,0.0692,1.758,77.95,25.52,0.1067,2.711,0.409,0.562,17.0,61.0,0.095,0.122,2.342,2.673,3.25,3.869,0.0979,2.487,0.1509,3.834,0.126,0.145,polia_2,1000.0
127754,2026-06-02 15:40:31.227541+00:00,0.0768,1.952,76.96,24.97,0.0843,2.142,0.55,0.619,17.0,61.0,0.107,0.124,2.545,2.794,4.31,4.241,0.1087,2.761,0.1193,3.03,0.127,0.146,polia_2,1000.0
127766,2026-06-02 15:40:55.229128+00:00,0.0702,1.784,76.96,24.97,0.1082,2.749,0.472,0.532,61.0,17.0,0.096,0.114,2.376,2.7,3.69,3.645,0.0993,2.523,0.1531,3.888,0.128,0.145,polia_2,1000.0
127845,2026-06-02 15:43:33.238593+00:00,0.0722,1.835,77.38,25.21,0.0975,2.478,0.523,0.596,61.0,61.0,0.094,0.115,2.441,2.793,4.074,4.135,0.1021,2.595,0.1379,3.504,0.128,0.144,polia_2,1000.0
127925,2026-06-02 15:46:30.063160+00:00,0.0545,1.386,77.1,25.05,0.1014,2.577,0.478,0.526,58.5,58.5,0.073,0.119,2.412,2.595,3.817,3.838,0.0771,1.96,0.1435,3.645,0.125,0.137,polia_2,500.0
128007,2026-06-02 15:49:14.083738+00:00,0.0562,1.429,78.47,25.81,0.0967,2.458,0.489,0.538,58.5,58.5,0.075,0.114,2.392,2.497,3.898,3.981,0.0795,2.021,0.1368,3.476,0.125,0.135,polia_2,500.0
128035,2026-06-02 15:50:10.087666+00:00,0.0591,1.502,78.8,26.0,0.1118,2.84,0.525,0.532,58.5,58.5,0.074,0.124,2.511,2.601,4.235,3.943,0.0836,2.124,0.1581,4.017,0.124,0.134,polia_2,500.0
128037,2026-06-02 15:50:14.087831+00:00,0.0632,1.605,78.8,26.0,0.1043,2.651,0.463,0.456,58.5,58.5,0.079,0.121,2.294,2.494,3.79,3.392,0.0894,2.271,0.1476,3.749,0.122,0.134,polia_2,500.0
128068,2026-06-02 15:51:16.091349+00:00,0.0573,1.456,79.13,26.18,0.104,2.643,0.491,0.458,58.5,58.5,0.074,0.12,2.343,2.498,4.017,3.448,0.081,2.059,0.1471,3.737,0.122,0.133,polia_2,500.0
128178,2026-06-02 15:54:56.104304+00:00,0.0635,1.614,79.75,26.53,0.076,1.932,0.526,0.504,61.0,61.0,0.076,0.104,2.422,2.575,4.247,3.782,0.0899,2.283,0.1075,2.732,0.123,0.133,polia_2,500.0
128196,2026-06-02 15:55:32.106484+00:00,0.0571,1.451,79.61,26.45,0.0834,2.119,0.478,0.61,61.0,61.0,0.076,0.105,2.48,2.82,3.93,4.572,0.0808,2.052,0.118,2.997,0.121,0.133,polia_2,500.0
128256,2026-06-02 15:57:32.113433+00:00,0.0564,1.432,79.8,26.55,0.0909,2.31,0.453,0.486,61.0,61.0,0.072,0.105,2.361,2.696,3.7,3.597,0.0797,2.026,0.1286,3.267,0.122,0.135,polia_2,500.0
128342,2026-06-02 16:00:24.123592+00:00,0.0646,1.642,80.08,26.71,0.0955,2.427,0.458,0.537,61.0,61.0,0.079,0.113,2.39,2.622,3.743,4.012,0.0914,2.322,0.1351,3.432,0.122,0.133,polia_2,500.0
128349,2026-06-02 16:00:38.123546+00:00,0.0609,1.547,80.13,26.74,0.0873,2.219,0.428,0.535,9.7,56.1,0.074,0.104,2.291,2.545,3.54,4.036,0.0861,2.188,0.1235,3.138,0.12,0.132,polia_2,500.0
128401,2026-06-02 16:02:22.130703+00:00,0.0513,1.304,80.08,26.71,0.087,2.21,0.446,0.643,61.0,61.0,0.072,0.107,2.412,2.838,3.649,4.703,0.0726,1.844,0.123,3.125,0.122,0.136,polia_2,500.0
128406,2026-06-02 16:02:32.131338+00:00,0.0566,1.438,80.46,26.92,0.1022,2.596,0.398,0.523,61.0,58.5,0.079,0.114,2.373,2.546,3.251,3.903,0.08,2.033,0.1445,3.671,0.122,0.133,polia_2,500.0
128429,2026-06-02 16:03:18.134089+00:00,0.0503,1.279,80.13,26.74,0.0806,2.047,0.471,0.514,61.0,56.1,0.076,0.102,2.454,2.591,3.824,3.785,0.0712,1.809,0.1139,2.895,0.123,0.135,polia_2,500.0
128449,2026-06-02 16:03:58.136522+00:00,0.0518,1.316,80.99,27.21,0.0782,1.988,0.43,0.491,61.0,61.0,0.071,0.103,2.397,2.543,3.529,3.656,0.0733,1.862,0.1107,2.812,0.121,0.134,polia_2,500.0
128470,2026-06-02 16:04:40.139091+00:00,0.0576,1.464,80.23,26.79,0.076,1.932,0.444,0.505,61.0,61.0,0.074,0.102,2.29,2.659,3.669,3.793,0.0815,2.071,0.1076,2.733,0.121,0.133,polia_2,500.0
128491,2026-06-02 16:05:22.141623+00:00,0.0625,1.589,81.18,27.32,0.0922,2.343,0.467,0.505,9.7,58.5,0.071,0.114,2.492,2.545,3.822,3.778,0.0885,2.248,0.1304,3.313,0.122,0.133,polia_2,500.0
128503,2026-06-02 16:05:46.142813+00:00,0.0552,1.402,81.66,27.59,0.1055,2.681,0.492,0.502,58.5,58.5,0.073,0.122,2.406,2.567,4.046,3.812,0.078,1.982,0.1493,3.792,0.121,0.131,polia_2,500.0
128527,2026-06-02 16:06:34.145796+00:00,0.0539,1.371,80.08,26.71,0.0714,1.813,0.479,0.582,61.0,61.0,0.072,0.096,2.442,2.716,3.879,4.314,0.0763,1.939,0.1009,2.565,0.123,0.134,polia_2,500.0
128587,2026-06-02 16:08:34.152856+00:00,0.0584,1.484,80.8,27.11,0.1057,2.686,0.376,0.513,58.5,58.5,0.077,0.119,2.3,2.724,3.083,3.808,0.0826,2.099,0.1495,3.799,0.122,0.134,polia_2,500.0
128602,2026-06-02 16:09:04.154634+00:00,0.053,1.346,80.18,26.76,0.0833,2.116,0.395,0.574,61.0,61.0,0.075,0.112,2.34,2.711,3.29,4.227,0.0749,1.904,0.1178,2.993,0.12,0.135,polia_2,500.0
128648,2026-06-02 16:10:36.160224+00:00,0.0634,1.61,80.27,26.82,0.0903,2.295,0.456,0.552,61.0,58.5,0.077,0.114,2.343,2.721,3.721,4.027,0.0896,2.277,0.1278,3.246,0.122,0.137,polia_2,500.0
128662,2026-06-02 16:11:04.164548+00:00,0.0532,1.351,80.27,26.82,0.0794,2.018,0.367,0.604,61.0,61.0,0.076,0.104,2.377,2.927,3.022,4.44,0.0752,1.911,0.1124,2.855,0.121,0.136,polia_2,500.0
128672,2026-06-02 16:11:24.165842+00:00,0.0568,1.444,81.42,27.45,0.0914,2.322,0.434,0.552,61.0,58.5,0.072,0.113,2.396,2.656,3.605,4.165,0.0804,2.042,0.1292,3.283,0.12,0.132,polia_2,500.0
128700,2026-06-02 16:12:20.169337+00:00,0.0491,1.248,80.32,26.84,0.0862,2.19,0.425,0.512,61.0,58.5,0.075,0.11,2.409,2.673,3.478,3.814,0.0695,1.765,0.1219,3.098,0.122,0.134,polia_2,500.0
128775,2026-06-02 16:14:50.178375+00:00,0.0525,1.333,81.08,27.27,0.0831,2.112,0.412,0.464,61.0,61.0,0.075,0.103,2.351,2.648,3.412,3.455,0.0742,1.885,0.1176,2.987,0.12,0.134,polia_2,500.0
128805,2026-06-02 16:15:50.181963+00:00,0.054,1.372,80.37,26.87,0.086,2.185,0.406,0.503,61.0,61.0,0.074,0.108,2.273,2.517,3.366,3.736,0.0764,1.94,0.1216,3.09,0.12,0.134,polia_2,500.0
128819,2026-06-02 16:16:18.183446+00:00,0.059,1.499,80.32,26.84,0.0813,2.065,0.428,0.471,9.7,61.0,0.074,0.101,2.328,2.674,3.466,3.489,0.0834,2.12,0.1149,2.92,0.123,0.135,polia_2,500.0
128825,2026-06-02 16:16:30.184237+00:00,0.0583,1.48,80.42,26.9,0.1021,2.594,0.541,0.506,58.5,58.5,0.076,0.117,2.465,2.568,4.446,3.826,0.0824,2.094,0.1444,3.668,0.121,0.132,polia_2,500.0
129242,2026-06-02 16:53:16.978882+00:00,0.0501,1.272,81.42,27.45,0.0643,1.634,0.445,0.503,61.0,61.0,0.09,0.109,2.493,2.677,3.644,3.69,0.0708,1.8,0.0909,2.311,0.122,0.136,rolamento_inner_2,500.0
129272,2026-06-02 16:54:16.995379+00:00,0.0496,1.259,81.18,27.32,0.0638,1.622,0.475,0.541,61.0,61.0,0.078,0.098,2.503,2.615,3.914,4.065,0.0701,1.781,0.0903,2.294,0.121,0.133,rolamento_inner_2,500.0
129279,2026-06-02 16:54:30.996078+00:00,0.0564,1.433,80.61,27.0,0.0587,1.492,0.476,0.632,61.0,61.0,0.08,0.099,2.477,2.734,3.911,4.669,0.0798,2.027,0.083,2.11,0.121,0.135,rolamento_inner_2,500.0
129280,2026-06-02 16:54:32.996172+00:00,0.0512,1.302,80.56,26.98,0.074,1.882,0.488,0.517,61.0,61.0,0.077,0.104,2.454,2.587,3.935,3.933,0.0725,1.841,0.1047,2.661,0.124,0.131,rolamento_inner_2,500.0
129291,2026-06-02 16:54:54.987494+00:00,0.0538,1.366,80.61,27.0,0.0653,1.66,0.396,0.463,61.0,61.0,0.08,0.102,2.373,2.508,3.26,3.5,0.076,1.932,0.0924,2.348,0.121,0.132,rolamento_inner_2,500.0
129330,2026-06-02 16:56:13.002391+00:00,0.0562,1.428,79.75,26.53,0.0815,2.071,0.472,0.483,58.5,58.5,0.085,0.118,2.517,2.518,3.826,3.584,0.0795,2.02,0.1153,2.928,0.123,0.134,rolamento_inner_2,500.0
129372,2026-06-02 16:57:37.007457+00:00,0.0573,1.457,79.27,26.26,0.078,1.981,0.417,0.463,61.0,58.5,0.075,0.102,2.294,2.538,3.437,3.457,0.0811,2.061,0.1103,2.802,0.121,0.134,rolamento_inner_2,500.0
129402,2026-06-02 16:58:37.011125+00:00,0.0585,1.487,79.08,26.16,0.0891,2.263,0.379,0.514,61.0,58.5,0.074,0.111,2.325,2.69,3.089,3.788,0.0828,2.103,0.126,3.2,0.122,0.135,rolamento_inner_2,500.0
129403,2026-06-02 16:58:39.011418+00:00,0.054,1.373,79.08,26.16,0.0908,2.307,0.429,0.627,61.0,58.5,0.09,0.119,2.419,2.695,3.473,4.616,0.0765,1.943,0.1284,3.263,0.123,0.135,rolamento_inner_2,500.0
129422,2026-06-02 16:59:17.013908+00:00,0.0588,1.495,79.18,26.21,0.0899,2.284,0.624,0.648,58.5,58.5,0.072,0.113,2.392,2.744,5.016,4.811,0.0832,2.114,0.1271,3.23,0.124,0.134,rolamento_inner_2,500.0
129439,2026-06-02 16:59:51.015671+00:00,0.0636,1.616,78.94,26.08,0.0627,1.594,0.417,0.547,9.7,61.0,0.071,0.087,2.359,2.748,3.389,3.983,0.09,2.286,0.0887,2.255,0.123,0.137,rolamento_inner_2,500.0
129479,2026-06-02 17:01:11.020886+00:00,0.0507,1.289,78.8,26.0,0.0613,1.559,0.456,0.518,61.0,61.0,0.078,0.095,2.361,2.64,3.634,3.811,0.0717,1.823,0.0868,2.205,0.125,0.135,rolamento_inner_2,500.0
129482,2026-06-02 17:01:17.021092+00:00,0.0541,1.376,78.94,26.08,0.0884,2.246,0.439,0.536,58.5,58.5,0.078,0.116,2.333,2.749,3.575,3.892,0.0766,1.946,0.125,3.177,0.122,0.137,rolamento_inner_2,500.0
129517,2026-06-02 17:02:27.023209+00:00,0.0475,1.207,78.8,26.0,0.0658,1.672,0.573,0.52,61.0,61.0,0.069,0.092,2.456,2.712,4.563,3.802,0.0672,1.706,0.093,2.364,0.125,0.136,rolamento_inner_2,500.0
129519,2026-06-02 17:02:31.025658+00:00,0.0652,1.657,79.23,26.23,0.0809,2.055,0.432,0.729,58.5,58.5,0.088,0.117,2.329,2.762,3.484,5.347,0.0923,2.344,0.1144,2.906,0.124,0.136,rolamento_inner_2,500.0
129526,2026-06-02 17:02:45.026454+00:00,0.0524,1.333,78.75,25.97,0.0717,1.823,0.501,0.583,61.0,61.0,0.075,0.104,2.507,2.532,3.957,4.269,0.0742,1.885,0.1015,2.578,0.126,0.136,rolamento_inner_2,500.0
129582,2026-06-02 17:04:37.033188+00:00,0.0537,1.365,79.18,26.21,0.0566,1.437,0.362,0.459,61.0,61.0,0.073,0.088,2.293,2.429,3.019,3.507,0.076,1.931,0.08,2.033,0.12,0.131,rolamento_inner_2,500.0
129630,2026-06-02 17:06:13.039153+00:00,0.0638,1.62,79.08,26.16,0.0895,2.275,0.461,0.449,58.5,58.5,0.09,0.126,2.468,2.576,3.724,3.233,0.0902,2.292,0.1267,3.218,0.123,0.138,rolamento_inner_2,500.0
129636,2026-06-02 17:06:25.039949+00:00,0.0578,1.469,78.94,26.08,0.0969,2.461,0.421,0.558,61.0,58.5,0.093,0.133,2.364,2.565,3.403,4.123,0.0818,2.077,0.137,3.48,0.123,0.135,rolamento_inner_2,500.0
129639,2026-06-02 17:06:31.040034+00:00,0.051,1.297,78.8,26.0,0.0646,1.641,0.508,0.614,61.0,61.0,0.09,0.109,2.438,2.776,4.038,4.444,0.0722,1.834,0.0913,2.321,0.125,0.138,rolamento_inner_2,500.0
129658,2026-06-02 17:07:09.042574+00:00,0.064,1.627,79.94,26.63,0.0797,2.025,0.472,0.471,9.7,58.5,0.079,0.104,2.406,2.58,3.846,3.508,0.0906,2.301,0.1127,2.865,0.122,0.134,rolamento_inner_2,500.0
129667,2026-06-02 17:07:27.043879+00:00,0.0561,1.424,78.85,26.02,0.0638,1.621,0.54,0.55,61.0,61.0,0.071,0.093,2.426,2.57,4.339,4.053,0.0793,2.015,0.0902,2.292,0.124,0.135,rolamento_inner_2,500.0
129678,2026-06-02 17:07:49.045222+00:00,0.0536,1.363,78.89,26.05,0.0853,2.167,0.454,0.512,61.0,58.5,0.077,0.111,2.375,2.549,3.649,3.795,0.0759,1.928,0.1206,3.065,0.124,0.135,rolamento_inner_2,500.0
129700,2026-06-02 17:08:33.047888+00:00,0.0531,1.349,79.51,26.39,0.0765,1.945,0.434,0.641,61.0,58.5,0.083,0.111,2.411,2.666,3.546,4.726,0.0751,1.909,0.1083,2.75,0.122,0.135,rolamento_inner_2,500.0
129723,2026-06-02 17:09:19.050652+00:00,0.0599,1.522,78.94,26.08,0.063,1.601,0.447,0.491,61.0,61.0,0.092,0.101,2.411,2.53,3.557,3.578,0.0847,2.153,0.0891,2.264,0.125,0.137,rolamento_inner_2,500.0
129760,2026-06-02 17:10:33.055353+00:00,0.0555,1.411,78.94,26.08,0.0852,2.165,0.474,0.736,58.5,58.5,0.074,0.109,2.439,2.914,3.845,5.339,0.0786,1.996,0.1205,3.062,0.123,0.138,rolamento_inner_2,500.0
129795,2026-06-02 17:11:43.059693+00:00,0.0531,1.35,79.04,26.13,0.0864,2.196,0.471,0.554,58.5,58.5,0.074,0.107,2.465,2.709,3.825,4.088,0.0752,1.91,0.1222,3.106,0.123,0.135,rolamento_inner_2,500.0
129830,2026-06-02 17:12:53.063814+00:00,0.0502,1.277,79.04,26.13,0.0737,1.873,0.495,0.522,61.0,61.0,0.077,0.103,2.45,2.693,3.967,3.815,0.0711,1.806,0.1042,2.648,0.124,0.136,rolamento_inner_2,500.0
129907,2026-06-02 17:15:27.072890+00:00,0.0541,1.374,79.75,26.53,0.0982,2.496,0.471,0.6,61.0,58.5,0.08,0.118,2.472,2.756,3.763,4.379,0.0765,1.943,0.1389,3.529,0.125,0.137,rolamento_inner_2,500.0
129910,2026-06-02 17:15:33.073374+00:00,0.0568,1.444,80.7,27.05,0.0643,1.634,0.491,0.66,61.0,61.0,0.087,0.107,2.452,2.726,3.988,4.792,0.0804,2.043,0.091,2.312,0.123,0.137,rolamento_inner_2,500.0
129955,2026-06-02 17:17:03.078716+00:00,0.0676,1.717,79.32,26.29,0.0935,2.375,0.419,0.483,9.7,58.5,0.088,0.125,2.334,2.589,3.404,3.47,0.0956,2.428,0.1322,3.359,0.123,0.139,rolamento_inner_2,500.0
129972,2026-06-02 17:17:37.080775+00:00,0.0603,1.533,80.23,26.79,0.075,1.906,0.467,0.596,58.5,58.5,0.089,0.114,2.383,2.594,3.792,4.442,0.0854,2.169,0.1061,2.696,0.123,0.134,rolamento_inner_2,500.0
130251,2026-06-02 17:32:11.981782+00:00,0.096,2.44,78.85,26.02,0.0874,2.221,0.494,0.622,17.0,61.0,0.136,0.142,2.541,2.818,3.786,4.02,0.1359,3.451,0.1236,3.141,0.13,0.154,rolamento_inner_2,1000.0
130303,2026-06-02 17:33:55.987730+00:00,0.0969,2.461,78.09,25.6,0.0984,2.5,0.426,0.555,17.0,14.6,0.114,0.13,2.47,2.715,3.266,3.586,0.137,3.48,0.1392,3.536,0.13,0.154,rolamento_inner_2,1000.0
130407,2026-06-02 17:37:24.000037+00:00,0.0912,2.317,77.52,25.29,0.1001,2.543,0.491,0.547,17.0,17.0,0.096,0.111,2.583,2.656,3.716,3.453,0.129,3.276,0.1416,3.597,0.132,0.158,rolamento_inner_2,1000.0
130420,2026-06-02 17:37:50.000817+00:00,0.085,2.16,77.57,25.31,0.0813,2.065,0.475,0.613,17.0,61.0,0.111,0.131,2.494,2.887,3.6,3.786,0.1203,3.055,0.115,2.921,0.132,0.162,rolamento_inner_2,1000.0
130492,2026-06-02 17:40:14.010173+00:00,0.079,2.008,77.48,25.26,0.0875,2.223,0.525,0.578,17.0,61.0,0.103,0.124,2.61,2.656,3.994,3.664,0.1118,2.84,0.1238,3.144,0.131,0.157,rolamento_inner_2,1000.0
130506,2026-06-02 17:40:42.011699+00:00,0.077,1.957,78.37,25.76,0.0886,2.252,0.442,0.51,17.0,61.0,0.09,0.108,2.472,2.663,3.388,3.416,0.1089,2.768,0.1254,3.185,0.13,0.149,rolamento_inner_2,1000.0
130623,2026-06-02 17:44:36.025704+00:00,0.0806,2.049,77.29,25.16,0.0888,2.256,0.466,0.587,17.0,58.5,0.094,0.113,2.513,2.731,3.523,3.866,0.114,2.898,0.1256,3.191,0.132,0.151,rolamento_inner_2,1000.0
130638,2026-06-02 17:45:06.027538+00:00,0.0833,2.116,77.29,25.16,0.0891,2.264,0.482,0.494,17.0,61.0,0.092,0.109,2.554,2.687,3.67,3.186,0.1178,2.993,0.1261,3.203,0.131,0.155,rolamento_inner_2,1000.0
130702,2026-06-02 17:47:14.035414+00:00,0.0883,2.244,77.43,25.24,0.0949,2.412,0.455,0.709,17.0,17.0,0.125,0.136,2.456,2.891,3.419,4.382,0.1249,3.174,0.1343,3.411,0.133,0.161,rolamento_inner_2,1000.0
130716,2026-06-02 17:47:42.037079+00:00,0.07,1.78,77.19,25.11,0.0868,2.205,0.421,0.556,17.0,17.0,0.091,0.106,2.442,2.846,3.252,3.375,0.0991,2.517,0.1228,3.119,0.129,0.164,rolamento_inner_2,1000.0
130737,2026-06-02 17:48:24.039584+00:00,0.0788,2.002,77.33,25.18,0.0899,2.285,0.431,0.566,17.0,61.0,0.091,0.111,2.406,2.747,3.293,3.722,0.1114,2.831,0.1272,3.232,0.131,0.152,rolamento_inner_2,1000.0
130739,2026-06-02 17:48:28.039783+00:00,0.0881,2.238,78.28,25.71,0.0935,2.376,0.449,0.764,17.0,61.0,0.109,0.124,2.562,2.912,3.354,4.8,0.1246,3.165,0.1323,3.361,0.134,0.159,rolamento_inner_2,1000.0
130761,2026-06-02 17:49:12.042259+00:00,0.0817,2.077,78.52,25.84,0.0764,1.941,0.5,0.552,17.0,61.0,0.112,0.128,2.506,2.793,3.793,3.531,0.1156,2.938,0.108,2.745,0.131,0.156,rolamento_inner_2,1000.0
130821,2026-06-02 17:51:12.049575+00:00,0.0824,2.094,77.19,25.11,0.0898,2.282,0.46,0.499,17.0,61.0,0.112,0.128,2.551,2.675,3.443,3.188,0.1166,2.961,0.127,3.227,0.133,0.156,rolamento_inner_2,1000.0
130938,2026-06-02 17:55:06.063726+00:00,0.0727,1.847,77.0,25.0,0.0839,2.131,0.468,0.776,17.0,61.0,0.125,0.138,2.584,3.31,3.522,4.831,0.1028,2.612,0.1186,3.014,0.132,0.16,rolamento_inner_2,1000.0
130955,2026-06-02 17:55:40.065306+00:00,0.0735,1.867,77.66,25.37,0.0879,2.233,0.57,0.569,17.0,61.0,0.09,0.106,2.581,2.73,4.335,3.745,0.104,2.641,0.1243,3.158,0.131,0.152,rolamento_inner_2,1000.0
131025,2026-06-02 17:58:00.073631+00:00,0.0865,2.199,77.62,25.34,0.1037,2.634,0.576,0.569,17.0,17.0,0.101,0.116,2.529,2.851,4.361,3.693,0.1224,3.11,0.1466,3.725,0.132,0.154,rolamento_inner_2,1000.0
131043,2026-06-02 17:58:36.075842+00:00,0.082,2.083,77.0,25.0,0.0885,2.249,0.428,0.649,17.0,61.0,0.1,0.122,2.543,2.878,3.228,4.15,0.116,2.946,0.1252,3.18,0.132,0.156,rolamento_inner_2,1000.0
131060,2026-06-02 17:59:10.077831+00:00,0.0902,2.292,77.0,25.0,0.085,2.159,0.572,0.564,17.0,58.5,0.095,0.109,2.617,2.646,4.388,3.605,0.1276,3.242,0.1202,3.053,0.13,0.156,rolamento_inner_2,1000.0
131101,2026-06-02 18:00:32.082652+00:00,0.0876,2.226,77.1,25.05,0.0853,2.167,0.442,0.612,17.0,61.0,0.094,0.112,2.462,2.845,3.336,3.921,0.1239,3.148,0.1206,3.065,0.132,0.156,rolamento_inner_2,1000.0
131141,2026-06-02 18:01:52.087420+00:00,0.0846,2.149,77.05,25.03,0.0886,2.251,0.448,0.608,17.0,61.0,0.099,0.116,2.601,2.875,3.396,3.775,0.1196,3.039,0.1253,3.184,0.132,0.161,rolamento_inner_2,1000.0
131155,2026-06-02 18:02:20.088904+00:00,0.0921,2.341,77.0,25.0,0.0895,2.275,0.542,0.615,17.0,61.0,0.115,0.136,2.553,2.867,4.07,3.68,0.1303,3.311,0.1266,3.217,0.133,0.167,rolamento_inner_2,1000.0
131237,2026-06-02 18:05:04.098660+00:00,0.0991,2.518,78.18,25.66,0.0999,2.538,0.479,0.653,17.0,61.0,0.118,0.142,2.486,2.867,3.681,4.057,0.1402,3.562,0.1413,3.589,0.13,0.161,rolamento_inner_2,1000.0
131242,2026-06-02 19:34:24.601704+00:00,0.0731,1.858,77.05,25.03,0.1087,2.762,0.786,1.264,61.0,61.0,0.202,0.186,3.263,2.959,3.756,3.586,0.1034,2.628,0.1538,3.906,0.209,0.352,rolamento_inner_2,2000.0
131252,2026-06-02 19:34:44.615589+00:00,0.0816,2.074,75.97,24.43,0.117,2.972,0.84,1.249,58.5,58.5,0.194,0.198,3.518,3.153,4.026,3.594,0.1155,2.933,0.1655,4.204,0.208,0.347,rolamento_inner_2,2000.0
131325,2026-06-02 19:37:10.624129+00:00,0.0754,1.916,76.16,24.53,0.1045,2.656,0.881,1.597,134.2,61.0,0.162,0.175,3.584,3.291,4.252,4.674,0.1066,2.709,0.1478,3.756,0.207,0.341,rolamento_inner_2,2000.0
131336,2026-06-02 19:37:32.625565+00:00,0.0779,1.98,76.06,24.48,0.0994,2.525,0.933,1.291,61.0,58.5,0.214,0.187,3.365,3.129,4.411,3.763,0.1102,2.8,0.1406,3.571,0.211,0.343,rolamento_inner_2,2000.0
131351,2026-06-02 19:38:02.627423+00:00,0.0786,1.998,74.7,23.72,0.1089,2.767,1.001,1.334,134.2,58.5,0.199,0.184,3.588,3.235,4.673,3.966,0.1112,2.826,0.154,3.913,0.214,0.336,rolamento_inner_2,2000.0
131438,2026-06-02 19:40:56.637639+00:00,0.0794,2.017,74.61,23.67,0.1077,2.737,0.852,1.287,134.2,134.2,0.197,0.19,3.334,3.056,4.162,4.015,0.1123,2.853,0.1524,3.872,0.204,0.32,rolamento_inner_2,2000.0
131444,2026-06-02 19:41:08.638149+00:00,0.0759,1.93,74.89,23.83,0.109,2.769,0.948,1.575,61.0,131.8,0.217,0.183,3.378,3.132,4.552,4.761,0.1074,2.729,0.1542,3.916,0.208,0.33,rolamento_inner_2,2000.0
131456,2026-06-02 19:41:32.639582+00:00,0.0827,2.101,74.84,23.8,0.1154,2.931,0.859,1.253,58.5,134.2,0.197,0.188,3.202,3.046,3.976,3.676,0.117,2.972,0.1632,4.145,0.216,0.34,rolamento_inner_2,2000.0
131470,2026-06-02 19:42:00.641302+00:00,0.0779,1.979,74.8,23.77,0.1095,2.781,0.911,1.4,58.5,134.2,0.185,0.172,3.268,3.177,4.236,4.143,0.1101,2.798,0.1548,3.933,0.215,0.337,rolamento_inner_2,2000.0
131569,2026-06-02 19:45:18.652857+00:00,0.0859,2.181,74.75,23.75,0.1167,2.964,0.906,1.549,134.2,134.2,0.198,0.192,3.565,3.219,4.281,4.704,0.1214,3.085,0.165,4.192,0.211,0.329,rolamento_inner_2,2000.0
131574,2026-06-02 19:45:28.653630+00:00,0.0766,1.946,74.7,23.72,0.1084,2.754,0.95,1.708,134.2,58.5,0.162,0.174,3.552,3.154,4.507,4.881,0.1083,2.752,0.1533,3.894,0.21,0.349,rolamento_inner_2,2000.0
131575,2026-06-02 19:45:30.651673+00:00,0.0814,2.068,75.17,23.98,0.1165,2.961,0.87,1.507,134.2,58.5,0.187,0.192,3.395,3.306,4.062,4.443,0.1151,2.925,0.1648,4.188,0.214,0.339,rolamento_inner_2,2000.0
131586,2026-06-02 19:45:52.654758+00:00,0.0719,1.827,74.7,23.72,0.1017,2.585,1.066,1.619,134.2,61.0,0.162,0.172,3.526,3.315,5.008,4.648,0.1017,2.584,0.1439,3.656,0.212,0.348,rolamento_inner_2,2000.0
131593,2026-06-02 19:46:06.655635+00:00,0.0778,1.978,74.84,23.8,0.1041,2.646,0.858,1.233,134.2,61.0,0.174,0.182,3.336,2.906,4.074,3.668,0.1101,2.797,0.1473,3.742,0.21,0.336,rolamento_inner_2,2000.0
131604,2026-06-02 19:46:28.657028+00:00,0.083,2.109,76.35,24.63,0.1071,2.721,0.848,1.437,131.8,131.8,0.208,0.202,3.361,3.328,3.9,4.113,0.1174,2.982,0.1515,3.848,0.217,0.349,rolamento_inner_2,2000.0
131625,2026-06-02 19:47:10.659466+00:00,0.0835,2.122,75.59,24.22,0.1188,3.019,0.793,1.34,134.2,134.2,0.197,0.188,3.217,2.997,3.795,3.963,0.1181,3.001,0.1681,4.269,0.209,0.338,rolamento_inner_2,2000.0
131662,2026-06-02 19:48:24.663779+00:00,0.0792,2.013,74.75,23.75,0.121,3.073,0.893,1.293,134.2,134.2,0.187,0.196,3.33,3.156,4.41,3.985,0.1121,2.847,0.1711,4.347,0.202,0.324,rolamento_inner_2,2000.0
131679,2026-06-02 19:48:58.665674+00:00,0.0785,1.995,76.25,24.58,0.1156,2.938,0.775,1.582,134.2,134.2,0.197,0.194,3.191,3.123,3.64,4.666,0.1111,2.822,0.1635,4.155,0.213,0.339,rolamento_inner_2,2000.0
131680,2026-06-02 19:49:00.665963+00:00,0.0842,2.139,76.25,24.58,0.1195,3.037,0.896,1.314,134.2,134.2,0.198,0.212,3.376,3.151,4.159,3.755,0.1191,3.025,0.1691,4.295,0.215,0.349,rolamento_inner_2,2000.0
131871,2026-06-02 19:55:22.687508+00:00,0.0776,1.972,75.45,24.14,0.1175,2.985,0.79,1.065,134.2,134.2,0.197,0.194,3.281,2.984,3.833,3.348,0.1098,2.789,0.1662,4.221,0.206,0.318,rolamento_inner_2,2000.0
131876,2026-06-02 19:55:32.689331+00:00,0.0773,1.964,74.8,23.77,0.1068,2.714,0.799,1.408,134.2,134.2,0.182,0.186,3.259,3.001,3.828,4.158,0.1093,2.778,0.1511,3.838,0.208,0.338,rolamento_inner_2,2000.0
131902,2026-06-02 19:56:24.691683+00:00,0.0865,2.197,74.7,23.72,0.1109,2.818,0.798,1.28,134.2,134.2,0.199,0.186,3.132,2.9,3.853,3.763,0.1223,3.108,0.1569,3.986,0.207,0.34,rolamento_inner_2,2000.0
131906,2026-06-02 19:56:32.693115+00:00,0.083,2.11,75.13,23.96,0.1163,2.956,0.878,1.403,134.2,134.2,0.201,0.207,3.356,3.436,4.117,4.065,0.1174,2.984,0.1646,4.18,0.213,0.345,rolamento_inner_2,2000.0
131909,2026-06-02 19:56:38.692615+00:00,0.0768,1.951,74.8,23.77,0.1062,2.697,0.841,1.606,134.2,134.2,0.174,0.18,3.336,3.231,4.041,4.697,0.1086,2.759,0.1502,3.815,0.208,0.342,rolamento_inner_2,2000.0
131948,2026-06-02 19:57:56.696737+00:00,0.0736,1.87,75.59,24.22,0.1136,2.885,0.956,1.392,134.2,134.2,0.171,0.178,3.467,3.175,4.521,4.207,0.1041,2.645,0.1606,4.08,0.211,0.331,rolamento_inner_2,2000.0
131951,2026-06-02 19:58:02.698294+00:00,0.0779,1.979,75.92,24.4,0.1009,2.563,1.005,1.312,134.2,134.2,0.187,0.185,3.34,3.0,4.635,3.692,0.1102,2.8,0.1427,3.625,0.216,0.355,rolamento_inner_2,2000.0
132016,2026-06-02 20:00:12.705976+00:00,0.0807,2.05,74.84,23.8,0.1196,3.037,0.882,1.325,134.2,131.8,0.214,0.213,3.296,2.902,4.052,3.833,0.1141,2.899,0.1691,4.296,0.217,0.345,rolamento_inner_2,2000.0
132053,2026-06-02 20:01:26.710286+00:00,0.0829,2.107,74.89,23.83,0.1153,2.93,0.884,1.455,134.2,134.2,0.213,0.21,3.399,3.022,4.115,4.318,0.1173,2.98,0.1631,4.143,0.214,0.337,rolamento_inner_2,2000.0
132057,2026-06-02 20:01:34.710772+00:00,0.0925,2.351,74.8,23.77,0.1217,3.093,1.021,1.348,131.8,131.8,0.218,0.217,3.398,3.084,4.734,4.166,0.1309,3.325,0.1722,4.374,0.215,0.323,rolamento_inner_2,2000.0
132065,2026-06-02 20:01:50.710543+00:00,0.083,2.109,75.31,24.06,0.1171,2.976,1.034,1.444,134.2,134.2,0.185,0.2,3.315,3.203,4.828,4.083,0.1174,2.983,0.1657,4.209,0.214,0.353,rolamento_inner_2,2000.0
132101,2026-06-02 20:03:02.714930+00:00,0.0811,2.061,74.99,23.88,0.1221,3.103,0.821,1.387,134.2,134.2,0.218,0.211,3.16,3.135,3.845,4.368,0.1147,2.914,0.1727,4.389,0.213,0.317,rolamento_inner_2,2000.0
132129,2026-06-02 20:03:58.719418+00:00,0.0858,2.179,74.8,23.77,0.1123,2.854,0.867,1.48,134.2,134.2,0.23,0.212,3.196,3.025,4.138,4.52,0.1213,3.082,0.1589,4.037,0.209,0.327,rolamento_inner_2,2000.0
132169,2026-06-02 20:05:18.724144+00:00,0.0851,2.161,76.2,24.56,0.1197,3.042,0.859,1.286,134.2,134.2,0.22,0.216,3.449,3.27,3.989,4.111,0.1203,3.057,0.1694,4.302,0.215,0.312,rolamento_inner_2,2000.0
132179,2026-06-02 20:05:38.725088+00:00,0.0821,2.086,74.94,23.85,0.1241,3.152,0.83,1.208,134.2,134.2,0.218,0.219,3.225,2.953,3.967,3.787,0.1161,2.951,0.1755,4.458,0.209,0.319,rolamento_inner_2,2000.0
132223,2026-06-02 20:07:06.730492+00:00,0.0797,2.025,74.89,23.83,0.1134,2.882,0.879,1.284,134.2,134.2,0.181,0.19,3.383,3.293,4.173,3.964,0.1127,2.864,0.1605,4.076,0.21,0.324,rolamento_inner_2,2000.0
132254,2026-06-02 21:35:34.476062+00:00,0.0592,1.505,63.82,17.67,0.0773,1.965,0.426,0.553,61.0,61.0,0.064,0.088,2.24,2.461,3.248,3.768,0.0838,2.129,0.1094,2.779,0.131,0.146,rolamento_outer_2,500.0
132284,2026-06-02 21:36:34.479843+00:00,0.0579,1.472,64.42,18.01,0.0912,2.318,0.439,0.535,61.0,9.7,0.065,0.093,2.318,2.467,3.279,3.625,0.0819,2.082,0.1291,3.279,0.134,0.147,rolamento_outer_2,500.0
132291,2026-06-02 21:36:48.480494+00:00,0.0649,1.648,63.54,17.52,0.1001,2.543,0.412,0.493,58.5,58.5,0.07,0.108,2.306,2.429,3.079,3.359,0.0918,2.331,0.1415,3.596,0.133,0.146,rolamento_outer_2,500.0
132292,2026-06-02 21:36:50.480596+00:00,0.0527,1.339,63.54,17.52,0.0817,2.076,0.402,0.5,61.0,61.0,0.065,0.092,2.264,2.385,3.004,3.401,0.0746,1.894,0.1156,2.936,0.133,0.147,rolamento_outer_2,500.0
132303,2026-06-02 21:37:12.482098+00:00,0.055,1.397,63.68,17.6,0.078,1.981,0.428,0.521,61.0,61.0,0.062,0.09,2.352,2.414,3.223,3.589,0.0778,1.976,0.1103,2.801,0.132,0.145,rolamento_outer_2,500.0
132342,2026-06-02 21:38:30.486794+00:00,0.0588,1.493,63.82,17.67,0.0727,1.846,0.405,0.532,61.0,61.0,0.067,0.085,2.302,2.459,3.051,3.62,0.0831,2.112,0.1028,2.611,0.132,0.147,rolamento_outer_2,500.0
132384,2026-06-02 21:39:54.491551+00:00,0.0594,1.508,64.23,17.9,0.0832,2.115,0.443,0.519,61.0,61.0,0.068,0.094,2.344,2.422,3.353,3.589,0.084,2.133,0.1177,2.991,0.132,0.144,rolamento_outer_2,500.0
132392,2026-06-02 21:40:10.492580+00:00,0.063,1.6,64.37,17.98,0.0916,2.329,0.472,0.538,61.0,61.0,0.068,0.101,2.285,2.526,3.581,3.724,0.0891,2.264,0.1296,3.293,0.131,0.144,rolamento_outer_2,500.0
132434,2026-06-02 21:41:34.498051+00:00,0.0638,1.62,66.4,19.11,0.0795,2.021,0.448,0.614,9.7,61.0,0.065,0.094,2.351,2.552,3.354,4.202,0.0902,2.292,0.1125,2.858,0.133,0.146,rolamento_outer_2,500.0
132443,2026-06-02 21:41:52.498652+00:00,0.0614,1.56,66.44,19.13,0.0945,2.4,0.405,0.487,58.5,58.5,0.07,0.102,2.306,2.454,3.079,3.391,0.0868,2.206,0.1336,3.395,0.131,0.143,rolamento_outer_2,500.0
132491,2026-06-02 21:43:28.504169+00:00,0.0629,1.599,65.52,18.62,0.1056,2.684,0.448,0.722,58.5,58.5,0.074,0.115,2.406,2.625,3.419,5.0,0.089,2.262,0.1494,3.795,0.131,0.144,rolamento_outer_2,500.0
132506,2026-06-02 21:43:58.505896+00:00,0.0506,1.286,66.31,19.06,0.0879,2.234,0.538,0.532,61.0,61.0,0.068,0.099,2.407,2.456,4.131,3.734,0.0716,1.819,0.1243,3.159,0.13,0.142,rolamento_outer_2,500.0
132529,2026-06-02 21:44:44.508793+00:00,0.0526,1.337,65.8,18.77,0.0874,2.222,0.441,0.503,61.0,58.5,0.069,0.106,2.345,2.36,3.343,3.563,0.0744,1.891,0.1237,3.142,0.132,0.141,rolamento_outer_2,500.0
132531,2026-06-02 21:44:48.509007+00:00,0.0588,1.493,65.84,18.8,0.0884,2.246,0.459,0.485,61.0,58.5,0.068,0.101,2.362,2.361,3.5,3.342,0.0831,2.112,0.125,3.176,0.131,0.145,rolamento_outer_2,500.0
132536,2026-06-02 21:44:58.509566+00:00,0.0533,1.353,66.21,19.01,0.0928,2.357,0.428,0.527,58.5,58.5,0.069,0.107,2.339,2.495,3.255,3.618,0.0753,1.914,0.1312,3.334,0.131,0.145,rolamento_outer_2,500.0
132538,2026-06-02 21:45:02.509804+00:00,0.0521,1.324,65.94,18.85,0.1024,2.6,0.48,0.49,61.0,58.5,0.065,0.109,2.351,2.402,3.661,3.392,0.0737,1.873,0.1448,3.678,0.131,0.144,rolamento_outer_2,500.0
132562,2026-06-02 21:45:50.512439+00:00,0.0511,1.297,66.4,19.11,0.0909,2.308,0.422,0.452,61.0,56.1,0.069,0.101,2.311,2.303,3.206,3.162,0.0722,1.835,0.1285,3.265,0.131,0.143,rolamento_outer_2,500.0
132633,2026-06-02 21:48:12.520726+00:00,0.0526,1.338,67.6,19.77,0.0796,2.023,0.416,0.548,61.0,56.1,0.064,0.094,2.299,2.434,3.189,3.819,0.0745,1.892,0.1126,2.861,0.13,0.143,rolamento_outer_2,500.0
132648,2026-06-02 21:48:42.522630+00:00,0.0621,1.579,68.2,20.11,0.0785,1.996,0.418,0.416,61.0,61.0,0.063,0.093,2.299,2.289,3.199,2.93,0.0879,2.234,0.1111,2.823,0.13,0.142,rolamento_outer_2,500.0
132712,2026-06-02 21:50:50.529234+00:00,0.0585,1.486,68.29,20.16,0.101,2.567,0.42,0.609,61.0,58.5,0.067,0.111,2.27,2.487,3.23,4.264,0.0827,2.102,0.1429,3.631,0.13,0.142,rolamento_outer_2,500.0
132761,2026-06-02 21:52:28.535653+00:00,0.0583,1.482,68.66,20.36,0.1052,2.673,0.44,0.633,58.5,58.5,0.073,0.116,2.345,2.467,3.374,4.459,0.0825,2.096,0.1488,3.781,0.13,0.141,rolamento_outer_2,500.0
132852,2026-06-02 21:55:30.544751+00:00,0.0504,1.282,69.4,20.78,0.091,2.313,0.475,0.574,61.0,56.1,0.069,0.104,2.367,2.553,3.683,4.033,0.0714,1.813,0.1288,3.271,0.129,0.142,rolamento_outer_2,500.0
132884,2026-06-02 21:56:34.549742+00:00,0.055,1.398,69.77,20.98,0.1017,2.583,0.516,0.514,61.0,58.5,0.069,0.108,2.37,2.517,4.009,3.64,0.0778,1.978,0.1438,3.653,0.128,0.141,rolamento_outer_2,500.0
132935,2026-06-02 21:58:16.555537+00:00,0.0575,1.462,70.19,21.21,0.0966,2.454,0.438,0.494,61.0,56.1,0.071,0.105,2.369,2.441,3.418,3.5,0.0814,2.068,0.1366,3.471,0.128,0.141,rolamento_outer_2,500.0
132958,2026-06-02 21:59:02.558371+00:00,0.0555,1.409,70.37,21.32,0.0946,2.402,0.424,0.576,61.0,56.1,0.071,0.101,2.347,2.418,3.263,4.118,0.0784,1.993,0.1337,3.398,0.129,0.139,rolamento_outer_2,500.0
132967,2026-06-02 21:59:20.559412+00:00,0.0525,1.334,70.51,21.39,0.102,2.593,0.416,0.556,58.5,56.1,0.063,0.104,2.313,2.66,3.224,3.902,0.0742,1.886,0.1443,3.667,0.129,0.142,rolamento_outer_2,500.0
132986,2026-06-02 21:59:58.561582+00:00,0.0537,1.364,70.65,21.47,0.0994,2.526,0.456,0.522,58.5,58.5,0.068,0.112,2.284,2.475,3.515,3.71,0.0759,1.93,0.1406,3.573,0.129,0.14,rolamento_outer_2,500.0
133012,2026-06-02 22:00:50.564633+00:00,0.0545,1.386,70.84,21.57,0.103,2.616,0.456,0.522,58.5,58.5,0.073,0.112,2.4,2.39,3.54,3.668,0.0772,1.961,0.1456,3.7,0.128,0.142,rolamento_outer_2,500.0
133021,2026-06-02 22:01:08.565663+00:00,0.0541,1.375,70.98,21.65,0.0877,2.228,0.545,0.53,61.0,56.1,0.07,0.105,2.47,2.459,4.223,3.786,0.0765,1.944,0.124,3.151,0.129,0.14,rolamento_outer_2,500.0
133034,2026-06-02 22:01:34.567127+00:00,0.0535,1.359,71.91,22.17,0.0723,1.838,0.381,0.468,61.0,61.0,0.067,0.09,2.264,2.333,2.957,3.377,0.0757,1.923,0.1023,2.599,0.128,0.138,rolamento_outer_2,500.0
133082,2026-06-02 22:03:10.569306+00:00,0.0568,1.444,71.53,21.96,0.0939,2.387,0.48,0.52,61.0,58.5,0.071,0.108,2.402,2.533,3.705,3.727,0.0804,2.042,0.1329,3.376,0.129,0.139,rolamento_outer_2,500.0
133140,2026-06-02 22:05:06.579515+00:00,0.0581,1.476,71.81,22.12,0.072,1.829,0.473,0.526,61.0,56.1,0.064,0.093,2.373,2.505,3.708,3.826,0.0822,2.088,0.1018,2.587,0.127,0.137,rolamento_outer_2,500.0
133152,2026-06-02 22:05:30.580964+00:00,0.0607,1.544,72.05,22.25,0.103,2.617,0.425,0.474,58.5,58.5,0.07,0.111,2.341,2.441,3.335,3.432,0.0859,2.183,0.1457,3.702,0.127,0.138,rolamento_outer_2,500.0
134249,2026-06-02 22:48:47.119457+00:00,0.0929,2.36,73.77,23.2,0.1394,3.541,0.594,0.814,134.2,134.2,0.197,0.234,2.742,2.9,3.573,3.133,0.1314,3.338,0.1971,5.008,0.166,0.26,rolamento_outer_2,2000.0
134254,2026-06-02 22:48:57.120034+00:00,0.0877,2.227,73.58,23.1,0.1169,2.97,0.566,0.867,134.2,134.2,0.186,0.209,2.731,2.737,3.465,3.261,0.124,3.15,0.1653,4.201,0.163,0.265,rolamento_outer_2,2000.0
134277,2026-06-02 22:49:43.122944+00:00,0.0825,2.096,74.38,23.54,0.1213,3.082,0.594,1.066,134.2,134.2,0.179,0.205,2.749,2.998,3.672,4.059,0.1167,2.965,0.1716,4.359,0.161,0.262,rolamento_outer_2,2000.0
134297,2026-06-02 22:50:23.125012+00:00,0.0906,2.302,74.42,23.57,0.1338,3.398,0.605,0.968,134.2,134.2,0.201,0.23,2.779,2.886,3.691,3.663,0.1282,3.256,0.1892,4.806,0.163,0.264,rolamento_outer_2,2000.0
134318,2026-06-02 22:51:05.127628+00:00,0.0816,2.072,72.79,22.66,0.1315,3.342,0.579,0.996,134.2,134.2,0.179,0.214,2.773,2.885,3.428,3.848,0.1154,2.931,0.186,4.726,0.169,0.259,rolamento_outer_2,2000.0
134339,2026-06-02 22:51:47.130337+00:00,0.0925,2.351,72.51,22.5,0.1318,3.347,0.618,1.141,134.2,134.2,0.194,0.218,2.808,3.005,3.732,4.316,0.1309,3.326,0.1864,4.734,0.165,0.264,rolamento_outer_2,2000.0
134351,2026-06-02 22:52:11.131541+00:00,0.0877,2.228,72.51,22.5,0.1273,3.235,0.577,0.94,134.2,134.2,0.177,0.202,2.758,2.97,3.554,3.563,0.124,3.151,0.1801,4.575,0.162,0.263,rolamento_outer_2,2000.0
134375,2026-06-02 22:52:59.134199+00:00,0.0928,2.358,72.42,22.45,0.1459,3.706,0.548,0.96,134.2,134.2,0.182,0.205,2.805,2.872,3.276,3.556,0.1313,3.335,0.2063,5.241,0.167,0.27,rolamento_outer_2,2000.0
134435,2026-06-02 22:54:59.141669+00:00,0.0968,2.459,73.16,22.87,0.1319,3.351,0.582,0.954,134.2,134.2,0.212,0.231,2.726,2.933,3.525,3.596,0.1369,3.478,0.1866,4.74,0.165,0.265,rolamento_outer_2,2000.0
134450,2026-06-02 22:55:29.143383+00:00,0.0919,2.335,72.84,22.68,0.1382,3.512,0.611,0.861,134.2,134.2,0.194,0.222,2.757,2.802,3.703,3.361,0.13,3.302,0.1955,4.967,0.165,0.256,rolamento_outer_2,2000.0
134496,2026-06-02 22:57:01.148867+00:00,0.0962,2.445,73.02,22.79,0.1392,3.536,0.61,0.907,134.2,134.2,0.198,0.223,2.829,2.801,3.716,3.487,0.1361,3.458,0.1969,5.001,0.164,0.26,rolamento_outer_2,2000.0
134510,2026-06-02 22:57:29.150599+00:00,0.0894,2.272,72.42,22.45,0.1309,3.324,0.737,0.947,134.2,134.2,0.193,0.214,2.865,2.939,4.43,3.584,0.1265,3.213,0.1851,4.702,0.166,0.264,rolamento_outer_2,2000.0
134520,2026-06-02 22:57:49.151678+00:00,0.097,2.463,73.68,23.15,0.1308,3.323,0.57,1.317,134.2,134.2,0.194,0.22,2.793,3.179,3.424,4.683,0.1371,3.484,0.185,4.699,0.166,0.281,rolamento_outer_2,2000.0
134548,2026-06-02 22:58:45.154376+00:00,0.0855,2.171,72.46,22.48,0.1203,3.056,0.53,0.975,134.2,134.2,0.181,0.21,2.711,2.885,3.192,3.698,0.1209,3.071,0.1701,4.322,0.166,0.263,rolamento_outer_2,2000.0
134623,2026-06-02 23:01:15.164031+00:00,0.0841,2.138,72.42,22.45,0.1101,2.797,0.746,1.009,134.2,134.2,0.168,0.198,2.744,2.785,4.432,3.651,0.119,3.023,0.1557,3.956,0.168,0.276,rolamento_outer_2,2000.0
134653,2026-06-02 23:02:15.167558+00:00,0.0914,2.322,72.6,22.56,0.1283,3.259,0.625,0.965,134.2,134.2,0.183,0.196,2.806,2.925,3.737,3.676,0.1292,3.283,0.1815,4.61,0.167,0.262,rolamento_outer_2,2000.0
134667,2026-06-02 23:02:43.169318+00:00,0.0911,2.314,72.79,22.66,0.1276,3.242,0.624,0.991,134.2,134.2,0.193,0.217,2.812,2.943,3.71,3.773,0.1288,3.273,0.1805,4.585,0.168,0.262,rolamento_outer_2,2000.0
134673,2026-06-02 23:02:55.170323+00:00,0.0956,2.43,73.02,22.79,0.1313,3.335,0.549,1.027,134.2,134.2,0.19,0.231,2.655,2.96,3.246,3.976,0.1353,3.437,0.1856,4.716,0.169,0.258,rolamento_outer_2,2000.0
134800,2026-06-02 23:07:09.185428+00:00,0.091,2.312,72.88,22.71,0.1199,3.046,0.524,0.906,134.2,134.2,0.175,0.206,2.689,2.86,3.202,3.387,0.1287,3.269,0.1696,4.308,0.163,0.267,rolamento_outer_2,2000.0
134828,2026-06-02 23:08:05.189088+00:00,0.0944,2.399,73.16,22.87,0.1257,3.193,0.659,0.943,134.2,134.2,0.186,0.211,2.81,2.927,3.948,3.551,0.1335,3.393,0.1778,4.516,0.166,0.265,rolamento_outer_2,2000.0
134830,2026-06-02 23:08:09.189123+00:00,0.0872,2.216,73.02,22.79,0.1216,3.088,0.549,0.944,134.2,134.2,0.183,0.204,2.802,2.951,3.235,3.572,0.1234,3.134,0.1719,4.368,0.169,0.264,rolamento_outer_2,2000.0
134861,2026-06-02 23:09:11.192904+00:00,0.0842,2.14,73.4,23.0,0.1363,3.462,0.566,1.093,134.2,134.2,0.185,0.216,2.898,3.078,3.429,4.314,0.1191,3.027,0.1927,4.896,0.165,0.253,rolamento_outer_2,2000.0
134971,2026-06-02 23:12:51.206899+00:00,0.0903,2.296,72.93,22.74,0.1217,3.093,0.587,1.078,134.2,134.2,0.175,0.204,2.816,3.103,3.443,4.186,0.1278,3.247,0.1722,4.374,0.17,0.257,rolamento_outer_2,2000.0
134989,2026-06-02 23:13:27.209107+00:00,0.0838,2.129,73.12,22.84,0.1261,3.203,0.632,0.989,134.2,134.2,0.178,0.201,2.757,2.884,3.702,3.643,0.1185,3.011,0.1783,4.53,0.17,0.271,rolamento_outer_2,2000.0
135049,2026-06-02 23:15:27.216745+00:00,0.0857,2.176,72.88,22.71,0.124,3.149,0.765,1.049,134.2,134.2,0.174,0.19,3.055,2.9,4.528,3.853,0.1212,3.078,0.1753,4.454,0.168,0.272,rolamento_outer_2,2000.0
135135,2026-06-02 23:18:19.226995+00:00,0.0902,2.291,73.26,22.92,0.1244,3.16,0.7,1.269,134.2,134.2,0.181,0.209,2.796,3.379,4.145,4.911,0.1275,3.24,0.1759,4.47,0.168,0.258,rolamento_outer_2,2000.0
135142,2026-06-02 23:18:33.227781+00:00,0.0884,2.246,73.26,22.92,0.1201,3.052,0.576,0.901,134.2,134.2,0.176,0.207,2.789,2.827,3.33,3.342,0.125,3.176,0.1699,4.316,0.173,0.269,rolamento_outer_2,2000.0
135186,2026-06-02 23:20:01.233413+00:00,0.0889,2.259,72.88,22.71,0.1347,3.423,0.566,1.04,134.2,134.2,0.198,0.217,2.698,2.823,3.36,3.786,0.1257,3.195,0.1906,4.842,0.168,0.274,rolamento_outer_2,2000.0
135190,2026-06-02 23:20:09.233518+00:00,0.0976,2.48,73.4,23.0,0.1302,3.308,0.58,0.905,134.2,134.2,0.204,0.227,2.704,2.894,3.528,3.572,0.1381,3.507,0.1842,4.678,0.164,0.253,rolamento_outer_2,2000.0
135254,2026-06-02 23:50:34.498805+00:00,0.0505,1.284,79.99,26.66,0.1136,2.886,0.495,0.538,61.0,56.1,0.08,0.13,2.502,2.772,4.07,3.995,0.0714,1.816,0.1607,4.082,0.121,0.134,rolamento_ball_2,500.0
135284,2026-06-02 23:51:34.502164+00:00,0.0514,1.307,80.8,27.11,0.1333,3.386,0.411,0.463,61.0,56.1,0.082,0.149,2.279,2.56,3.337,3.414,0.0727,1.848,0.1885,4.789,0.123,0.135,rolamento_ball_2,500.0
135291,2026-06-02 23:51:48.503225+00:00,0.0555,1.411,79.42,26.34,0.1173,2.98,0.504,0.555,61.0,56.1,0.084,0.137,2.432,2.655,4.099,4.04,0.0785,1.995,0.1659,4.215,0.123,0.137,rolamento_ball_2,500.0
135292,2026-06-02 23:51:50.503256+00:00,0.0555,1.411,79.08,26.16,0.1173,2.98,0.504,0.555,61.0,56.1,0.084,0.137,2.432,2.655,4.099,4.04,0.0785,1.995,0.1659,4.215,0.123,0.137,rolamento_ball_2,500.0
135303,2026-06-02 23:52:12.504578+00:00,0.0548,1.393,79.08,26.16,0.1239,3.149,0.475,0.542,61.0,56.1,0.079,0.137,2.437,2.575,3.831,4.032,0.0775,1.97,0.1753,4.454,0.124,0.134,rolamento_ball_2,500.0
135342,2026-06-02 23:53:30.508911+00:00,0.0555,1.41,78.61,25.89,0.1331,3.381,0.583,0.459,61.0,56.1,0.084,0.148,2.435,2.472,4.719,3.395,0.0785,1.995,0.1882,4.782,0.123,0.135,rolamento_ball_2,500.0
135384,2026-06-02 23:54:54.513738+00:00,0.0574,1.459,78.28,25.71,0.1218,3.096,0.427,0.535,9.7,56.1,0.076,0.133,2.455,2.61,3.45,3.853,0.0812,2.063,0.1723,4.378,0.123,0.139,rolamento_ball_2,500.0
135392,2026-06-02 23:55:10.514770+00:00,0.0506,1.286,78.14,25.63,0.1111,2.823,0.48,0.511,61.0,56.1,0.077,0.124,2.493,2.666,3.882,3.728,0.0716,1.819,0.1572,3.993,0.123,0.137,rolamento_ball_2,500.0
135434,2026-06-02 23:56:34.519489+00:00,0.0631,1.603,78.23,25.68,0.1315,3.341,0.489,0.626,61.0,56.1,0.085,0.144,2.36,2.772,3.927,4.571,0.0892,2.267,0.186,4.725,0.124,0.137,rolamento_ball_2,500.0
135443,2026-06-02 23:56:52.520393+00:00,0.0529,1.344,77.85,25.47,0.1119,2.844,0.477,0.582,61.0,53.7,0.08,0.13,2.444,2.541,3.831,4.228,0.0748,1.901,0.1583,4.023,0.124,0.137,rolamento_ball_2,500.0
135491,2026-06-02 23:58:28.525942+00:00,0.0578,1.468,77.76,25.42,0.1232,3.13,0.439,0.512,58.5,56.1,0.082,0.136,2.347,2.689,3.519,3.762,0.0817,2.076,0.1743,4.427,0.124,0.136,rolamento_ball_2,500.0
135506,2026-06-02 23:58:58.527504+00:00,0.0581,1.475,77.81,25.45,0.1186,3.013,0.53,0.64,61.0,53.7,0.078,0.13,2.377,2.746,4.212,4.705,0.0821,2.087,0.1677,4.262,0.125,0.136,rolamento_ball_2,500.0
135529,2026-06-02 23:59:44.530302+00:00,0.0555,1.41,77.85,25.47,0.1202,3.053,0.439,0.603,58.5,56.1,0.082,0.132,2.366,2.728,3.55,4.387,0.0785,1.994,0.17,4.318,0.123,0.137,rolamento_ball_2,500.0
135531,2026-06-02 23:59:48.530594+00:00,0.0638,1.622,77.66,25.37,0.1163,2.956,0.449,0.52,9.7,53.7,0.085,0.132,2.303,2.61,3.646,3.84,0.0903,2.294,0.1645,4.18,0.123,0.135,rolamento_ball_2,500.0
135536,2026-06-02 23:59:58.531120+00:00,0.0581,1.477,79.27,26.26,0.1242,3.156,0.43,0.544,58.5,56.1,0.084,0.136,2.38,2.655,3.462,3.994,0.0822,2.089,0.1757,4.464,0.124,0.136,rolamento_ball_2,500.0
135538,2026-06-03 00:00:02.531287+00:00,0.0547,1.389,78.89,26.05,0.111,2.82,0.41,0.509,61.0,56.1,0.08,0.122,2.334,2.518,3.302,3.794,0.0773,1.965,0.157,3.988,0.124,0.134,rolamento_ball_2,500.0
135562,2026-06-03 00:00:50.534196+00:00,0.0534,1.357,77.66,25.37,0.1045,2.654,0.513,0.544,61.0,56.1,0.077,0.119,2.362,2.679,4.087,3.984,0.0755,1.919,0.1478,3.754,0.125,0.136,rolamento_ball_2,500.0
135633,2026-06-03 00:03:12.542056+00:00,0.0565,1.437,78.56,25.87,0.1231,3.127,0.532,0.517,58.5,56.1,0.077,0.13,2.449,2.493,4.269,3.778,0.08,2.032,0.1741,4.422,0.124,0.136,rolamento_ball_2,500.0
135648,2026-06-03 00:03:42.543829+00:00,0.0547,1.39,77.85,25.47,0.1172,2.977,0.48,0.619,58.5,56.1,0.078,0.125,2.417,2.618,3.893,4.527,0.0774,1.966,0.1657,4.21,0.123,0.136,rolamento_ball_2,500.0
135712,2026-06-03 00:05:50.538149+00:00,0.0545,1.386,78.18,25.66,0.1202,3.053,0.438,0.476,61.0,56.1,0.078,0.13,2.466,2.58,3.516,3.474,0.0771,1.96,0.17,4.318,0.124,0.137,rolamento_ball_2,500.0
135761,2026-06-03 00:07:28.557288+00:00,0.0509,1.294,77.62,25.34,0.1112,2.826,0.488,0.561,61.0,56.1,0.08,0.125,2.406,2.684,3.99,4.138,0.0721,1.831,0.1573,3.996,0.122,0.135,rolamento_ball_2,500.0
135852,2026-06-03 00:10:30.568046+00:00,0.055,1.397,77.66,25.37,0.1142,2.901,0.566,0.66,61.0,56.1,0.08,0.128,2.43,2.603,4.518,4.852,0.0778,1.976,0.1615,4.103,0.125,0.136,rolamento_ball_2,500.0
135884,2026-06-03 00:11:34.571839+00:00,0.0549,1.395,77.62,25.34,0.1104,2.805,0.481,0.453,61.0,56.1,0.075,0.128,2.374,2.525,3.895,3.356,0.0776,1.973,0.1561,3.967,0.123,0.135,rolamento_ball_2,500.0
135935,2026-06-03 00:13:16.578073+00:00,0.0537,1.365,77.76,25.42,0.1151,2.925,0.45,0.558,61.0,56.1,0.082,0.136,2.431,2.709,3.568,4.004,0.076,1.93,0.1628,4.137,0.126,0.139,rolamento_ball_2,500.0
135958,2026-06-03 00:14:02.579538+00:00,0.0563,1.431,77.52,25.29,0.1202,3.053,0.406,0.558,58.5,56.1,0.079,0.132,2.403,2.604,3.242,4.055,0.0797,2.025,0.17,4.318,0.125,0.137,rolamento_ball_2,500.0
135967,2026-06-03 00:14:20.581844+00:00,0.0507,1.289,77.57,25.31,0.1165,2.961,0.526,0.462,61.0,56.1,0.076,0.127,2.397,2.534,4.196,3.344,0.0717,1.823,0.1648,4.187,0.125,0.138,rolamento_ball_2,500.0
135986,2026-06-03 00:14:58.584013+00:00,0.0565,1.436,77.81,25.45,0.1069,2.716,0.474,0.529,61.0,53.7,0.076,0.12,2.33,2.714,3.786,3.899,0.0799,2.031,0.1512,3.841,0.125,0.135,rolamento_ball_2,500.0
136012,2026-06-03 00:15:50.583910+00:00,0.0641,1.628,77.66,25.37,0.1154,2.931,0.463,0.592,61.0,56.1,0.101,0.141,2.445,2.77,3.662,4.269,0.0906,2.303,0.1632,4.146,0.126,0.138,rolamento_ball_2,500.0
136021,2026-06-03 00:16:08.588392+00:00,0.0522,1.326,78.42,25.79,0.1076,2.733,0.55,0.608,61.0,56.1,0.078,0.125,2.59,2.838,4.303,4.357,0.0738,1.875,0.1522,3.866,0.127,0.139,rolamento_ball_2,500.0
136034,2026-06-03 00:16:34.589914+00:00,0.0561,1.427,77.81,25.45,0.12,3.049,0.536,0.517,61.0,56.1,0.082,0.134,2.399,2.514,4.264,3.843,0.0794,2.018,0.1697,4.312,0.125,0.134,rolamento_ball_2,500.0
136082,2026-06-03 00:18:10.595895+00:00,0.054,1.373,77.62,25.34,0.128,3.253,0.429,0.598,61.0,56.1,0.079,0.136,2.455,2.757,3.429,4.369,0.0764,1.942,0.1811,4.601,0.125,0.136,rolamento_ball_2,500.0
136140,2026-06-03 00:20:06.602885+00:00,0.054,1.372,77.71,25.39,0.1116,2.836,0.446,0.553,61.0,53.7,0.076,0.128,2.371,2.604,3.589,4.1,0.0764,1.941,0.1579,4.011,0.124,0.134,rolamento_ball_2,500.0
136152,2026-06-03 00:20:30.604276+00:00,0.0554,1.408,77.57,25.31,0.1057,2.687,0.49,0.597,61.0,53.7,0.08,0.121,2.574,2.65,3.853,4.376,0.0784,1.991,0.1496,3.8,0.127,0.136,rolamento_ball_2,500.0
137241,2026-06-03 15:15:00.518079+00:00,0.0787,2.001,82.09,27.83,0.109,2.769,0.773,1.616,61.0,61.0,0.154,0.185,2.884,2.956,3.92,4.208,0.1114,2.83,0.1541,3.915,0.197,0.384,rolamento_ball_2,2000.0
137245,2026-06-03 15:15:08.530518+00:00,0.0816,2.075,81.51,27.51,0.1198,3.044,0.69,1.089,61.0,61.0,0.162,0.185,2.867,2.956,3.716,3.459,0.1155,2.934,0.1694,4.305,0.185,0.314,rolamento_ball_2,2000.0
137313,2026-06-03 15:17:24.538879+00:00,0.0856,2.176,76.02,24.45,0.1162,2.953,0.736,1.177,9.7,61.0,0.18,0.201,2.924,2.827,3.877,3.299,0.1211,3.077,0.1644,4.176,0.189,0.356,rolamento_ball_2,2000.0
137330,2026-06-03 15:17:58.540739+00:00,0.0771,1.96,75.41,24.11,0.1201,3.051,0.732,1.159,61.0,61.0,0.145,0.171,2.866,2.852,3.935,3.696,0.1091,2.772,0.1698,4.315,0.186,0.313,rolamento_ball_2,2000.0
137357,2026-06-03 15:18:52.544130+00:00,0.0772,1.962,74.75,23.75,0.1009,2.564,0.716,1.224,61.0,58.5,0.138,0.15,2.846,2.959,3.803,3.486,0.1092,2.775,0.1427,3.627,0.188,0.351,rolamento_ball_2,2000.0
137430,2026-06-03 15:21:18.553119+00:00,0.0779,1.979,73.3,22.94,0.103,2.618,0.801,1.155,61.0,58.5,0.147,0.162,2.908,2.862,4.198,3.539,0.1102,2.799,0.1457,3.702,0.19,0.326,rolamento_ball_2,2000.0
137435,2026-06-03 15:21:28.553792+00:00,0.0652,1.657,74.75,23.75,0.1001,2.544,0.648,1.427,61.0,61.0,0.134,0.139,2.753,3.058,3.404,4.154,0.0922,2.344,0.1416,3.597,0.19,0.343,rolamento_ball_2,2000.0
137466,2026-06-03 15:22:30.557894+00:00,0.0735,1.868,74.84,23.8,0.1243,3.159,0.693,0.994,61.0,58.5,0.144,0.177,2.817,2.818,3.71,3.127,0.104,2.643,0.1759,4.468,0.186,0.318,rolamento_ball_2,2000.0
137481,2026-06-03 15:23:00.560003+00:00,0.0714,1.814,74.66,23.7,0.0983,2.497,0.796,1.214,58.5,61.0,0.145,0.153,2.946,3.116,4.284,3.878,0.101,2.566,0.139,3.532,0.186,0.313,rolamento_ball_2,2000.0
137510,2026-06-03 15:23:58.563655+00:00,0.0727,1.846,72.98,22.76,0.0941,2.39,0.654,1.095,61.0,61.0,0.142,0.148,2.959,3.057,3.485,3.396,0.1028,2.611,0.1331,3.381,0.187,0.322,rolamento_ball_2,2000.0
137538,2026-06-03 15:24:54.567487+00:00,0.0858,2.18,74.66,23.7,0.104,2.642,0.667,1.169,61.0,61.0,0.167,0.181,2.914,2.992,3.519,3.722,0.1214,3.083,0.1471,3.736,0.189,0.314,rolamento_ball_2,2000.0
138570,2026-06-03 15:25:58.571452+00:00,0.0705,1.792,73.07,22.81,0.0982,2.494,0.631,0.977,61.0,61.0,0.147,0.145,2.929,2.772,3.413,3.172,0.0997,2.534,0.1389,3.528,0.184,0.307,rolamento_ball_2,2000.0
138599,2026-06-03 15:26:56.561913+00:00,0.0707,1.796,72.98,22.76,0.1248,3.17,0.684,1.317,58.5,58.5,0.156,0.179,2.875,2.985,3.66,4.083,0.1,2.54,0.1765,4.484,0.187,0.322,rolamento_ball_2,2000.0
138600,2026-06-03 15:26:58.562161+00:00,0.0707,1.796,74.47,23.59,0.1248,3.17,0.684,1.317,58.5,58.5,0.156,0.179,2.875,2.985,3.66,4.083,0.1,2.54,0.1765,4.484,0.187,0.322,rolamento_ball_2,2000.0
138651,2026-06-03 15:28:40.568621+00:00,0.0768,1.951,73.16,22.87,0.1102,2.8,0.703,1.224,61.0,61.0,0.172,0.189,2.841,2.76,3.676,3.461,0.1086,2.759,0.1559,3.96,0.191,0.353,rolamento_ball_2,2000.0
139465,2026-06-03 15:28:49.341658+00:00,0.0739,1.879,73.91,23.28,0.0896,2.276,0.469,0.488,17.0,61.0,0.101,0.124,2.388,2.601,3.682,3.341,0.1046,2.657,0.1267,3.219,0.127,0.146,rolamento_outer_2,1000.0
138721,2026-06-03 15:28:49.341658+00:00,0.0649,1.649,72.09,22.27,0.0779,1.98,0.443,0.615,61.0,58.5,0.088,0.108,2.418,2.532,3.366,4.178,0.0918,2.332,0.1102,2.8,0.131,0.147,rolamento_outer_2,1000.0
139008,2026-06-03 15:28:49.341658+00:00,0.0662,1.682,72.7,22.61,0.0787,2.0,0.467,0.643,61.0,61.0,0.091,0.117,2.38,2.546,3.559,4.409,0.0936,2.379,0.1114,2.829,0.131,0.145,rolamento_outer_2,1000.0
139411,2026-06-03 15:28:49.341658+00:00,0.0713,1.811,73.72,23.18,0.0978,2.485,0.466,0.496,61.0,61.0,0.092,0.121,2.488,2.608,3.57,3.332,0.1008,2.561,0.1383,3.514,0.13,0.148,rolamento_outer_2,1000.0
138765,2026-06-03 15:28:49.341658+00:00,0.0692,1.758,72.05,22.25,0.0764,1.942,0.487,0.67,58.5,61.0,0.089,0.106,2.419,2.646,3.706,4.519,0.0978,2.486,0.1081,2.746,0.131,0.148,rolamento_outer_2,1000.0
139569,2026-06-03 15:28:49.341658+00:00,0.064,1.628,73.91,23.28,0.0785,1.995,0.511,0.545,61.0,61.0,0.097,0.117,2.489,2.576,3.961,3.738,0.0906,2.302,0.111,2.821,0.129,0.145,rolamento_outer_2,1000.0
138838,2026-06-03 15:28:49.341658+00:00,0.0715,1.816,72.14,22.3,0.0751,1.907,0.518,0.52,61.0,58.5,0.094,0.116,2.508,2.498,3.998,3.529,0.1011,2.569,0.1062,2.698,0.129,0.147,rolamento_outer_2,1000.0
139059,2026-06-03 15:28:49.341658+00:00,0.0575,1.46,73.16,22.87,0.079,2.007,0.421,0.513,61.0,61.0,0.093,0.108,2.435,2.594,3.242,3.486,0.0813,2.065,0.1117,2.838,0.129,0.147,rolamento_outer_2,1000.0
139490,2026-06-03 15:28:49.341658+00:00,0.0705,1.791,73.86,23.25,0.0812,2.063,0.433,0.541,61.0,61.0,0.098,0.123,2.36,2.584,3.382,3.621,0.0997,2.533,0.1148,2.918,0.128,0.149,rolamento_outer_2,1000.0
138889,2026-06-03 15:28:49.341658+00:00,0.0652,1.656,73.58,23.1,0.0779,1.979,0.477,0.459,17.0,61.0,0.084,0.107,2.417,2.526,3.665,3.185,0.0922,2.342,0.1102,2.799,0.13,0.144,rolamento_outer_2,1000.0
139478,2026-06-03 15:28:49.341658+00:00,0.0653,1.66,73.72,23.18,0.088,2.236,0.51,0.548,61.0,61.0,0.104,0.129,2.556,2.656,3.856,3.729,0.0924,2.348,0.1244,3.162,0.132,0.147,rolamento_outer_2,1000.0
138843,2026-06-03 15:28:49.341658+00:00,0.0649,1.65,72.19,22.32,0.082,2.083,0.532,0.53,61.0,61.0,0.091,0.111,2.465,2.593,4.02,3.585,0.0918,2.333,0.116,2.946,0.132,0.147,rolamento_outer_2,1000.0
139468,2026-06-03 15:28:49.341658+00:00,0.064,1.626,74.1,23.38,0.0854,2.169,0.452,0.521,61.0,61.0,0.1,0.117,2.422,2.567,3.516,3.532,0.0905,2.3,0.1208,3.068,0.128,0.147,rolamento_outer_2,1000.0
139649,2026-06-03 15:28:49.341658+00:00,0.0628,1.597,73.96,23.31,0.0876,2.227,0.551,0.525,61.0,61.0,0.107,0.133,2.339,2.723,4.133,3.542,0.0889,2.258,0.124,3.15,0.133,0.148,rolamento_outer_2,1000.0
139139,2026-06-03 15:28:49.341658+00:00,0.0677,1.72,73.02,22.79,0.0789,2.005,0.442,0.573,61.0,61.0,0.097,0.11,2.481,2.596,3.405,3.897,0.0958,2.433,0.1116,2.836,0.13,0.147,rolamento_outer_2,1000.0
139007,2026-06-03 15:28:49.341658+00:00,0.0582,1.479,72.7,22.61,0.0786,1.997,0.414,0.606,61.0,61.0,0.094,0.116,2.401,2.548,3.175,4.102,0.0823,2.092,0.1111,2.824,0.13,0.147,rolamento_outer_2,1000.0
138978,2026-06-03 15:28:49.341658+00:00,0.0642,1.633,72.56,22.53,0.0798,2.027,0.463,0.685,17.0,61.0,0.087,0.111,2.424,2.649,3.56,4.69,0.0909,2.309,0.1129,2.867,0.13,0.146,rolamento_outer_2,1000.0
138874,2026-06-03 15:28:49.341658+00:00,0.0609,1.547,72.32,22.4,0.0803,2.039,0.425,0.482,58.5,61.0,0.095,0.116,2.383,2.585,3.244,3.289,0.0861,2.188,0.1135,2.884,0.131,0.146,rolamento_outer_2,1000.0
139342,2026-06-03 15:28:49.341658+00:00,0.0608,1.545,74.0,23.33,0.0768,1.951,0.516,0.603,61.0,61.0,0.093,0.111,2.46,2.632,3.968,4.102,0.086,2.185,0.1086,2.759,0.13,0.147,rolamento_outer_2,1000.0
139248,2026-06-03 15:28:49.341658+00:00,0.0755,1.919,73.77,23.2,0.0791,2.011,0.454,0.541,14.6,61.0,0.101,0.121,2.394,2.632,3.463,3.659,0.1068,2.714,0.1119,2.844,0.131,0.147,rolamento_outer_2,1000.0
139195,2026-06-03 15:28:49.341658+00:00,0.0624,1.586,73.12,22.84,0.0833,2.116,0.492,0.55,61.0,61.0,0.094,0.112,2.425,2.541,3.825,3.731,0.0883,2.244,0.1178,2.993,0.128,0.147,rolamento_outer_2,1000.0
139231,2026-06-03 15:28:49.341658+00:00,0.0658,1.672,73.3,22.94,0.0798,2.029,0.471,0.565,61.0,61.0,0.091,0.115,2.463,2.601,3.613,3.813,0.0931,2.365,0.1129,2.869,0.13,0.148,rolamento_outer_2,1000.0
138946,2026-06-03 15:28:49.341658+00:00,0.0576,1.465,72.42,22.45,0.0793,2.016,0.487,0.491,61.0,61.0,0.088,0.113,2.413,2.532,3.753,3.31,0.0815,2.072,0.1122,2.851,0.13,0.148,rolamento_outer_2,1000.0
139230,2026-06-03 15:28:49.341658+00:00,0.0641,1.63,74.99,23.88,0.0812,2.062,0.46,0.638,61.0,61.0,0.09,0.114,2.467,2.71,3.481,4.265,0.0907,2.305,0.1148,2.916,0.132,0.149,rolamento_outer_2,1000.0
139449,2026-06-03 15:28:49.341658+00:00,0.0729,1.851,73.77,23.2,0.0769,1.955,0.506,0.633,17.0,61.0,0.099,0.116,2.482,2.647,3.871,4.275,0.1031,2.618,0.1088,2.765,0.13,0.148,rolamento_outer_2,1000.0
138918,2026-06-03 15:28:49.341658+00:00,0.0666,1.693,72.6,22.56,0.0765,1.944,0.477,0.591,61.0,61.0,0.083,0.105,2.429,2.596,3.675,3.988,0.0942,2.395,0.1082,2.75,0.129,0.148,rolamento_outer_2,1000.0
139313,2026-06-03 15:28:49.341658+00:00,0.0607,1.543,73.49,23.05,0.0882,2.24,0.438,0.523,61.0,61.0,0.094,0.118,2.42,2.586,3.403,3.59,0.0859,2.182,0.1247,3.168,0.128,0.145,rolamento_outer_2,1000.0
138738,2026-06-03 15:28:49.341658+00:00,0.063,1.602,72.7,22.61,0.0742,1.885,0.623,0.482,17.0,58.5,0.08,0.103,2.493,2.557,4.75,3.261,0.0892,2.266,0.1049,2.666,0.131,0.148,rolamento_outer_2,1000.0
139731,2026-06-03 15:31:20.592035+00:00,0.0668,1.698,73.3,22.94,0.0936,2.378,0.676,1.311,61.0,61.0,0.136,0.139,2.886,2.942,3.564,3.968,0.0945,2.401,0.1324,3.364,0.189,0.33,rolamento_ball_2,2000.0
139787,2026-06-03 15:33:12.598735+00:00,0.0784,1.992,73.35,22.97,0.105,2.668,0.624,1.25,61.0,61.0,0.139,0.155,2.809,2.882,3.301,3.493,0.1109,2.818,0.1485,3.773,0.189,0.358,rolamento_ball_2,2000.0
139822,2026-06-03 15:34:22.603690+00:00,0.0709,1.801,73.49,23.05,0.1163,2.954,0.79,1.362,61.0,58.5,0.144,0.184,2.851,3.069,4.256,3.776,0.1003,2.548,0.1645,4.178,0.185,0.36,rolamento_ball_2,2000.0
139823,2026-06-03 15:34:24.603803+00:00,0.0709,1.801,73.4,23.0,0.1163,2.954,0.79,1.362,61.0,58.5,0.144,0.184,2.851,3.069,4.256,3.776,0.1003,2.548,0.1645,4.178,0.185,0.36,rolamento_ball_2,2000.0
139840,2026-06-03 15:34:58.605753+00:00,0.0774,1.968,73.44,23.02,0.106,2.693,0.663,1.422,61.0,58.5,0.145,0.166,2.899,3.189,3.604,4.257,0.1096,2.783,0.1499,3.808,0.184,0.334,rolamento_ball_2,2000.0
139905,2026-06-03 15:37:08.613862+00:00,0.0862,2.191,73.68,23.15,0.1109,2.819,0.752,1.214,61.0,61.0,0.15,0.167,2.919,3.039,3.913,3.445,0.122,3.099,0.1569,3.987,0.192,0.352,rolamento_ball_2,2000.0
139934,2026-06-03 15:38:06.617731+00:00,0.0744,1.891,73.63,23.13,0.1012,2.572,0.65,1.179,58.5,61.0,0.136,0.157,2.92,2.713,3.477,3.269,0.1053,2.675,0.1432,3.638,0.187,0.36,rolamento_ball_2,2000.0
140003,2026-06-03 15:40:24.626275+00:00,0.0735,1.868,73.72,23.18,0.1285,3.265,0.702,1.191,136.7,12.2,0.152,0.172,2.992,2.866,3.78,3.611,0.104,2.642,0.1818,4.617,0.185,0.329,rolamento_ball_2,2000.0
140041,2026-06-03 15:41:40.630993+00:00,0.0747,1.898,73.91,23.28,0.0995,2.529,0.709,1.033,61.0,61.0,0.149,0.167,2.95,2.834,3.833,3.318,0.1056,2.684,0.1408,3.576,0.185,0.311,rolamento_ball_2,2000.0
140057,2026-06-03 15:42:12.632832+00:00,0.0717,1.822,73.86,23.25,0.0993,2.523,0.741,1.273,61.0,61.0,0.132,0.144,2.796,2.983,3.985,3.934,0.1014,2.577,0.1405,3.568,0.186,0.323,rolamento_ball_2,2000.0
140060,2026-06-03 15:42:18.633076+00:00,0.0753,1.912,73.82,23.23,0.1056,2.684,0.711,1.303,61.0,61.0,0.151,0.17,2.891,2.957,3.816,3.857,0.1064,2.705,0.1494,3.796,0.186,0.337,rolamento_ball_2,2000.0
140070,2026-06-03 15:42:38.634387+00:00,0.0737,1.872,74.1,23.38,0.0992,2.52,0.708,1.146,61.0,61.0,0.137,0.157,2.793,2.903,3.74,3.464,0.1042,2.648,0.1403,3.564,0.189,0.33,rolamento_ball_2,2000.0
140082,2026-06-03 15:43:02.635992+00:00,0.0787,1.999,73.86,23.25,0.114,2.895,0.787,1.171,136.7,61.0,0.166,0.191,3.027,2.861,4.236,3.499,0.1113,2.828,0.1612,4.095,0.185,0.334,rolamento_ball_2,2000.0
140161,2026-06-03 15:45:40.646069+00:00,0.0751,1.909,75.69,24.27,0.1048,2.664,0.678,1.252,61.0,61.0,0.144,0.148,2.962,2.875,3.643,3.593,0.1063,2.7,0.1483,3.767,0.186,0.348,rolamento_ball_2,2000.0
140241,2026-06-03 15:52:15.220568+00:00,0.0953,2.422,74.38,23.54,0.1125,2.859,0.437,0.552,17.0,17.0,0.123,0.146,2.518,2.559,3.268,3.506,0.1348,3.426,0.1592,4.044,0.133,0.157,rolamento_ball_2,1000.0
140323,2026-06-03 15:54:59.229130+00:00,0.084,2.134,75.74,24.3,0.099,2.515,0.477,0.615,17.0,61.0,0.113,0.134,2.465,2.903,3.643,3.759,0.1188,3.018,0.14,3.557,0.131,0.163,rolamento_ball_2,1000.0
140351,2026-06-03 15:55:55.232537+00:00,0.0787,2.001,75.92,24.4,0.0857,2.177,0.5,0.677,17.0,61.0,0.123,0.14,2.49,2.811,3.726,4.117,0.1114,2.83,0.1212,3.079,0.134,0.164,rolamento_ball_2,1000.0
140353,2026-06-03 15:55:59.232805+00:00,0.0695,1.766,76.96,24.97,0.0894,2.271,0.479,0.663,17.0,61.0,0.109,0.13,2.528,2.627,3.555,3.989,0.0983,2.498,0.1264,3.213,0.134,0.166,rolamento_ball_2,1000.0
140384,2026-06-03 15:57:01.235949+00:00,0.0807,2.05,76.2,24.56,0.0986,2.506,0.43,0.53,17.0,61.0,0.121,0.139,2.463,2.704,3.231,3.367,0.1141,2.899,0.1395,3.544,0.133,0.157,rolamento_ball_2,1000.0
140494,2026-06-03 16:00:41.248533+00:00,0.0792,2.013,76.3,24.61,0.11,2.794,0.571,0.703,17.0,17.0,0.12,0.144,2.745,3.128,4.179,4.312,0.1121,2.847,0.1556,3.952,0.136,0.163,rolamento_ball_2,1000.0
140512,2026-06-03 16:01:17.250781+00:00,0.0767,1.95,76.35,24.63,0.088,2.235,0.461,0.568,17.0,61.0,0.114,0.137,2.418,2.777,3.538,3.509,0.1085,2.758,0.1244,3.161,0.13,0.161,rolamento_ball_2,1000.0
140572,2026-06-03 16:03:17.257333+00:00,0.0762,1.936,76.44,24.69,0.0897,2.278,0.485,0.65,61.0,61.0,0.112,0.139,2.444,2.784,3.747,4.006,0.1078,2.739,0.1268,3.222,0.129,0.162,rolamento_ball_2,1000.0
140658,2026-06-03 16:06:09.267438+00:00,0.0807,2.052,76.39,24.66,0.1014,2.575,0.446,0.524,17.0,61.0,0.126,0.149,2.543,2.702,3.297,3.251,0.1142,2.902,0.1434,3.643,0.135,0.161,rolamento_ball_2,1000.0
140665,2026-06-03 16:06:23.267982+00:00,0.0813,2.066,76.35,24.63,0.0991,2.517,0.493,0.574,17.0,61.0,0.11,0.135,2.518,2.76,3.722,3.564,0.115,2.922,0.1401,3.559,0.132,0.161,rolamento_ball_2,1000.0
140717,2026-06-03 16:08:07.274195+00:00,0.0939,2.385,77.05,25.03,0.1003,2.548,0.495,0.572,17.0,17.0,0.11,0.136,2.569,2.839,3.754,3.589,0.1328,3.374,0.1418,3.603,0.131,0.159,rolamento_ball_2,1000.0
140722,2026-06-03 16:08:17.274772+00:00,0.0776,1.972,76.96,24.97,0.0942,2.393,0.55,0.56,17.0,17.0,0.11,0.132,2.452,2.777,4.12,3.589,0.1098,2.79,0.1332,3.384,0.133,0.156,rolamento_ball_2,1000.0
140745,2026-06-03 16:09:03.277343+00:00,0.0822,2.088,77.76,25.42,0.1028,2.612,0.488,0.631,17.0,61.0,0.119,0.147,2.539,2.733,3.694,3.984,0.1162,2.952,0.1454,3.694,0.132,0.158,rolamento_ball_2,1000.0
140765,2026-06-03 16:09:43.279506+00:00,0.0804,2.043,77.71,25.39,0.0954,2.425,0.534,0.654,17.0,58.5,0.129,0.146,2.501,2.916,4.05,4.023,0.1137,2.89,0.135,3.43,0.132,0.162,rolamento_ball_2,1000.0
140786,2026-06-03 16:10:25.281736+00:00,0.0935,2.377,76.3,24.61,0.1014,2.576,0.576,0.594,17.0,61.0,0.141,0.163,2.525,2.838,4.435,3.746,0.1323,3.361,0.1434,3.643,0.13,0.158,rolamento_ball_2,1000.0
140807,2026-06-03 16:11:07.284026+00:00,0.0819,2.08,76.96,24.97,0.0931,2.364,0.476,0.598,17.0,58.5,0.11,0.131,2.46,2.87,3.635,3.66,0.1158,2.942,0.1316,3.344,0.131,0.163,rolamento_ball_2,1000.0
140819,2026-06-03 16:11:31.285474+00:00,0.0844,2.145,76.86,24.92,0.0987,2.508,0.547,0.6,17.0,61.0,0.125,0.145,2.48,2.709,4.083,3.652,0.1194,3.034,0.1396,3.547,0.134,0.164,rolamento_ball_2,1000.0
140843,2026-06-03 16:12:19.285912+00:00,0.085,2.159,76.39,24.66,0.1055,2.681,0.563,0.537,17.0,17.0,0.122,0.143,2.557,2.627,4.232,3.509,0.1202,3.053,0.1492,3.791,0.133,0.153,rolamento_ball_2,1000.0
140903,2026-06-03 16:14:19.294380+00:00,0.0795,2.021,76.35,24.63,0.0918,2.333,0.548,0.611,17.0,17.0,0.11,0.128,2.455,2.808,4.135,3.825,0.1125,2.858,0.1299,3.3,0.132,0.159,rolamento_ball_2,1000.0
140918,2026-06-03 16:14:49.294480+00:00,0.0748,1.9,76.25,24.58,0.0932,2.368,0.491,0.536,17.0,61.0,0.104,0.125,2.541,2.665,3.698,3.435,0.1058,2.687,0.1318,3.35,0.132,0.156,rolamento_ball_2,1000.0
140964,2026-06-03 16:16:21.300997+00:00,0.089,2.261,76.53,24.74,0.0952,2.419,0.441,0.655,17.0,61.0,0.108,0.121,2.41,2.905,3.328,4.009,0.1259,3.198,0.1346,3.421,0.132,0.163,rolamento_ball_2,1000.0
140978,2026-06-03 16:16:49.301289+00:00,0.0926,2.352,76.35,24.63,0.0915,2.325,0.474,0.593,17.0,61.0,0.116,0.137,2.487,2.66,3.543,3.689,0.1309,3.326,0.1294,3.288,0.133,0.16,rolamento_ball_2,1000.0
140988,2026-06-03 16:17:09.303819+00:00,0.0907,2.304,76.35,24.63,0.0963,2.446,0.47,0.584,14.6,61.0,0.118,0.129,2.567,2.834,3.567,3.764,0.1282,3.258,0.1362,3.46,0.131,0.155,rolamento_ball_2,1000.0
141016,2026-06-03 16:18:05.306847+00:00,0.0805,2.046,76.2,24.56,0.0872,2.215,0.588,0.609,17.0,61.0,0.119,0.135,2.619,2.748,4.397,3.651,0.1139,2.894,0.1233,3.132,0.133,0.167,rolamento_ball_2,1000.0
141091,2026-06-03 16:20:35.314863+00:00,0.083,2.109,76.3,24.61,0.1002,2.547,0.487,0.636,17.0,61.0,0.113,0.136,2.456,2.763,3.719,4.072,0.1174,2.983,0.1418,3.602,0.131,0.156,rolamento_ball_2,1000.0
141121,2026-06-03 16:21:35.317832+00:00,0.0874,2.222,76.35,24.63,0.0911,2.316,0.552,0.645,17.0,61.0,0.115,0.136,2.517,2.836,4.208,4.06,0.1237,3.142,0.1289,3.275,0.131,0.159,rolamento_ball_2,1000.0
141135,2026-06-03 16:22:03.319369+00:00,0.0784,1.992,76.82,24.9,0.0984,2.499,0.607,0.573,17.0,61.0,0.113,0.133,2.641,2.766,4.506,3.594,0.1109,2.817,0.1391,3.534,0.134,0.159,rolamento_ball_2,1000.0
141141,2026-06-03 16:22:15.317907+00:00,0.0825,2.096,76.25,24.58,0.0984,2.499,0.408,0.608,17.0,61.0,0.118,0.143,2.377,2.662,3.098,3.848,0.1167,2.965,0.1391,3.535,0.131,0.158,rolamento_ball_2,1000.0
141254,2026-06-03 16:32:14.837224+00:00,0.0528,1.342,81.18,27.32,0.0849,2.156,0.471,0.559,61.0,56.1,0.08,0.111,2.477,2.749,3.909,4.207,0.0747,1.898,0.12,3.05,0.12,0.132,rolamento_combination_2,500.0
141284,2026-06-03 16:33:14.840400+00:00,0.0548,1.393,80.51,26.95,0.0998,2.537,0.463,0.492,61.0,58.5,0.086,0.126,2.399,2.567,3.761,3.704,0.0775,1.97,0.1412,3.588,0.123,0.133,rolamento_combination_2,500.0
141291,2026-06-03 16:33:28.840981+00:00,0.0589,1.498,80.27,26.82,0.094,2.39,0.451,0.533,61.0,58.5,0.087,0.118,2.393,2.58,3.656,3.937,0.0834,2.118,0.133,3.38,0.123,0.135,rolamento_combination_2,500.0
141292,2026-06-03 16:33:30.841021+00:00,0.0559,1.42,80.27,26.82,0.1001,2.544,0.454,0.487,61.0,58.5,0.084,0.118,2.369,2.518,3.757,3.658,0.079,2.008,0.1416,3.598,0.121,0.133,rolamento_combination_2,500.0
141303,2026-06-03 16:33:52.842072+00:00,0.0579,1.471,80.61,27.0,0.1054,2.677,0.434,0.525,61.0,58.5,0.083,0.13,2.345,2.672,3.493,3.867,0.0819,2.08,0.149,3.786,0.124,0.135,rolamento_combination_2,500.0
141342,2026-06-03 16:35:10.846392+00:00,0.0556,1.413,79.51,26.39,0.0998,2.536,0.442,0.595,61.0,58.5,0.085,0.123,2.349,2.662,3.633,4.362,0.0787,1.999,0.1412,3.586,0.121,0.136,rolamento_combination_2,500.0
141384,2026-06-03 16:36:34.850719+00:00,0.0567,1.441,79.94,26.63,0.1143,2.905,0.466,0.493,58.5,58.5,0.085,0.132,2.413,2.577,3.725,3.604,0.0802,2.038,0.1617,4.108,0.125,0.136,rolamento_combination_2,500.0
141392,2026-06-03 16:36:50.851810+00:00,0.0588,1.493,79.13,26.18,0.1173,2.98,0.441,0.591,58.5,58.5,0.082,0.131,2.355,2.68,3.564,4.388,0.0831,2.112,0.1659,4.215,0.123,0.134,rolamento_combination_2,500.0
141434,2026-06-03 16:38:14.856253+00:00,0.0527,1.34,79.51,26.39,0.089,2.261,0.447,0.616,61.0,56.1,0.08,0.11,2.391,2.669,3.532,4.481,0.0746,1.895,0.1259,3.198,0.126,0.137,rolamento_combination_2,500.0
141443,2026-06-03 16:38:32.857082+00:00,0.0573,1.455,78.89,26.05,0.1056,2.684,0.488,0.535,58.5,58.5,0.085,0.126,2.432,2.768,3.904,3.93,0.081,2.058,0.1494,3.796,0.125,0.136,rolamento_combination_2,500.0
141491,2026-06-03 16:40:08.862659+00:00,0.0557,1.416,78.56,25.87,0.109,2.768,0.433,0.563,58.5,58.5,0.081,0.126,2.358,2.786,3.453,4.164,0.0788,2.003,0.1541,3.915,0.125,0.135,rolamento_combination_2,500.0
141506,2026-06-03 16:40:38.864185+00:00,0.0602,1.53,78.85,26.02,0.098,2.49,0.484,0.515,58.5,58.5,0.079,0.117,2.464,2.65,3.838,3.799,0.0852,2.164,0.1386,3.521,0.126,0.135,rolamento_combination_2,500.0
141529,2026-06-03 16:41:24.866692+00:00,0.058,1.474,78.61,25.89,0.1018,2.587,0.514,0.587,58.5,58.5,0.081,0.121,2.494,2.557,4.075,4.222,0.082,2.084,0.144,3.659,0.126,0.139,rolamento_combination_2,500.0
141531,2026-06-03 16:41:28.867073+00:00,0.054,1.373,78.71,25.95,0.0865,2.199,0.502,0.513,61.0,56.1,0.077,0.108,2.556,2.611,3.926,3.728,0.0764,1.942,0.1224,3.11,0.127,0.137,rolamento_combination_2,500.0
141536,2026-06-03 16:41:38.867582+00:00,0.0563,1.432,79.04,26.13,0.0951,2.417,0.453,0.564,61.0,56.1,0.079,0.117,2.478,2.637,3.633,4.201,0.0797,2.025,0.1346,3.418,0.124,0.134,rolamento_combination_2,500.0
141538,2026-06-03 16:41:42.866444+00:00,0.0569,1.447,78.66,25.92,0.1091,2.772,0.488,0.47,61.0,58.5,0.082,0.127,2.481,2.586,3.898,3.456,0.0806,2.047,0.1543,3.92,0.125,0.136,rolamento_combination_2,500.0
141562,2026-06-03 16:42:30.870525+00:00,0.0513,1.305,78.85,26.02,0.0883,2.243,0.416,0.508,61.0,61.0,0.079,0.109,2.284,2.703,3.398,3.716,0.0726,1.846,0.1249,3.173,0.122,0.136,rolamento_combination_2,500.0
141633,2026-06-03 16:44:52.878676+00:00,0.0628,1.596,78.61,25.89,0.0948,2.409,0.506,0.524,61.0,56.1,0.082,0.115,2.41,2.588,4.048,3.84,0.0888,2.257,0.1341,3.408,0.125,0.136,rolamento_combination_2,500.0
141648,2026-06-03 16:45:22.880283+00:00,0.0642,1.631,79.13,26.18,0.0997,2.532,0.452,0.589,58.5,58.5,0.086,0.125,2.47,2.702,3.605,4.342,0.0908,2.307,0.141,3.582,0.125,0.135,rolamento_combination_2,500.0
141712,2026-06-03 16:47:30.887882+00:00,0.0478,1.215,78.8,26.0,0.0795,2.02,0.449,0.636,61.0,56.1,0.079,0.116,2.394,2.777,3.573,4.626,0.0676,1.718,0.1124,2.857,0.125,0.137,rolamento_combination_2,500.0
141761,2026-06-03 16:49:08.893029+00:00,0.0576,1.464,78.99,26.1,0.113,2.872,0.405,0.49,61.0,58.5,0.092,0.133,2.283,2.515,3.309,3.601,0.0815,2.071,0.1599,4.061,0.122,0.136,rolamento_combination_2,500.0
141871,2026-06-03 16:52:48.893507+00:00,0.0569,1.447,79.27,26.26,0.1015,2.579,0.45,0.482,61.0,58.5,0.084,0.127,2.308,2.505,3.634,3.593,0.0805,2.046,0.1436,3.647,0.124,0.134,rolamento_combination_2,500.0
141922,2026-06-03 16:54:30.912832+00:00,0.0573,1.455,80.03,26.68,0.1101,2.799,0.579,0.764,58.5,58.5,0.086,0.132,2.586,2.784,4.673,5.661,0.081,2.058,0.1558,3.958,0.124,0.135,rolamento_combination_2,500.0
141945,2026-06-03 16:55:16.917282+00:00,0.0622,1.58,80.18,26.76,0.106,2.694,0.398,0.561,58.5,58.5,0.087,0.126,2.263,2.597,3.184,4.111,0.0879,2.235,0.15,3.81,0.125,0.136,rolamento_combination_2,500.0
141954,2026-06-03 16:55:34.917137+00:00,0.0568,1.443,78.89,26.05,0.0842,2.14,0.391,0.578,61.0,61.0,0.082,0.113,2.315,2.517,3.168,4.268,0.0803,2.041,0.1191,3.027,0.123,0.135,rolamento_combination_2,500.0
141973,2026-06-03 16:56:12.920364+00:00,0.0612,1.554,79.13,26.18,0.085,2.161,0.546,0.613,9.7,56.1,0.08,0.113,2.476,2.611,4.341,4.532,0.0865,2.198,0.1203,3.056,0.125,0.135,rolamento_combination_2,500.0
141999,2026-06-03 16:57:04.924574+00:00,0.0534,1.356,78.89,26.05,0.095,2.414,0.491,0.588,61.0,58.5,0.084,0.118,2.536,2.653,3.953,4.299,0.0755,1.918,0.1344,3.414,0.124,0.136,rolamento_combination_2,500.0
142008,2026-06-03 16:57:22.925825+00:00,0.0664,1.687,80.27,26.82,0.089,2.26,0.488,0.499,61.0,61.0,0.093,0.12,2.459,2.524,3.934,3.687,0.0939,2.386,0.1258,3.197,0.124,0.135,rolamento_combination_2,500.0
142021,2026-06-03 16:57:48.927647+00:00,0.0571,1.451,79.04,26.13,0.1014,2.578,0.52,0.499,61.0,61.0,0.089,0.128,2.384,2.55,4.217,3.655,0.0808,2.053,0.1435,3.645,0.123,0.136,rolamento_combination_2,500.0
142069,2026-06-03 16:59:24.936141+00:00,0.0566,1.439,79.18,26.21,0.0958,2.434,0.53,0.499,61.0,56.1,0.091,0.129,2.39,2.61,4.238,3.652,0.0801,2.035,0.1355,3.443,0.125,0.136,rolamento_combination_2,500.0
142127,2026-06-03 17:01:20.946298+00:00,0.0554,1.407,79.23,26.23,0.0964,2.448,0.4,0.603,61.0,56.1,0.081,0.118,2.327,2.67,3.205,4.376,0.0783,1.99,0.1363,3.463,0.124,0.137,rolamento_combination_2,500.0
142139,2026-06-03 17:01:44.948307+00:00,0.0575,1.462,79.13,26.18,0.0972,2.47,0.546,0.642,61.0,56.1,0.088,0.124,2.386,2.685,4.398,4.727,0.0814,2.068,0.1375,3.494,0.124,0.135,rolamento_combination_2,500.0
142228,2026-06-03 17:04:42.960508+00:00,0.0552,1.403,81.08,27.27,0.0798,2.028,0.422,0.581,61.0,61.0,0.081,0.111,2.356,2.826,3.38,4.245,0.0781,1.984,0.1129,2.868,0.125,0.136,rolamento_combination_2,500.0
142232,2026-06-03 17:04:50.961020+00:00,0.0533,1.356,79.13,26.18,0.086,2.186,0.489,0.496,61.0,56.1,0.084,0.111,2.355,2.595,3.92,3.646,0.0755,1.917,0.1217,3.092,0.124,0.136,rolamento_combination_2,500.0
142300,2026-06-03 17:07:32.568205+00:00,0.0621,1.577,78.0,25.55,0.0785,1.995,0.517,0.524,58.5,58.5,0.115,0.127,2.506,2.67,4.076,3.528,0.0878,2.23,0.111,2.821,0.126,0.148,rolamento_combination_2,1000.0
142317,2026-06-03 17:08:06.570391+00:00,0.0656,1.668,77.9,25.5,0.0901,2.289,0.516,0.548,61.0,61.0,0.106,0.135,2.349,2.689,4.036,3.683,0.0928,2.359,0.1274,3.238,0.127,0.148,rolamento_combination_2,1000.0
142344,2026-06-03 17:09:00.573941+00:00,0.0691,1.756,77.52,25.29,0.0785,1.996,0.533,0.64,61.0,61.0,0.107,0.117,2.473,2.899,4.133,4.156,0.0978,2.484,0.1111,2.823,0.129,0.154,rolamento_combination_2,1000.0
142417,2026-06-03 17:11:26.583866+00:00,0.0607,1.542,77.1,25.05,0.0863,2.194,0.489,0.517,61.0,61.0,0.118,0.136,2.44,2.57,3.745,3.402,0.0858,2.181,0.1221,3.103,0.13,0.152,rolamento_combination_2,1000.0
142422,2026-06-03 17:11:36.584489+00:00,0.058,1.475,77.15,25.08,0.0887,2.254,0.593,0.534,61.0,61.0,0.104,0.124,2.544,2.776,4.544,3.584,0.0821,2.086,0.1255,3.188,0.13,0.149,rolamento_combination_2,1000.0
142453,2026-06-03 17:12:38.588624+00:00,0.0619,1.573,78.52,25.84,0.0879,2.232,0.491,0.568,61.0,61.0,0.119,0.137,2.434,2.684,3.739,3.796,0.0876,2.225,0.1243,3.157,0.131,0.149,rolamento_combination_2,1000.0
142468,2026-06-03 17:13:08.590451+00:00,0.06,1.526,76.91,24.95,0.0937,2.382,0.505,0.662,58.5,61.0,0.115,0.14,2.508,2.652,3.913,4.47,0.0849,2.158,0.1326,3.369,0.129,0.148,rolamento_combination_2,1000.0
142497,2026-06-03 17:14:06.594231+00:00,0.0638,1.621,77.19,25.11,0.0791,2.01,0.504,0.599,58.5,61.0,0.114,0.126,2.523,2.798,3.836,3.953,0.0902,2.292,0.1119,2.843,0.131,0.151,rolamento_combination_2,1000.0
142525,2026-06-03 17:15:02.597864+00:00,0.0659,1.676,76.86,24.92,0.0881,2.239,0.533,0.529,61.0,61.0,0.108,0.124,2.475,2.706,4.168,3.542,0.0933,2.37,0.1246,3.166,0.127,0.149,rolamento_combination_2,1000.0
142557,2026-06-03 17:16:06.601878+00:00,0.0771,1.96,76.91,24.95,0.0914,2.323,0.587,0.627,61.0,61.0,0.124,0.142,2.524,2.668,4.543,4.232,0.1091,2.772,0.1293,3.285,0.129,0.148,rolamento_combination_2,1000.0
142586,2026-06-03 17:17:04.603365+00:00,0.0611,1.554,76.82,24.9,0.0793,2.014,0.497,0.637,61.0,58.5,0.108,0.124,2.379,2.759,3.836,4.331,0.0865,2.197,0.1121,2.849,0.129,0.147,rolamento_combination_2,1000.0
142587,2026-06-03 17:17:06.605790+00:00,0.0619,1.574,76.77,24.87,0.0849,2.157,0.561,0.625,61.0,61.0,0.104,0.124,2.453,2.743,4.325,4.198,0.0876,2.226,0.1201,3.051,0.129,0.148,rolamento_combination_2,1000.0
142638,2026-06-03 17:18:48.612247+00:00,0.0689,1.751,76.82,24.9,0.0785,1.995,0.474,0.688,61.0,61.0,0.114,0.136,2.548,2.665,3.667,4.73,0.0975,2.477,0.1111,2.822,0.129,0.145,rolamento_combination_2,1000.0
142718,2026-06-03 17:21:28.622204+00:00,0.064,1.626,76.91,24.95,0.0816,2.075,0.407,0.585,61.0,61.0,0.122,0.13,2.431,2.717,3.179,3.923,0.0905,2.299,0.1155,2.934,0.128,0.149,rolamento_combination_2,1000.0
142774,2026-06-03 17:23:20.629244+00:00,0.0728,1.851,76.77,24.87,0.086,2.184,0.49,0.702,17.0,61.0,0.109,0.133,2.443,2.775,3.802,4.577,0.103,2.618,0.1216,3.089,0.129,0.153,rolamento_combination_2,1000.0
142809,2026-06-03 17:24:30.633685+00:00,0.0626,1.59,76.63,24.79,0.0773,1.964,0.464,0.62,58.5,61.0,0.104,0.121,2.415,2.715,3.553,4.184,0.0885,2.248,0.1093,2.778,0.13,0.148,rolamento_combination_2,1000.0
142810,2026-06-03 17:24:32.633834+00:00,0.0601,1.527,76.63,24.79,0.0804,2.044,0.493,0.528,61.0,61.0,0.113,0.129,2.408,2.624,3.813,3.521,0.085,2.16,0.1138,2.891,0.129,0.15,rolamento_combination_2,1000.0
142827,2026-06-03 17:25:06.633884+00:00,0.0695,1.767,76.82,24.9,0.0813,2.065,0.477,0.551,61.0,61.0,0.112,0.132,2.401,2.613,3.69,3.736,0.0984,2.499,0.115,2.921,0.129,0.147,rolamento_combination_2,1000.0
142892,2026-06-03 17:27:16.643727+00:00,0.0656,1.667,76.63,24.79,0.0921,2.339,0.456,0.56,61.0,61.0,0.108,0.123,2.369,2.628,3.534,3.83,0.0928,2.358,0.1302,3.309,0.129,0.146,rolamento_combination_2,1000.0
142921,2026-06-03 17:28:14.647174+00:00,0.0694,1.762,76.72,24.84,0.09,2.286,0.449,0.613,58.5,61.0,0.115,0.121,2.416,2.884,3.484,4.091,0.0981,2.493,0.1273,3.233,0.128,0.149,rolamento_combination_2,1000.0
142990,2026-06-03 17:30:32.655607+00:00,0.0611,1.552,76.63,24.79,0.0819,2.082,0.481,0.547,61.0,61.0,0.116,0.132,2.498,2.624,3.709,3.668,0.0864,2.194,0.1159,2.944,0.129,0.149,rolamento_combination_2,1000.0
143028,2026-06-03 17:31:48.660046+00:00,0.0576,1.463,78.23,25.68,0.0811,2.06,0.556,0.607,61.0,61.0,0.098,0.116,2.431,2.783,4.287,3.896,0.0814,2.069,0.1147,2.914,0.129,0.155,rolamento_combination_2,1000.0
143044,2026-06-03 17:32:20.661923+00:00,0.065,1.651,76.58,24.77,0.0834,2.12,0.526,0.68,61.0,61.0,0.118,0.135,2.52,2.812,4.046,4.52,0.0919,2.335,0.118,2.998,0.13,0.15,rolamento_combination_2,1000.0
143047,2026-06-03 17:32:26.662233+00:00,0.0771,1.959,76.86,24.92,0.0944,2.398,0.485,0.541,61.0,61.0,0.119,0.128,2.419,2.627,3.762,3.689,0.1091,2.771,0.1335,3.391,0.129,0.146,rolamento_combination_2,1000.0
143057,2026-06-03 17:32:46.663542+00:00,0.0657,1.67,76.72,24.84,0.0831,2.111,0.477,0.559,61.0,61.0,0.112,0.126,2.472,2.779,3.634,3.642,0.0929,2.362,0.1175,2.986,0.131,0.153,rolamento_combination_2,1000.0
143069,2026-06-03 17:33:10.664885+00:00,0.0665,1.69,76.91,24.95,0.0794,2.017,0.476,0.649,58.5,61.0,0.119,0.127,2.361,2.635,3.701,4.241,0.0941,2.39,0.1123,2.852,0.128,0.153,rolamento_combination_2,1000.0
143148,2026-06-03 17:35:48.674507+00:00,0.0612,1.554,77.71,25.39,0.081,2.059,0.53,0.516,58.5,61.0,0.105,0.12,2.551,2.589,4.074,3.415,0.0865,2.198,0.1146,2.911,0.13,0.151,rolamento_combination_2,1000.0
143228,2026-06-03 17:38:28.683525+00:00,0.0628,1.595,76.68,24.82,0.0774,1.967,0.474,0.563,61.0,61.0,0.109,0.126,2.481,2.516,3.676,3.818,0.0888,2.256,0.1095,2.781,0.128,0.147,rolamento_combination_2,1000.0
143248,2026-06-03 17:39:40.133062+00:00,0.0734,1.865,76.16,24.53,0.1039,2.64,0.573,1.093,61.0,58.5,0.156,0.161,2.769,2.98,3.439,4.158,0.1038,2.637,0.147,3.734,0.166,0.263,rolamento_combination_2,2000.0
143323,2026-06-03 17:42:10.142118+00:00,0.0712,1.808,75.27,24.03,0.0942,2.393,0.891,1.042,61.0,61.0,0.153,0.159,3.029,2.971,5.114,3.793,0.1006,2.557,0.1332,3.385,0.174,0.274,rolamento_combination_2,2000.0
143351,2026-06-03 17:43:06.145581+00:00,0.0809,2.055,75.13,23.96,0.1096,2.786,0.624,0.979,58.5,58.5,0.174,0.169,2.879,2.793,3.599,3.637,0.1144,2.906,0.1551,3.94,0.173,0.269,rolamento_combination_2,2000.0
143353,2026-06-03 17:43:10.145800+00:00,0.0755,1.919,74.84,23.8,0.114,2.897,0.568,1.096,58.5,58.5,0.161,0.164,2.694,2.961,3.385,4.157,0.1068,2.714,0.1613,4.097,0.168,0.263,rolamento_combination_2,2000.0
143384,2026-06-03 17:44:12.148306+00:00,0.0748,1.9,75.69,24.27,0.0947,2.407,0.572,0.904,61.0,61.0,0.152,0.143,2.832,2.903,3.414,3.536,0.1058,2.688,0.134,3.404,0.167,0.255,rolamento_combination_2,2000.0
143494,2026-06-03 17:47:52.162175+00:00,0.0769,1.954,74.56,23.64,0.1048,2.662,0.666,1.071,9.7,61.0,0.162,0.167,2.873,3.06,3.947,4.129,0.1088,2.764,0.1482,3.765,0.168,0.259,rolamento_combination_2,2000.0
143512,2026-06-03 17:48:28.164411+00:00,0.0625,1.588,75.22,24.01,0.0968,2.46,0.674,1.082,61.0,61.0,0.154,0.143,2.834,3.062,3.888,4.123,0.0884,2.246,0.137,3.48,0.173,0.262,rolamento_combination_2,2000.0
143572,2026-06-03 17:50:28.157806+00:00,0.0717,1.823,75.13,23.96,0.1034,2.626,0.616,0.953,61.0,61.0,0.164,0.17,2.886,3.009,3.585,3.534,0.1015,2.579,0.1462,3.714,0.171,0.269,rolamento_combination_2,2000.0
143658,2026-06-03 17:53:20.180916+00:00,0.074,1.879,75.74,24.3,0.1034,2.627,0.629,0.902,61.0,58.5,0.155,0.162,2.839,2.88,3.667,3.419,0.1046,2.658,0.1462,3.715,0.171,0.263,rolamento_combination_2,2000.0
143665,2026-06-03 17:53:34.181710+00:00,0.0705,1.79,75.92,24.4,0.1115,2.832,0.666,1.039,61.0,61.0,0.152,0.165,2.864,2.94,3.886,3.806,0.0997,2.532,0.1576,4.005,0.171,0.273,rolamento_combination_2,2000.0
143717,2026-06-03 17:55:18.187918+00:00,0.0824,2.093,74.61,23.67,0.1024,2.601,0.585,1.033,58.5,58.5,0.164,0.159,2.755,3.008,3.398,3.753,0.1165,2.96,0.1448,3.678,0.172,0.275,rolamento_combination_2,2000.0
143722,2026-06-03 17:55:28.187590+00:00,0.0712,1.809,75.36,24.09,0.1117,2.839,0.648,1.037,61.0,61.0,0.171,0.166,2.859,2.825,3.72,3.875,0.1007,2.558,0.158,4.015,0.174,0.267,rolamento_combination_2,2000.0
143745,2026-06-03 17:56:14.191601+00:00,0.0712,1.809,74.99,23.88,0.1105,2.808,0.592,0.95,61.0,61.0,0.161,0.162,2.898,2.881,3.455,3.607,0.1007,2.559,0.1563,3.971,0.171,0.263,rolamento_combination_2,2000.0
143765,2026-06-03 17:56:54.193868+00:00,0.0759,1.927,75.08,23.93,0.1045,2.655,0.672,1.003,61.0,61.0,0.152,0.149,2.908,2.859,3.807,3.856,0.1073,2.726,0.1478,3.755,0.176,0.26,rolamento_combination_2,2000.0
143786,2026-06-03 17:57:36.196383+00:00,0.064,1.627,75.08,23.93,0.1131,2.873,0.684,1.059,61.0,61.0,0.161,0.164,2.864,3.039,3.825,3.553,0.0906,2.301,0.16,4.064,0.179,0.298,rolamento_combination_2,2000.0
143807,2026-06-03 17:58:18.198990+00:00,0.0815,2.072,74.61,23.67,0.1143,2.905,0.616,1.328,61.0,58.5,0.166,0.17,2.907,3.095,3.558,4.587,0.1153,2.93,0.1617,4.109,0.173,0.289,rolamento_combination_2,2000.0
143819,2026-06-03 17:58:42.200394+00:00,0.0699,1.777,75.5,24.16,0.1114,2.83,0.61,1.073,61.0,61.0,0.164,0.166,2.723,3.01,3.399,3.844,0.0989,2.513,0.1575,4.002,0.179,0.279,rolamento_combination_2,2000.0
143843,2026-06-03 17:59:30.203471+00:00,0.0684,1.738,74.99,23.88,0.1022,2.598,0.731,0.952,61.0,61.0,0.164,0.152,2.827,2.786,4.082,3.399,0.0968,2.459,0.1446,3.674,0.179,0.28,rolamento_combination_2,2000.0
143903,2026-06-03 18:01:30.210709+00:00,0.079,2.007,74.66,23.7,0.1119,2.844,0.59,1.019,9.7,61.0,0.156,0.159,2.849,2.851,3.387,3.778,0.1117,2.838,0.1583,4.023,0.174,0.269,rolamento_combination_2,2000.0
143918,2026-06-03 18:02:00.212498+00:00,0.0696,1.768,75.55,24.19,0.102,2.591,0.715,1.15,61.0,61.0,0.163,0.166,2.974,3.106,4.04,4.371,0.0984,2.5,0.1442,3.664,0.176,0.263,rolamento_combination_2,2000.0
143964,2026-06-03 18:03:32.218091+00:00,0.0733,1.862,74.7,23.72,0.1098,2.791,0.665,0.821,61.0,61.0,0.154,0.154,2.831,2.713,3.932,3.022,0.1036,2.633,0.1554,3.947,0.169,0.271,rolamento_combination_2,2000.0
143978,2026-06-03 18:04:00.216851+00:00,0.0716,1.82,75.64,24.24,0.1011,2.568,0.656,0.937,61.0,61.0,0.158,0.16,2.808,2.958,3.804,3.627,0.1013,2.574,0.1429,3.632,0.172,0.258,rolamento_combination_2,2000.0
143988,2026-06-03 18:04:20.221083+00:00,0.0752,1.91,74.89,23.83,0.1031,2.62,0.666,0.96,61.0,58.5,0.172,0.173,2.936,2.887,3.802,3.529,0.1063,2.701,0.1459,3.706,0.175,0.272,rolamento_combination_2,2000.0
144016,2026-06-03 18:05:16.224746+00:00,0.0665,1.69,75.78,24.32,0.0893,2.269,0.619,1.088,61.0,61.0,0.157,0.144,2.752,3.011,3.501,4.116,0.0941,2.39,0.1263,3.209,0.176,0.264,rolamento_combination_2,2000.0
144091,2026-06-03 18:07:46.234339+00:00,0.0747,1.899,75.03,23.9,0.1034,2.626,0.595,0.944,61.0,61.0,0.166,0.163,2.911,2.899,3.415,3.608,0.1057,2.686,0.1462,3.714,0.174,0.261,rolamento_combination_2,2000.0
144121,2026-06-03 18:08:46.236929+00:00,0.0672,1.708,75.17,23.98,0.1024,2.602,0.617,1.114,58.5,61.0,0.152,0.156,2.85,3.091,3.395,3.994,0.0951,2.415,0.1449,3.681,0.181,0.279,rolamento_combination_2,2000.0
144135,2026-06-03 18:09:14.242669+00:00,0.0778,1.976,74.8,23.77,0.1185,3.011,0.654,0.871,61.0,61.0,0.179,0.18,2.771,2.834,3.762,3.208,0.11,2.795,0.1676,4.258,0.173,0.271,rolamento_combination_2,2000.0
144141,2026-06-03 18:09:26.243388+00:00,0.0794,2.017,76.11,24.5,0.1148,2.917,0.594,0.984,61.0,61.0,0.166,0.171,2.744,2.933,3.433,3.667,0.1123,2.853,0.1624,4.126,0.173,0.268,rolamento_combination_2,2000.0
144284,2026-06-03 18:26:56.126544+00:00,0.0687,1.747,78.23,25.68,0.0927,2.356,0.523,1.059,61.0,61.0,0.109,0.132,2.717,3.11,3.475,3.983,0.0972,2.471,0.1312,3.332,0.15,0.266,correia_2,2000.0
144291,2026-06-03 18:27:10.127258+00:00,0.0777,1.975,77.85,25.47,0.1111,2.823,0.67,0.919,136.7,136.7,0.149,0.194,2.801,2.911,4.398,3.568,0.1099,2.793,0.1571,3.992,0.152,0.257,correia_2,2000.0
144292,2026-06-03 18:27:12.127385+00:00,0.0792,2.012,78.33,25.73,0.1052,2.673,0.549,1.002,61.0,61.0,0.147,0.183,2.634,2.954,3.601,3.959,0.112,2.846,0.1488,3.78,0.152,0.253,correia_2,2000.0
144303,2026-06-03 18:27:34.127049+00:00,0.0752,1.911,78.52,25.84,0.1011,2.568,0.605,0.957,61.0,61.0,0.139,0.166,2.765,2.908,3.863,3.67,0.1064,2.703,0.1429,3.632,0.156,0.26,correia_2,2000.0
144342,2026-06-03 18:28:52.133370+00:00,0.0747,1.899,76.06,24.48,0.094,2.388,0.48,0.994,61.0,61.0,0.116,0.14,2.624,3.101,3.05,3.959,0.1057,2.685,0.1329,3.378,0.157,0.251,correia_2,2000.0
144384,2026-06-03 18:30:16.138477+00:00,0.0725,1.841,75.36,24.09,0.0978,2.484,0.555,0.909,136.7,61.0,0.139,0.176,2.728,2.925,3.48,3.488,0.1025,2.604,0.1383,3.514,0.159,0.26,correia_2,2000.0
144414,2026-06-03 18:31:16.141637+00:00,0.0747,1.898,74.75,23.75,0.1029,2.615,0.609,1.007,61.0,61.0,0.137,0.162,2.78,2.972,3.845,3.882,0.1056,2.684,0.1456,3.698,0.158,0.259,correia_2,2000.0
144434,2026-06-03 18:31:56.144308+00:00,0.067,1.702,74.66,23.7,0.103,2.616,0.618,0.898,61.0,61.0,0.114,0.143,2.819,2.852,3.962,3.648,0.0947,2.406,0.1456,3.7,0.156,0.246,correia_2,2000.0
144486,2026-06-03 18:33:40.150541+00:00,0.0737,1.872,74.42,23.57,0.0958,2.435,0.529,1.109,61.0,61.0,0.125,0.15,2.674,2.978,3.327,4.187,0.1042,2.648,0.1355,3.443,0.159,0.265,correia_2,2000.0
144506,2026-06-03 18:34:20.151689+00:00,0.0805,2.044,74.47,23.59,0.1115,2.833,0.596,0.809,139.1,139.1,0.159,0.2,2.892,2.887,3.797,3.231,0.1138,2.891,0.1577,4.006,0.156,0.25,correia_2,2000.0
144529,2026-06-03 18:35:06.155477+00:00,0.0728,1.851,75.5,24.16,0.0957,2.43,0.475,1.079,61.0,61.0,0.124,0.143,2.636,2.92,2.973,4.132,0.103,2.617,0.1353,3.437,0.159,0.261,correia_2,2000.0
144531,2026-06-03 18:35:10.155703+00:00,0.069,1.754,74.19,23.44,0.1078,2.739,0.604,0.96,61.0,9.7,0.124,0.145,2.758,3.114,3.882,3.884,0.0977,2.481,0.1525,3.873,0.155,0.247,correia_2,2000.0
144538,2026-06-03 18:35:24.156549+00:00,0.0793,2.014,74.28,23.49,0.1051,2.67,0.641,1.055,139.1,139.1,0.152,0.19,2.767,3.035,3.948,4.237,0.1121,2.849,0.1486,3.776,0.162,0.248,correia_2,2000.0
144571,2026-06-03 18:36:30.160517+00:00,0.0764,1.941,74.19,23.44,0.0918,2.332,0.596,0.967,61.0,58.5,0.122,0.135,2.735,3.106,3.794,3.791,0.108,2.745,0.1298,3.298,0.157,0.255,correia_2,2000.0
144572,2026-06-03 18:36:32.160646+00:00,0.0763,1.94,74.19,23.44,0.0981,2.494,0.638,1.028,61.0,61.0,0.135,0.153,2.761,3.12,3.97,3.88,0.108,2.743,0.1388,3.527,0.16,0.264,correia_2,2000.0
144594,2026-06-03 18:37:16.163356+00:00,0.0655,1.665,74.05,23.36,0.1051,2.671,0.508,0.92,61.0,61.0,0.128,0.156,2.629,2.95,3.277,3.681,0.0927,2.355,0.1487,3.777,0.155,0.25,correia_2,2000.0
144633,2026-06-03 18:38:34.168244+00:00,0.0831,2.111,74.84,23.8,0.1203,3.056,0.583,0.893,139.1,61.0,0.154,0.193,2.71,2.85,3.631,3.424,0.1175,2.986,0.1701,4.321,0.16,0.26,correia_2,2000.0
144654,2026-06-03 18:39:16.169480+00:00,0.0736,1.871,74.66,23.7,0.1028,2.613,0.601,1.072,61.0,136.7,0.145,0.186,2.767,3.031,3.73,4.264,0.1041,2.646,0.1455,3.695,0.161,0.251,correia_2,2000.0
144656,2026-06-03 18:39:20.171885+00:00,0.083,2.108,74.1,23.38,0.1144,2.906,0.544,0.841,139.1,139.1,0.161,0.198,2.71,2.839,3.436,3.412,0.1174,2.982,0.1618,4.11,0.158,0.246,correia_2,2000.0
144690,2026-06-03 18:40:28.177341+00:00,0.0766,1.946,74.24,23.46,0.1033,2.626,0.617,0.989,61.0,61.0,0.135,0.157,2.863,2.853,3.885,3.888,0.1083,2.753,0.1462,3.714,0.158,0.254,correia_2,2000.0
144697,2026-06-03 18:40:42.178780+00:00,0.0816,2.073,74.28,23.49,0.118,2.998,0.647,0.889,139.1,139.1,0.151,0.203,2.727,2.894,4.095,3.403,0.1154,2.932,0.1669,4.24,0.157,0.261,correia_2,2000.0
144700,2026-06-03 18:40:48.179221+00:00,0.0786,1.998,73.96,23.31,0.1101,2.798,0.515,0.847,136.7,139.1,0.159,0.202,2.687,2.805,3.284,3.385,0.1112,2.826,0.1558,3.958,0.156,0.25,correia_2,2000.0
144746,2026-06-03 18:42:20.185581+00:00,0.0726,1.846,74.0,23.33,0.0906,2.303,0.587,1.066,61.0,61.0,0.126,0.143,2.809,3.361,3.716,4.198,0.1028,2.611,0.1282,3.257,0.158,0.253,correia_2,2000.0
144751,2026-06-03 18:42:30.185764+00:00,0.0715,1.817,74.94,23.85,0.0944,2.398,0.519,0.962,61.0,61.0,0.119,0.142,2.716,2.956,3.255,3.847,0.1012,2.57,0.1335,3.392,0.159,0.25,correia_2,2000.0
144804,2026-06-03 18:44:16.194514+00:00,0.0843,2.142,73.91,23.28,0.1083,2.752,0.538,0.909,139.1,139.1,0.163,0.201,2.586,2.962,3.506,3.669,0.1192,3.029,0.1532,3.893,0.153,0.247,correia_2,2000.0
144805,2026-06-03 18:44:18.194670+00:00,0.0772,1.962,73.91,23.28,0.1045,2.656,0.652,0.904,139.1,139.1,0.146,0.189,2.796,2.905,4.112,3.644,0.1092,2.775,0.1479,3.756,0.158,0.248,correia_2,2000.0
144821,2026-06-03 18:44:50.196861+00:00,0.0823,2.091,74.38,23.54,0.1035,2.631,0.519,1.022,58.5,58.5,0.129,0.168,2.605,2.994,3.293,4.045,0.1164,2.958,0.1464,3.72,0.157,0.252,correia_2,2000.0
144890,2026-06-03 18:47:08.207377+00:00,0.0681,1.73,74.1,23.38,0.097,2.465,0.543,0.939,61.0,61.0,0.123,0.149,2.695,3.045,3.425,3.677,0.0963,2.447,0.1372,3.486,0.158,0.255,correia_2,2000.0
144918,2026-06-03 18:48:04.211464+00:00,0.0795,2.02,73.72,23.18,0.1083,2.752,0.572,0.925,139.1,139.1,0.157,0.205,2.584,3.058,3.597,3.656,0.1124,2.857,0.1532,3.892,0.159,0.253,correia_2,2000.0
144933,2026-06-03 18:48:34.213346+00:00,0.0708,1.798,75.5,24.16,0.0946,2.403,0.62,0.993,61.0,61.0,0.125,0.137,2.806,2.965,3.922,3.978,0.1001,2.543,0.1338,3.399,0.158,0.249,correia_2,2000.0
144984,2026-06-03 18:50:16.219996+00:00,0.0802,2.037,74.0,23.33,0.116,2.947,0.675,0.874,139.1,139.1,0.157,0.202,2.879,2.909,4.319,3.506,0.1134,2.88,0.164,4.167,0.156,0.249,correia_2,2000.0
145001,2026-06-03 18:50:50.222080+00:00,0.0723,1.837,73.82,23.23,0.1083,2.752,0.525,0.906,61.0,58.5,0.14,0.16,2.666,3.073,3.273,3.538,0.1023,2.599,0.1532,3.892,0.16,0.256,correia_2,2000.0
145005,2026-06-03 18:50:58.222526+00:00,0.0696,1.769,73.72,23.18,0.0891,2.263,0.639,0.967,61.0,61.0,0.119,0.136,2.85,3.01,4.01,3.918,0.0985,2.502,0.126,3.2,0.159,0.246,correia_2,2000.0
145172,2026-06-03 18:56:32.244919+00:00,0.0784,1.992,73.96,23.31,0.1075,2.732,0.55,1.056,139.1,139.1,0.15,0.191,2.661,3.032,3.505,4.234,0.1109,2.817,0.1521,3.864,0.157,0.249,correia_2,2000.0
145238,2026-06-03 18:58:44.251880+00:00,0.0634,1.612,73.63,23.13,0.0873,2.219,0.583,1.123,61.0,61.0,0.113,0.123,2.761,3.169,3.613,4.482,0.0897,2.28,0.1235,3.138,0.161,0.25,correia_2,2000.0
145281,2026-06-03 19:00:52.459032+00:00,0.0609,1.546,75.69,24.27,0.0821,2.087,0.431,0.541,58.5,61.0,0.077,0.107,2.449,2.581,3.333,3.68,0.0861,2.187,0.1161,2.951,0.129,0.147,correia_2,1000.0
145287,2026-06-03 19:01:04.459837+00:00,0.0619,1.573,74.84,23.8,0.0718,1.825,0.518,0.626,58.5,61.0,0.08,0.102,2.464,2.714,4.038,4.241,0.0876,2.225,0.1016,2.581,0.128,0.147,correia_2,1000.0
145346,2026-06-03 19:03:02.466986+00:00,0.057,1.45,75.22,24.01,0.0736,1.871,0.495,0.522,58.5,61.0,0.079,0.107,2.431,2.615,3.87,3.621,0.0807,2.05,0.1041,2.646,0.128,0.144,correia_2,1000.0
145354,2026-06-03 19:03:18.467704+00:00,0.0515,1.308,75.31,24.06,0.0843,2.143,0.434,0.5,61.0,61.0,0.077,0.1,2.311,2.599,3.401,3.5,0.0728,1.85,0.1193,3.031,0.127,0.142,correia_2,1000.0
145375,2026-06-03 19:04:00.470196+00:00,0.0611,1.554,75.78,24.32,0.0781,1.985,0.449,0.535,61.0,61.0,0.079,0.106,2.403,2.665,3.517,3.655,0.0865,2.197,0.1105,2.808,0.127,0.146,correia_2,1000.0
145451,2026-06-03 19:06:32.480234+00:00,0.0599,1.521,75.69,24.27,0.0975,2.478,0.525,0.638,61.0,14.6,0.082,0.105,2.497,2.782,4.066,4.332,0.0847,2.152,0.1379,3.505,0.129,0.147,correia_2,1000.0
145469,2026-06-03 19:07:08.482281+00:00,0.0662,1.682,75.45,24.14,0.0785,1.995,0.596,0.597,61.0,61.0,0.082,0.105,2.58,2.672,4.575,4.12,0.0936,2.379,0.1111,2.822,0.13,0.145,correia_2,1000.0
145479,2026-06-03 19:07:28.483605+00:00,0.057,1.449,75.45,24.14,0.0715,1.817,0.485,0.598,61.0,61.0,0.08,0.106,2.534,2.741,3.729,4.054,0.0806,2.049,0.1012,2.571,0.13,0.147,correia_2,1000.0
145500,2026-06-03 19:08:10.486288+00:00,0.0638,1.622,75.74,24.3,0.0778,1.977,0.414,0.664,61.0,58.5,0.081,0.112,2.419,2.697,3.264,4.543,0.0903,2.294,0.11,2.796,0.127,0.146,correia_2,1000.0
145509,2026-06-03 19:08:28.487670+00:00,0.0618,1.57,76.06,24.48,0.0896,2.277,0.46,0.719,61.0,58.5,0.082,0.105,2.429,2.732,3.499,4.882,0.0874,2.221,0.1268,3.221,0.131,0.147,correia_2,1000.0
145526,2026-06-03 19:09:02.489455+00:00,0.0537,1.366,75.41,24.11,0.0786,1.997,0.491,0.547,61.0,61.0,0.076,0.098,2.257,2.555,3.814,3.747,0.076,1.932,0.1111,2.824,0.128,0.146,correia_2,1000.0
145616,2026-06-03 19:12:02.498692+00:00,0.0551,1.4,75.78,24.32,0.0831,2.112,0.483,0.568,61.0,61.0,0.08,0.106,2.402,2.637,3.716,3.856,0.0779,1.98,0.1176,2.987,0.13,0.147,correia_2,1000.0
145720,2026-06-03 19:15:30.514104+00:00,0.0656,1.666,75.36,24.09,0.0879,2.233,0.432,0.474,9.7,58.5,0.076,0.102,2.357,2.532,3.377,3.277,0.0927,2.356,0.1243,3.158,0.128,0.144,correia_2,1000.0
145728,2026-06-03 19:15:46.515055+00:00,0.053,1.347,76.68,24.82,0.0829,2.107,0.439,0.613,61.0,61.0,0.083,0.106,2.45,2.568,3.425,4.229,0.075,1.906,0.1173,2.981,0.128,0.145,correia_2,1000.0
145747,2026-06-03 19:16:24.517677+00:00,0.0586,1.49,76.53,24.74,0.0753,1.914,0.489,0.82,58.5,61.0,0.085,0.107,2.57,2.925,3.763,5.561,0.0829,2.107,0.1065,2.706,0.13,0.147,correia_2,1000.0
145751,2026-06-03 19:16:32.517986+00:00,0.0533,1.355,75.88,24.37,0.0747,1.897,0.459,0.698,61.0,61.0,0.079,0.102,2.454,2.678,3.547,4.794,0.0754,1.916,0.1056,2.684,0.129,0.145,correia_2,1000.0
145818,2026-06-03 19:18:46.526526+00:00,0.0583,1.48,75.17,23.98,0.0763,1.938,0.601,0.52,61.0,61.0,0.078,0.106,2.477,2.766,4.62,3.513,0.0824,2.094,0.1079,2.741,0.13,0.148,correia_2,1000.0
145852,2026-06-03 19:19:54.531059+00:00,0.0508,1.292,76.25,24.58,0.0759,1.929,0.423,0.519,61.0,61.0,0.078,0.1,2.319,2.613,3.269,3.537,0.0719,1.827,0.1074,2.728,0.129,0.146,correia_2,1000.0
145931,2026-06-03 19:22:32.540956+00:00,0.0517,1.314,75.41,24.11,0.0784,1.992,0.526,0.57,61.0,61.0,0.078,0.1,2.503,2.679,4.034,3.885,0.0731,1.858,0.1109,2.818,0.13,0.146,correia_2,1000.0
145957,2026-06-03 19:23:24.544261+00:00,0.0558,1.418,75.13,23.96,0.0773,1.963,0.445,0.533,61.0,61.0,0.078,0.098,2.403,2.585,3.4,3.632,0.0789,2.005,0.1093,2.776,0.131,0.147,correia_2,1000.0
145965,2026-06-03 19:23:40.545195+00:00,0.0569,1.447,74.99,23.88,0.0853,2.167,0.465,0.495,61.0,61.0,0.074,0.097,2.436,2.608,3.597,3.368,0.0806,2.047,0.1206,3.065,0.129,0.147,correia_2,1000.0
145977,2026-06-03 19:24:04.546886+00:00,0.0663,1.684,74.94,23.85,0.0751,1.909,0.452,0.576,61.0,61.0,0.077,0.099,2.44,2.61,3.442,3.897,0.0937,2.381,0.1063,2.7,0.131,0.147,correia_2,1000.0
145981,2026-06-03 19:24:12.547441+00:00,0.0629,1.598,74.89,23.83,0.0752,1.911,0.463,0.541,61.0,61.0,0.076,0.104,2.341,2.556,3.595,3.722,0.0889,2.26,0.1064,2.703,0.129,0.145,correia_2,1000.0
145992,2026-06-03 19:24:34.549008+00:00,0.0537,1.365,76.35,24.63,0.0808,2.053,0.448,0.502,61.0,61.0,0.081,0.11,2.391,2.538,3.455,3.443,0.076,1.93,0.1143,2.904,0.129,0.146,correia_2,1000.0
145996,2026-06-03 19:24:42.549492+00:00,0.0556,1.413,74.99,23.88,0.0704,1.788,0.491,0.585,61.0,61.0,0.075,0.096,2.384,2.504,3.819,3.992,0.0787,1.999,0.0995,2.529,0.128,0.146,correia_2,1000.0
146031,2026-06-03 19:25:52.554024+00:00,0.0503,1.279,74.89,23.83,0.0842,2.139,0.47,0.676,61.0,61.0,0.077,0.108,2.483,2.775,3.62,4.545,0.0712,1.809,0.1191,3.026,0.129,0.148,correia_2,1000.0
146052,2026-06-03 19:26:34.556734+00:00,0.0538,1.367,75.03,23.9,0.0762,1.935,0.496,0.505,61.0,61.0,0.077,0.101,2.513,2.572,3.743,3.419,0.0761,1.933,0.1077,2.737,0.132,0.147,correia_2,1000.0
146065,2026-06-03 19:27:00.558406+00:00,0.0621,1.578,74.84,23.8,0.07,1.779,0.402,0.463,9.7,61.0,0.071,0.097,2.347,2.523,3.128,3.168,0.0879,2.232,0.099,2.516,0.128,0.146,correia_2,1000.0
146089,2026-06-03 19:27:48.561610+00:00,0.0613,1.558,76.25,24.58,0.0803,2.041,0.403,0.486,61.0,61.0,0.076,0.104,2.371,2.564,3.11,3.318,0.0867,2.203,0.1136,2.887,0.129,0.146,correia_2,1000.0
146122,2026-06-03 19:28:54.565894+00:00,0.0535,1.36,74.89,23.83,0.0726,1.845,0.45,0.532,61.0,61.0,0.08,0.101,2.355,2.655,3.499,3.585,0.0757,1.924,0.1027,2.609,0.128,0.148,correia_2,1000.0
146254,2026-06-03 19:33:43.064819+00:00,0.0509,1.294,75.13,23.96,0.0783,1.99,0.439,0.513,61.0,61.0,0.069,0.094,2.323,2.509,3.448,3.731,0.072,1.83,0.1108,2.814,0.127,0.137,correia_2,500.0
146304,2026-06-03 19:35:23.070339+00:00,0.0546,1.389,75.69,24.27,0.0769,1.955,0.459,0.582,61.0,61.0,0.066,0.095,2.321,2.529,3.636,4.212,0.0773,1.964,0.1088,2.764,0.126,0.138,correia_2,500.0
146371,2026-06-03 19:37:37.077751+00:00,0.0493,1.253,76.16,24.53,0.0816,2.074,0.566,0.547,61.0,61.0,0.066,0.102,2.482,2.496,4.496,4.047,0.0698,1.773,0.1155,2.934,0.125,0.135,correia_2,500.0
146488,2026-06-03 19:41:31.095785+00:00,0.0512,1.301,76.49,24.71,0.0847,2.152,0.407,0.565,58.5,61.0,0.066,0.1,2.29,2.476,3.226,4.122,0.0724,1.84,0.1198,3.044,0.126,0.137,correia_2,500.0
146523,2026-06-03 19:42:41.101311+00:00,0.0531,1.349,78.14,25.63,0.0807,2.05,0.421,0.623,61.0,58.5,0.065,0.102,2.273,2.585,3.343,4.496,0.0751,1.909,0.1141,2.9,0.126,0.138,correia_2,500.0
146546,2026-06-03 19:43:27.091342+00:00,0.0552,1.403,76.63,24.79,0.0803,2.041,0.422,0.517,61.0,61.0,0.066,0.102,2.274,2.471,3.4,3.792,0.0781,1.984,0.1136,2.886,0.124,0.136,correia_2,500.0
146558,2026-06-03 19:43:51.105836+00:00,0.0483,1.228,78.0,25.55,0.0894,2.272,0.457,0.723,61.0,61.0,0.067,0.097,2.293,2.791,3.647,5.229,0.0684,1.737,0.1265,3.213,0.125,0.138,correia_2,500.0
146595,2026-06-03 19:45:05.111221+00:00,0.0549,1.395,76.44,24.69,0.0846,2.149,0.467,0.634,61.0,58.5,0.07,0.1,2.447,2.703,3.681,4.62,0.0777,1.973,0.1196,3.04,0.126,0.137,correia_2,500.0
146658,2026-06-03 19:47:11.119452+00:00,0.0523,1.33,76.86,24.92,0.0808,2.053,0.461,0.515,61.0,61.0,0.069,0.095,2.294,2.534,3.677,3.744,0.074,1.881,0.1143,2.904,0.125,0.137,correia_2,500.0
146664,2026-06-03 19:47:23.119544+00:00,0.0524,1.332,76.72,24.84,0.0896,2.276,0.462,0.455,61.0,61.0,0.064,0.104,2.333,2.45,3.703,3.311,0.0741,1.884,0.1267,3.219,0.124,0.137,correia_2,500.0
146709,2026-06-03 19:48:53.126366+00:00,0.0562,1.427,76.77,24.87,0.0858,2.179,0.508,0.496,61.0,61.0,0.07,0.104,2.376,2.592,4.038,3.587,0.0794,2.019,0.1213,3.082,0.126,0.138,correia_2,500.0
146864,2026-06-03 19:54:03.147668+00:00,0.0552,1.402,77.24,25.13,0.0763,1.94,0.46,0.485,61.0,61.0,0.069,0.099,2.307,2.39,3.649,3.597,0.078,1.983,0.108,2.744,0.126,0.134,correia_2,500.0
146875,2026-06-03 19:54:25.136027+00:00,0.0493,1.253,76.44,24.69,0.0705,1.792,0.507,0.45,61.0,61.0,0.067,0.091,2.434,2.456,4.073,3.321,0.0697,1.772,0.0998,2.535,0.124,0.135,correia_2,500.0
146876,2026-06-03 19:54:27.148284+00:00,0.0484,1.23,76.49,24.71,0.0823,2.092,0.387,0.509,58.5,61.0,0.065,0.1,2.305,2.485,3.075,3.731,0.0685,1.74,0.1164,2.958,0.125,0.136,correia_2,500.0
146902,2026-06-03 19:55:21.152384+00:00,0.0567,1.442,76.53,24.74,0.079,2.008,0.405,0.505,61.0,61.0,0.071,0.099,2.322,2.638,3.176,3.653,0.0802,2.039,0.1118,2.84,0.127,0.138,correia_2,500.0
146945,2026-06-03 19:56:47.157600+00:00,0.0526,1.338,76.53,24.74,0.078,1.982,0.459,0.55,61.0,61.0,0.068,0.099,2.352,2.561,3.677,4.029,0.0744,1.892,0.1103,2.803,0.124,0.136,correia_2,500.0
146951,2026-06-03 19:56:59.158257+00:00,0.0487,1.237,76.53,24.74,0.0779,1.98,0.453,0.56,61.0,61.0,0.066,0.096,2.366,2.553,3.61,4.07,0.0688,1.749,0.1102,2.801,0.125,0.137,correia_2,500.0
146976,2026-06-03 19:57:49.161303+00:00,0.0531,1.35,76.72,24.84,0.0889,2.259,0.487,0.528,61.0,61.0,0.065,0.103,2.353,2.484,3.888,3.86,0.0752,1.91,0.1257,3.195,0.125,0.136,correia_2,500.0
146998,2026-06-03 19:58:33.162985+00:00,0.0476,1.21,76.53,24.74,0.0851,2.163,0.439,0.438,61.0,61.0,0.067,0.1,2.383,2.355,3.455,3.238,0.0673,1.711,0.1204,3.06,0.127,0.135,correia_2,500.0
147053,2026-06-03 20:00:23.170720+00:00,0.0539,1.369,76.91,24.95,0.0772,1.962,0.5,0.543,61.0,61.0,0.064,0.097,2.3,2.471,4.033,4.018,0.0762,1.936,0.1092,2.775,0.124,0.135,correia_2,500.0
147100,2026-06-03 20:01:57.176174+00:00,0.0524,1.332,76.53,24.74,0.0826,2.098,0.499,0.607,61.0,61.0,0.066,0.098,2.472,2.496,3.916,4.456,0.0741,1.884,0.1168,2.968,0.127,0.136,correia_2,500.0
147122,2026-06-03 20:02:41.178963+00:00,0.0531,1.351,76.53,24.74,0.0796,2.022,0.455,0.437,58.5,61.0,0.068,0.095,2.276,2.372,3.642,3.266,0.0752,1.91,0.1126,2.86,0.125,0.134,correia_2,500.0
147135,2026-06-03 20:03:07.180346+00:00,0.05,1.27,76.58,24.77,0.0815,2.071,0.551,0.512,61.0,61.0,0.065,0.101,2.43,2.56,4.392,3.717,0.0707,1.797,0.1153,2.928,0.125,0.137,correia_2,500.0
147139,2026-06-03 20:03:15.180848+00:00,0.0601,1.526,76.53,24.74,0.0763,1.939,0.497,0.727,61.0,61.0,0.066,0.102,2.317,2.595,3.986,5.335,0.085,2.159,0.1079,2.742,0.124,0.136,correia_2,500.0
147225,2026-06-03 20:06:07.191428+00:00,0.0617,1.568,76.49,24.71,0.0853,2.167,0.501,0.519,61.0,61.0,0.067,0.101,2.374,2.523,4.002,3.777,0.0873,2.218,0.1206,3.065,0.125,0.137,correia_2,500.0
147247,2026-06-03 20:10:37.883446+00:00,0.0545,1.385,79.89,26.6,0.071,1.803,0.445,0.545,61.0,61.0,0.068,0.094,2.349,2.436,3.624,4.099,0.0771,1.959,0.1004,2.55,0.122,0.132,desalinhado,500.0
147253,2026-06-03 20:10:49.884349+00:00,0.0516,1.312,78.37,25.76,0.0761,1.935,0.447,0.672,58.5,61.0,0.068,0.098,2.399,2.716,3.488,4.811,0.073,1.855,0.1077,2.736,0.128,0.139,desalinhado,500.0
147271,2026-06-03 20:11:25.886523+00:00,0.0481,1.223,78.28,25.71,0.0848,2.155,0.422,0.541,58.5,61.0,0.068,0.099,2.334,2.601,3.38,3.993,0.0681,1.73,0.1199,3.047,0.125,0.135,desalinhado,500.0
147272,2026-06-03 20:11:27.886623+00:00,0.0522,1.326,78.33,25.73,0.0754,1.916,0.45,0.537,58.5,61.0,0.072,0.096,2.408,2.553,3.623,3.975,0.0738,1.875,0.1066,2.709,0.124,0.135,desalinhado,500.0
147309,2026-06-03 20:12:41.891010+00:00,0.0506,1.286,77.81,25.45,0.0764,1.942,0.531,0.518,61.0,58.5,0.068,0.097,2.422,2.573,4.227,3.829,0.0716,1.819,0.1081,2.747,0.125,0.135,desalinhado,500.0
147348,2026-06-03 20:13:59.895563+00:00,0.05,1.272,77.48,25.26,0.0784,1.992,0.436,0.521,61.0,61.0,0.064,0.095,2.287,2.486,3.502,3.789,0.0708,1.799,0.1109,2.817,0.124,0.137,desalinhado,500.0
147388,2026-06-03 20:15:19.900460+00:00,0.0485,1.233,77.38,25.21,0.0844,2.146,0.524,0.532,61.0,61.0,0.068,0.101,2.494,2.502,4.181,3.92,0.0686,1.744,0.1194,3.034,0.125,0.135,desalinhado,500.0
147405,2026-06-03 20:15:53.902715+00:00,0.0546,1.388,77.29,25.16,0.0752,1.911,0.451,0.52,61.0,61.0,0.065,0.094,2.418,2.56,3.556,3.783,0.0772,1.963,0.1064,2.703,0.127,0.137,desalinhado,500.0
147418,2026-06-03 20:16:19.903962+00:00,0.0512,1.302,77.62,25.34,0.0723,1.838,0.415,0.552,61.0,61.0,0.066,0.095,2.327,2.637,3.291,3.947,0.0725,1.841,0.1023,2.599,0.126,0.14,desalinhado,500.0
147423,2026-06-03 20:16:29.904725+00:00,0.0509,1.293,77.29,25.16,0.0764,1.942,0.487,0.585,61.0,61.0,0.065,0.095,2.324,2.751,3.875,4.233,0.072,1.828,0.1081,2.747,0.125,0.138,desalinhado,500.0
147435,2026-06-03 20:16:53.905690+00:00,0.0534,1.357,77.33,25.18,0.0763,1.939,0.403,0.643,61.0,61.0,0.064,0.099,2.395,2.667,3.22,4.653,0.0756,1.92,0.1079,2.742,0.125,0.138,desalinhado,500.0
147444,2026-06-03 20:17:11.907154+00:00,0.0495,1.257,77.57,25.31,0.0747,1.899,0.44,0.684,61.0,61.0,0.067,0.098,2.295,2.761,3.498,4.938,0.07,1.778,0.1057,2.686,0.125,0.138,desalinhado,500.0
147450,2026-06-03 20:17:23.907720+00:00,0.0557,1.416,77.38,25.21,0.075,1.907,0.395,0.485,61.0,61.0,0.067,0.097,2.277,2.505,3.158,3.584,0.0788,2.003,0.1061,2.697,0.125,0.135,desalinhado,500.0
147553,2026-06-03 20:20:49.920256+00:00,0.0521,1.324,78.85,26.02,0.0817,2.075,0.486,0.636,58.5,61.0,0.067,0.1,2.42,2.973,3.817,4.564,0.0737,1.872,0.1155,2.935,0.127,0.139,desalinhado,500.0
147560,2026-06-03 20:21:03.920985+00:00,0.0466,1.183,77.9,25.5,0.0777,1.975,0.484,0.449,61.0,61.0,0.064,0.092,2.335,2.321,3.88,3.333,0.0659,1.674,0.1099,2.793,0.124,0.134,desalinhado,500.0
147632,2026-06-03 20:23:27.929815+00:00,0.0501,1.273,78.14,25.63,0.076,1.931,0.393,0.506,61.0,61.0,0.069,0.101,2.353,2.558,3.118,3.695,0.0708,1.8,0.1075,2.732,0.126,0.137,desalinhado,500.0
147653,2026-06-03 20:24:09.932413+00:00,0.057,1.447,78.33,25.73,0.0761,1.935,0.475,0.536,61.0,61.0,0.066,0.097,2.412,2.673,3.779,3.97,0.0806,2.047,0.1077,2.736,0.125,0.135,desalinhado,500.0
147702,2026-06-03 20:25:47.938355+00:00,0.0616,1.565,78.75,25.97,0.0788,2.003,0.45,0.481,61.0,61.0,0.068,0.096,2.353,2.576,3.597,3.477,0.0871,2.213,0.1115,2.833,0.125,0.138,desalinhado,500.0
147710,2026-06-03 20:26:03.939486+00:00,0.0505,1.283,78.71,25.95,0.0768,1.953,0.476,0.447,61.0,61.0,0.067,0.097,2.357,2.439,3.849,3.276,0.0714,1.814,0.1087,2.762,0.123,0.136,desalinhado,500.0
147766,2026-06-03 20:27:55.946191+00:00,0.0554,1.408,79.37,26.31,0.0773,1.963,0.505,0.55,61.0,61.0,0.064,0.103,2.411,2.619,4.086,4.056,0.0784,1.992,0.1093,2.776,0.123,0.135,desalinhado,500.0
147777,2026-06-03 20:28:17.947536+00:00,0.053,1.348,79.08,26.16,0.0778,1.976,0.42,0.524,61.0,61.0,0.072,0.096,2.305,2.61,3.44,3.885,0.075,1.907,0.11,2.795,0.122,0.135,desalinhado,500.0
147794,2026-06-03 20:28:51.949544+00:00,0.054,1.373,79.13,26.18,0.0791,2.011,0.419,0.538,61.0,61.0,0.069,0.103,2.38,2.651,3.373,3.936,0.0764,1.942,0.112,2.844,0.124,0.136,desalinhado,500.0
147806,2026-06-03 20:29:15.950896+00:00,0.0562,1.429,79.94,26.63,0.0819,2.082,0.475,0.547,61.0,61.0,0.072,0.107,2.351,2.539,3.844,4.028,0.0795,2.021,0.1159,2.944,0.123,0.135,desalinhado,500.0
147833,2026-06-03 20:30:09.954212+00:00,0.0486,1.234,79.32,26.29,0.0866,2.199,0.417,0.483,61.0,61.0,0.064,0.096,2.273,2.579,3.373,3.624,0.0687,1.746,0.1224,3.111,0.123,0.133,desalinhado,500.0
147844,2026-06-03 20:30:31.955032+00:00,0.0524,1.333,79.42,26.34,0.0762,1.936,0.424,0.532,61.0,61.0,0.068,0.095,2.349,2.54,3.441,3.975,0.0742,1.885,0.1078,2.739,0.123,0.133,desalinhado,500.0
147909,2026-06-03 20:32:41.963711+00:00,0.0505,1.284,80.08,26.71,0.0786,1.997,0.46,0.568,61.0,61.0,0.07,0.105,2.488,2.672,3.706,4.2,0.0715,1.817,0.1112,2.824,0.124,0.135,desalinhado,500.0
147944,2026-06-03 20:33:51.967739+00:00,0.0562,1.428,80.23,26.79,0.0754,1.915,0.534,0.515,61.0,61.0,0.072,0.101,2.464,2.541,4.333,3.816,0.0795,2.02,0.1066,2.708,0.123,0.134,desalinhado,500.0
147960,2026-06-03 20:34:23.969751+00:00,0.0538,1.366,79.99,26.66,0.0767,1.949,0.476,0.568,61.0,61.0,0.067,0.095,2.418,2.74,3.829,4.177,0.0761,1.933,0.1085,2.756,0.124,0.136,desalinhado,500.0
148026,2026-06-03 20:36:35.977812+00:00,0.0558,1.418,80.61,27.0,0.0781,1.985,0.487,0.592,61.0,61.0,0.064,0.097,2.393,2.581,3.984,4.464,0.0789,2.005,0.1105,2.807,0.122,0.132,desalinhado,500.0
148037,2026-06-03 20:36:57.979145+00:00,0.0502,1.277,80.32,26.84,0.0837,2.126,0.425,0.495,61.0,61.0,0.065,0.099,2.327,2.583,3.485,3.657,0.0711,1.805,0.1183,3.006,0.122,0.135,desalinhado,500.0
148042,2026-06-03 20:37:07.979814+00:00,0.053,1.348,80.27,26.82,0.0794,2.017,0.619,0.558,61.0,61.0,0.066,0.099,2.422,2.618,5.117,4.204,0.075,1.907,0.1123,2.852,0.12,0.132,desalinhado,500.0
148046,2026-06-03 20:37:15.980127+00:00,0.0554,1.408,80.32,26.84,0.0769,1.954,0.442,0.49,58.5,61.0,0.065,0.102,2.335,2.618,3.616,3.62,0.0784,1.991,0.1088,2.763,0.122,0.135,desalinhado,500.0
148108,2026-06-03 20:39:19.987712+00:00,0.0547,1.39,80.75,27.08,0.0737,1.874,0.492,0.63,61.0,61.0,0.068,0.094,2.474,2.775,4.003,4.646,0.0774,1.966,0.1043,2.65,0.123,0.135,desalinhado,500.0
148118,2026-06-03 20:39:39.988862+00:00,0.0557,1.416,80.61,27.0,0.0745,1.893,0.514,0.479,61.0,61.0,0.072,0.099,2.503,2.676,4.144,3.502,0.0788,2.003,0.1054,2.677,0.124,0.136,desalinhado,500.0
148128,2026-06-03 20:39:59.989959+00:00,0.0493,1.254,81.08,27.27,0.0813,2.065,0.462,0.456,61.0,61.0,0.067,0.1,2.346,2.506,3.718,3.346,0.0698,1.774,0.1149,2.92,0.124,0.136,desalinhado,500.0
148168,2026-06-03 20:41:19.994303+00:00,0.0497,1.264,81.42,27.45,0.082,2.084,0.41,0.456,61.0,61.0,0.065,0.099,2.411,2.466,3.372,3.466,0.0703,1.787,0.116,2.947,0.121,0.131,desalinhado,500.0
148245,2026-06-03 21:02:42.748339+00:00,0.0549,1.394,81.56,27.53,0.0812,2.062,0.45,0.571,61.0,61.0,0.096,0.121,2.492,2.623,3.586,4.071,0.0776,1.972,0.1148,2.916,0.125,0.14,desalinhado,1000.0
148294,2026-06-03 21:04:20.754294+00:00,0.0634,1.611,80.32,26.84,0.0927,2.355,0.669,0.566,61.0,61.0,0.086,0.111,2.799,2.802,5.344,3.969,0.0897,2.279,0.1311,3.33,0.125,0.142,desalinhado,1000.0
148355,2026-06-03 21:06:22.761974+00:00,0.0554,1.408,79.65,26.47,0.0791,2.01,0.396,0.6,61.0,61.0,0.087,0.122,2.31,2.639,3.258,4.217,0.0784,1.992,0.1119,2.843,0.121,0.142,desalinhado,1000.0
148385,2026-06-03 21:07:22.765556+00:00,0.057,1.449,79.04,26.13,0.0786,1.998,0.543,0.529,61.0,61.0,0.085,0.112,2.397,2.515,4.381,3.787,0.0806,2.049,0.1112,2.826,0.123,0.139,desalinhado,1000.0
148413,2026-06-03 21:08:18.768228+00:00,0.0602,1.53,78.85,26.02,0.0702,1.783,0.409,0.537,61.0,58.5,0.089,0.104,2.245,2.565,3.312,3.787,0.0852,2.164,0.0992,2.522,0.123,0.141,desalinhado,1000.0
148424,2026-06-03 21:08:40.770331+00:00,0.0596,1.514,79.51,26.39,0.0807,2.051,0.464,0.536,58.5,58.5,0.084,0.103,2.427,2.727,3.696,3.712,0.0843,2.142,0.1142,2.901,0.125,0.144,desalinhado,1000.0
148465,2026-06-03 21:10:02.775508+00:00,0.0582,1.479,78.99,26.1,0.0789,2.004,0.403,0.527,58.5,61.0,0.091,0.114,2.31,2.639,3.206,3.673,0.0823,2.092,0.1116,2.835,0.125,0.143,desalinhado,1000.0
148481,2026-06-03 21:10:34.777311+00:00,0.0622,1.58,78.61,25.89,0.078,1.981,0.489,0.646,61.0,58.5,0.089,0.112,2.393,2.8,3.858,4.506,0.0879,2.234,0.1103,2.802,0.126,0.143,desalinhado,1000.0
148494,2026-06-03 21:11:00.779040+00:00,0.0534,1.357,78.71,25.95,0.0763,1.939,0.4,0.518,61.0,61.0,0.081,0.109,2.319,2.607,3.201,3.641,0.0755,1.919,0.1079,2.742,0.125,0.142,desalinhado,1000.0
148500,2026-06-03 21:11:12.779632+00:00,0.0557,1.415,78.52,25.84,0.0818,2.077,0.618,0.536,61.0,61.0,0.084,0.109,2.693,2.737,4.876,3.707,0.0787,2.001,0.1156,2.938,0.126,0.144,desalinhado,1000.0
148559,2026-06-03 21:13:10.786802+00:00,0.0564,1.434,79.65,26.47,0.0817,2.076,0.449,0.526,61.0,61.0,0.09,0.12,2.448,2.663,3.518,3.58,0.0798,2.028,0.1156,2.936,0.127,0.147,desalinhado,1000.0
148650,2026-06-03 21:16:12.797814+00:00,0.0561,1.427,79.56,26.42,0.0772,1.961,0.462,0.652,61.0,61.0,0.09,0.111,2.487,2.791,3.592,4.517,0.0794,2.018,0.1091,2.773,0.128,0.144,desalinhado,1000.0
148656,2026-06-03 21:16:24.798351+00:00,0.0557,1.416,78.33,25.73,0.0867,2.204,0.49,0.527,61.0,61.0,0.084,0.108,2.414,2.586,3.931,3.658,0.0788,2.003,0.1227,3.116,0.124,0.144,desalinhado,1000.0
148663,2026-06-03 21:16:38.799311+00:00,0.0581,1.477,78.23,25.68,0.0757,1.923,0.461,0.586,61.0,61.0,0.087,0.106,2.42,2.716,3.638,4.109,0.0822,2.089,0.107,2.72,0.126,0.142,desalinhado,1000.0
148683,2026-06-03 21:17:18.801838+00:00,0.0599,1.521,78.23,25.68,0.0795,2.019,0.408,0.559,61.0,58.5,0.089,0.105,2.354,2.645,3.249,3.868,0.0847,2.152,0.1124,2.856,0.125,0.144,desalinhado,1000.0
148726,2026-06-03 21:18:44.807203+00:00,0.0637,1.618,79.32,26.29,0.0907,2.304,0.407,0.534,61.0,58.5,0.104,0.135,2.319,2.685,3.264,3.749,0.0901,2.289,0.1283,3.259,0.124,0.142,desalinhado,1000.0
148737,2026-06-03 21:19:06.807645+00:00,0.0547,1.39,78.23,25.68,0.078,1.982,0.456,0.595,61.0,58.5,0.094,0.121,2.418,2.91,3.606,4.107,0.0774,1.966,0.1103,2.803,0.126,0.145,desalinhado,1000.0
148741,2026-06-03 21:19:14.808834+00:00,0.0528,1.342,78.18,25.66,0.074,1.88,0.484,0.517,61.0,61.0,0.087,0.111,2.5,2.529,3.823,3.643,0.0747,1.898,0.1047,2.659,0.126,0.141,desalinhado,1000.0
148791,2026-06-03 21:20:54.815009+00:00,0.0586,1.488,78.14,25.63,0.0796,2.022,0.526,0.484,58.5,61.0,0.088,0.115,2.529,2.589,4.112,3.36,0.0828,2.105,0.1126,2.86,0.128,0.144,desalinhado,1000.0
148821,2026-06-03 21:21:54.818688+00:00,0.0588,1.493,78.42,25.79,0.0905,2.299,0.494,0.553,61.0,61.0,0.09,0.117,2.514,2.719,3.86,3.829,0.0831,2.112,0.128,3.252,0.127,0.144,desalinhado,1000.0
148860,2026-06-03 21:23:12.823615+00:00,0.0526,1.338,78.28,25.71,0.0857,2.178,0.514,0.565,61.0,61.0,0.084,0.102,2.435,2.715,3.995,3.891,0.0745,1.892,0.1212,3.08,0.128,0.145,desalinhado,1000.0
148913,2026-06-03 21:24:58.830147+00:00,0.0542,1.378,78.42,25.79,0.0782,1.987,0.543,0.547,61.0,61.0,0.088,0.114,2.444,2.615,4.267,3.754,0.0767,1.949,0.1106,2.81,0.127,0.145,desalinhado,1000.0
148942,2026-06-03 21:25:56.832143+00:00,0.0622,1.58,78.71,25.95,0.0747,1.898,0.419,0.612,61.0,61.0,0.082,0.107,2.359,2.686,3.261,4.152,0.0879,2.234,0.1057,2.685,0.128,0.147,desalinhado,1000.0
148995,2026-06-03 21:27:42.840383+00:00,0.0562,1.428,78.0,25.55,0.0801,2.036,0.469,0.501,58.5,61.0,0.086,0.107,2.505,2.674,3.664,3.478,0.0795,2.02,0.1133,2.88,0.128,0.144,desalinhado,1000.0
149054,2026-06-03 21:29:40.847859+00:00,0.0538,1.367,78.61,25.89,0.0959,2.436,0.456,0.578,61.0,61.0,0.089,0.114,2.481,2.739,3.6,3.974,0.0761,1.933,0.1356,3.445,0.126,0.145,desalinhado,1000.0
149061,2026-06-03 21:29:54.848465+00:00,0.0628,1.595,77.95,25.52,0.086,2.186,0.44,0.557,61.0,61.0,0.097,0.123,2.413,2.675,3.412,3.824,0.0888,2.256,0.1217,3.092,0.129,0.145,desalinhado,1000.0
149191,2026-06-03 21:34:14.866070+00:00,0.0635,1.612,77.95,25.52,0.0766,1.947,0.458,0.506,61.0,61.0,0.09,0.116,2.385,2.647,3.575,3.445,0.0898,2.281,0.1084,2.754,0.128,0.147,desalinhado,1000.0
149217,2026-06-03 21:35:06.869338+00:00,0.0538,1.367,78.61,25.89,0.0775,1.969,0.483,0.553,61.0,58.5,0.085,0.111,2.382,2.785,3.813,3.775,0.0761,1.933,0.1096,2.785,0.126,0.146,desalinhado,1000.0
149226,2026-06-03 21:35:24.870197+00:00,0.0618,1.57,77.81,25.45,0.0924,2.347,0.494,0.495,61.0,61.0,0.087,0.122,2.436,2.669,3.865,3.386,0.0874,2.22,0.1307,3.319,0.127,0.146,desalinhado,1000.0
149227,2026-06-03 21:35:26.870354+00:00,0.0624,1.586,78.56,25.87,0.0823,2.091,0.417,0.558,61.0,61.0,0.094,0.121,2.363,2.733,3.294,3.861,0.0883,2.243,0.1164,2.957,0.126,0.144,desalinhado,1000.0
149231,2026-06-03 21:35:34.869699+00:00,0.0614,1.561,77.85,25.47,0.0778,1.976,0.471,0.527,61.0,61.0,0.091,0.119,2.396,2.516,3.724,3.71,0.0869,2.207,0.11,2.795,0.126,0.142,desalinhado,1000.0
149370,2026-06-03 21:51:10.543155+00:00,0.0658,1.671,75.59,24.22,0.0992,2.52,0.518,1.1,61.0,61.0,0.131,0.129,2.678,3.051,3.295,4.305,0.093,2.364,0.1403,3.563,0.157,0.255,desalinhado,2000.0
149451,2026-06-03 21:53:52.553063+00:00,0.0656,1.668,76.58,24.77,0.098,2.489,0.582,0.817,61.0,61.0,0.15,0.151,2.745,2.896,3.687,3.248,0.0929,2.359,0.1386,3.521,0.157,0.251,desalinhado,2000.0
149469,2026-06-03 21:54:28.555335+00:00,0.0579,1.472,76.49,24.71,0.0937,2.381,0.585,0.959,61.0,61.0,0.117,0.129,2.777,2.823,3.698,3.842,0.082,2.083,0.1325,3.367,0.158,0.249,desalinhado,2000.0
149531,2026-06-03 21:56:32.563194+00:00,0.0657,1.67,75.64,24.24,0.093,2.364,0.497,0.867,58.5,58.5,0.136,0.145,2.695,2.881,3.12,3.35,0.0929,2.362,0.1316,3.343,0.159,0.259,desalinhado,2000.0
149534,2026-06-03 21:56:38.563528+00:00,0.0794,2.017,75.45,24.14,0.093,2.362,0.613,0.974,9.7,61.0,0.121,0.133,2.93,3.133,3.811,3.834,0.1123,2.852,0.1315,3.341,0.161,0.254,desalinhado,2000.0
149538,2026-06-03 21:56:46.564305+00:00,0.0806,2.049,75.41,24.11,0.1087,2.763,0.547,1.011,134.2,61.0,0.162,0.183,2.828,2.939,3.455,3.98,0.1141,2.898,0.1538,3.907,0.158,0.254,desalinhado,2000.0
149568,2026-06-03 21:57:46.568092+00:00,0.08,2.034,75.64,24.24,0.1351,3.431,0.511,1.045,136.7,136.7,0.166,0.205,2.686,2.89,3.166,4.069,0.1132,2.876,0.191,4.853,0.161,0.256,desalinhado,2000.0
149598,2026-06-03 21:58:46.571736+00:00,0.0761,1.934,75.36,24.09,0.1035,2.629,0.536,0.865,61.0,136.7,0.151,0.163,2.734,2.734,3.347,3.366,0.1076,2.735,0.1464,3.719,0.16,0.257,desalinhado,2000.0
149622,2026-06-03 21:59:34.574903+00:00,0.0585,1.485,75.36,24.09,0.0945,2.402,0.534,0.939,61.0,58.5,0.11,0.129,2.743,3.019,3.43,3.747,0.0827,2.101,0.1337,3.397,0.155,0.25,desalinhado,2000.0
149695,2026-06-03 22:02:00.584129+00:00,0.0727,1.848,75.59,24.22,0.0993,2.523,0.513,1.061,58.5,61.0,0.13,0.162,2.739,2.96,3.197,4.055,0.1029,2.613,0.1405,3.569,0.16,0.261,desalinhado,2000.0
149703,2026-06-03 22:02:16.584915+00:00,0.0717,1.823,75.41,24.11,0.1043,2.65,0.64,0.85,136.7,136.7,0.148,0.179,2.816,2.756,4.014,3.331,0.1015,2.578,0.1475,3.748,0.159,0.255,desalinhado,2000.0
149754,2026-06-03 22:03:58.591376+00:00,0.075,1.907,75.88,24.37,0.1086,2.76,0.671,0.899,136.7,61.0,0.158,0.177,2.797,2.92,4.212,3.644,0.1061,2.697,0.1537,3.904,0.159,0.246,desalinhado,2000.0
149779,2026-06-03 22:04:48.594311+00:00,0.075,1.906,75.59,24.22,0.1025,2.604,0.537,0.922,136.7,61.0,0.151,0.17,2.722,2.893,3.335,3.692,0.1061,2.695,0.145,3.683,0.161,0.249,desalinhado,2000.0
149817,2026-06-03 22:06:04.593282+00:00,0.0825,2.096,75.55,24.19,0.1096,2.785,0.538,1.041,136.7,136.7,0.165,0.19,2.727,2.981,3.382,4.056,0.1167,2.965,0.155,3.938,0.159,0.256,desalinhado,2000.0
149886,2026-06-03 22:08:22.607146+00:00,0.0692,1.757,77.0,25.0,0.0989,2.512,0.578,0.912,61.0,61.0,0.131,0.148,2.726,2.916,3.625,3.605,0.0978,2.486,0.1399,3.553,0.159,0.252,desalinhado,2000.0
150097,2026-06-03 22:15:24.631944+00:00,0.0737,1.874,75.59,24.22,0.1143,2.903,0.553,0.889,61.0,136.7,0.146,0.18,2.661,2.92,3.393,3.402,0.1043,2.65,0.1616,4.106,0.163,0.261,desalinhado,2000.0
150101,2026-06-03 22:15:32.633167+00:00,0.0729,1.853,75.97,24.43,0.0985,2.502,0.661,0.958,61.0,61.0,0.123,0.125,2.76,2.836,4.19,3.802,0.1031,2.62,0.1393,3.539,0.157,0.252,desalinhado,2000.0
150228,2026-06-03 22:19:46.648776+00:00,0.0736,1.87,75.78,24.32,0.0997,2.533,0.598,0.993,61.0,58.5,0.134,0.15,2.782,2.883,3.707,3.728,0.1041,2.645,0.141,3.583,0.161,0.266,desalinhado,2000.0
150262,2026-06-03 22:24:06.340927+00:00,0.0616,1.564,79.37,26.31,0.0825,2.096,0.484,0.568,61.0,61.0,0.087,0.111,2.537,2.779,3.761,3.94,0.0871,2.213,0.1167,2.965,0.128,0.144,normal_2,1000.0
150270,2026-06-03 22:24:22.341700+00:00,0.0576,1.463,78.94,26.08,0.0829,2.106,0.437,0.514,61.0,61.0,0.096,0.124,2.463,2.683,3.401,3.546,0.0814,2.069,0.1173,2.979,0.128,0.145,normal_2,1000.0
150318,2026-06-03 22:25:58.347688+00:00,0.0616,1.565,78.56,25.87,0.0851,2.163,0.497,0.581,61.0,61.0,0.097,0.123,2.574,2.668,3.918,4.07,0.0871,2.213,0.1204,3.059,0.126,0.142,normal_2,1000.0
150319,2026-06-03 22:26:00.347795+00:00,0.0616,1.565,78.61,25.89,0.0851,2.163,0.497,0.581,61.0,61.0,0.097,0.123,2.574,2.668,3.918,4.07,0.0871,2.213,0.1204,3.059,0.126,0.142,normal_2,1000.0
150323,2026-06-03 22:26:08.348281+00:00,0.0625,1.588,78.61,25.89,0.0848,2.154,0.477,0.472,61.0,61.0,0.086,0.107,2.431,2.652,3.724,3.242,0.0884,2.246,0.1199,3.046,0.128,0.145,normal_2,1000.0
150332,2026-06-03 22:26:26.349286+00:00,0.0662,1.683,79.23,26.23,0.091,2.312,0.491,0.675,61.0,61.0,0.097,0.13,2.591,2.835,3.872,4.683,0.0937,2.38,0.1287,3.27,0.126,0.144,normal_2,1000.0
150395,2026-06-03 22:28:32.357117+00:00,0.0605,1.537,79.37,26.31,0.083,2.108,0.41,0.599,61.0,61.0,0.083,0.109,2.34,2.758,3.253,4.143,0.0856,2.174,0.1173,2.981,0.126,0.144,normal_2,1000.0
150396,2026-06-03 22:28:34.357181+00:00,0.0593,1.506,78.09,25.6,0.0789,2.004,0.386,0.656,61.0,61.0,0.088,0.112,2.358,2.778,3.074,4.508,0.0838,2.13,0.1116,2.835,0.125,0.145,normal_2,1000.0
150406,2026-06-03 22:28:54.358404+00:00,0.0689,1.752,78.23,25.68,0.0785,1.995,0.48,0.628,61.0,61.0,0.089,0.112,2.422,2.745,3.799,4.353,0.0975,2.477,0.1111,2.822,0.126,0.144,normal_2,1000.0
150416,2026-06-03 22:29:14.359690+00:00,0.067,1.704,78.04,25.58,0.0863,2.194,0.489,0.626,61.0,61.0,0.097,0.125,2.41,2.656,3.83,4.381,0.0948,2.409,0.1221,3.103,0.127,0.143,normal_2,1000.0
150460,2026-06-03 22:30:42.365143+00:00,0.0623,1.583,77.81,25.45,0.0845,2.146,0.439,0.565,58.5,61.0,0.087,0.119,2.441,2.674,3.382,3.841,0.0881,2.238,0.1195,3.035,0.129,0.147,normal_2,1000.0
150467,2026-06-03 22:30:56.365829+00:00,0.0584,1.485,78.33,25.73,0.0856,2.176,0.442,0.658,61.0,58.5,0.085,0.112,2.394,2.639,3.415,4.431,0.0827,2.1,0.1211,3.077,0.129,0.148,normal_2,1000.0
150472,2026-06-03 22:31:06.366420+00:00,0.0512,1.301,77.95,25.52,0.0819,2.08,0.488,0.553,61.0,58.5,0.077,0.107,2.518,2.702,3.751,3.773,0.0724,1.84,0.1158,2.942,0.13,0.146,normal_2,1000.0
150493,2026-06-03 22:31:48.369064+00:00,0.062,1.575,77.71,25.39,0.0734,1.864,0.495,0.593,61.0,61.0,0.093,0.103,2.486,2.76,3.887,4.086,0.0877,2.228,0.1038,2.637,0.127,0.145,normal_2,1000.0
150535,2026-06-03 22:33:12.374068+00:00,0.0647,1.644,78.09,25.6,0.0835,2.122,0.407,0.547,61.0,61.0,0.098,0.129,2.41,2.667,3.177,3.678,0.0915,2.325,0.1181,3.002,0.128,0.148,normal_2,1000.0
150547,2026-06-03 22:33:36.375605+00:00,0.06,1.526,77.71,25.39,0.0827,2.101,0.457,0.619,61.0,58.5,0.085,0.109,2.469,2.737,3.617,4.223,0.0849,2.158,0.117,2.972,0.126,0.146,normal_2,1000.0
150558,2026-06-03 22:33:58.376683+00:00,0.0652,1.657,77.52,25.29,0.093,2.364,0.438,0.569,61.0,61.0,0.086,0.108,2.459,2.713,3.363,3.916,0.0922,2.343,0.1316,3.343,0.13,0.145,normal_2,1000.0
150562,2026-06-03 22:34:06.377336+00:00,0.0533,1.355,77.62,25.34,0.0885,2.248,0.459,0.69,61.0,61.0,0.089,0.114,2.377,2.608,3.563,4.795,0.0754,1.916,0.1251,3.179,0.128,0.144,normal_2,1000.0
150632,2026-06-03 22:36:26.385754+00:00,0.0702,1.785,77.33,25.18,0.0855,2.173,0.426,0.53,61.0,61.0,0.112,0.142,2.376,2.614,3.355,3.661,0.0993,2.524,0.121,3.073,0.126,0.144,normal_2,1000.0
150640,2026-06-03 22:36:42.386723+00:00,0.0622,1.581,77.33,25.18,0.0774,1.967,0.488,0.532,61.0,61.0,0.094,0.12,2.439,2.682,3.794,3.691,0.088,2.235,0.1095,2.782,0.128,0.144,normal_2,1000.0
150649,2026-06-03 22:37:00.387820+00:00,0.0611,1.554,78.71,25.95,0.0728,1.849,0.412,0.524,58.5,61.0,0.095,0.11,2.397,2.764,3.223,3.561,0.0865,2.197,0.1029,2.615,0.128,0.147,normal_2,1000.0
150678,2026-06-03 22:37:58.391333+00:00,0.0577,1.465,77.38,25.21,0.0862,2.191,0.442,0.517,61.0,61.0,0.09,0.112,2.441,2.543,3.438,3.593,0.0816,2.073,0.1219,3.098,0.128,0.143,normal_2,1000.0
150704,2026-06-03 22:38:50.394532+00:00,0.057,1.449,78.23,25.68,0.0834,2.118,0.503,0.501,61.0,58.5,0.093,0.121,2.509,2.609,3.963,3.517,0.0807,2.05,0.1179,2.995,0.127,0.142,normal_2,1000.0
150708,2026-06-03 22:38:58.395097+00:00,0.0566,1.439,77.24,25.13,0.0831,2.111,0.443,0.573,61.0,58.5,0.093,0.12,2.359,2.6,3.522,3.997,0.0801,2.036,0.1175,2.986,0.125,0.143,normal_2,1000.0
150745,2026-06-03 22:40:12.399565+00:00,0.0665,1.689,77.29,25.16,0.0757,1.925,0.424,0.473,61.0,61.0,0.098,0.124,2.37,2.635,3.312,3.31,0.094,2.389,0.1071,2.722,0.128,0.143,normal_2,1000.0
150783,2026-06-03 22:41:28.404061+00:00,0.0686,1.743,77.24,25.13,0.0795,2.02,0.405,0.544,61.0,61.0,0.089,0.107,2.323,2.628,3.16,3.758,0.097,2.466,0.1124,2.856,0.128,0.145,normal_2,1000.0
150792,2026-06-03 22:41:46.405233+00:00,0.056,1.423,77.15,25.08,0.0841,2.136,0.46,0.586,58.5,58.5,0.091,0.114,2.356,2.679,3.654,4.055,0.0792,2.012,0.1189,3.021,0.126,0.144,normal_2,1000.0
150804,2026-06-03 22:42:10.406806+00:00,0.0615,1.564,77.29,25.16,0.0771,1.958,0.472,0.526,61.0,61.0,0.086,0.105,2.437,2.494,3.724,3.667,0.087,2.212,0.109,2.77,0.126,0.143,normal_2,1000.0
150838,2026-06-03 22:43:18.410770+00:00,0.0636,1.616,77.19,25.11,0.0859,2.184,0.404,0.541,61.0,61.0,0.098,0.123,2.332,2.629,3.126,3.641,0.0899,2.285,0.1216,3.088,0.129,0.148,normal_2,1000.0
150843,2026-06-03 22:43:28.411306+00:00,0.0648,1.647,77.05,25.03,0.0863,2.192,0.435,0.563,61.0,58.5,0.101,0.125,2.345,2.541,3.431,3.946,0.0917,2.329,0.122,3.1,0.127,0.142,normal_2,1000.0
150864,2026-06-03 22:44:10.413942+00:00,0.0675,1.714,77.71,25.39,0.0912,2.318,0.459,0.592,58.5,61.0,0.104,0.141,2.507,2.702,3.595,4.096,0.0954,2.424,0.129,3.278,0.127,0.144,normal_2,1000.0
150949,2026-06-03 22:47:00.424882+00:00,0.0599,1.522,78.52,25.84,0.0822,2.09,0.545,0.568,61.0,61.0,0.092,0.116,2.477,2.624,4.208,3.871,0.0847,2.153,0.1163,2.956,0.129,0.146,normal_2,1000.0
150985,2026-06-03 22:48:12.429181+00:00,0.0503,1.278,77.05,25.03,0.0777,1.974,0.419,0.515,61.0,61.0,0.084,0.109,2.401,2.558,3.26,3.536,0.0711,1.808,0.1099,2.791,0.128,0.145,normal_2,1000.0
151026,2026-06-03 22:49:34.434214+00:00,0.0636,1.616,76.86,24.92,0.0769,1.953,0.397,0.553,61.0,58.5,0.087,0.109,2.333,2.521,3.107,3.79,0.09,2.286,0.1087,2.762,0.127,0.145,normal_2,1000.0
151033,2026-06-03 22:49:48.435265+00:00,0.0695,1.767,76.86,24.92,0.0884,2.247,0.416,0.479,17.0,58.5,0.086,0.107,2.364,2.536,3.274,3.325,0.0984,2.499,0.1251,3.178,0.127,0.144,normal_2,1000.0
151050,2026-06-03 22:50:22.437183+00:00,0.0647,1.645,77.05,25.03,0.0958,2.434,0.438,0.514,61.0,61.0,0.103,0.137,2.402,2.649,3.378,3.497,0.0916,2.327,0.1355,3.442,0.129,0.147,normal_2,1000.0
151051,2026-06-03 22:50:24.437231+00:00,0.0675,1.714,78.85,26.02,0.0893,2.269,0.498,0.632,61.0,61.0,0.103,0.134,2.443,2.572,3.888,4.352,0.0954,2.424,0.1263,3.21,0.128,0.145,normal_2,1000.0
151104,2026-06-03 22:52:10.443652+00:00,0.0632,1.606,76.82,24.9,0.0869,2.207,0.45,0.497,61.0,61.0,0.103,0.134,2.408,2.499,3.535,3.407,0.0894,2.272,0.1229,3.122,0.127,0.145,normal_2,1000.0
151118,2026-06-03 22:52:38.445419+00:00,0.0584,1.484,76.77,24.87,0.0895,2.275,0.504,0.556,61.0,61.0,0.091,0.119,2.348,2.685,3.958,3.841,0.0826,2.099,0.1267,3.218,0.127,0.144,normal_2,1000.0
151165,2026-06-03 22:54:12.451205+00:00,0.0611,1.552,77.15,25.08,0.0816,2.075,0.463,0.508,61.0,61.0,0.094,0.126,2.502,2.691,3.566,3.507,0.0864,2.195,0.1155,2.934,0.129,0.145,normal_2,1000.0
151203,2026-06-03 22:55:28.453893+00:00,0.0615,1.563,77.43,25.24,0.0866,2.201,0.451,0.581,61.0,61.0,0.091,0.115,2.432,2.722,3.509,3.964,0.087,2.211,0.1225,3.112,0.128,0.146,normal_2,1000.0
151235,2026-06-03 22:56:32.459573+00:00,0.0618,1.57,76.77,24.87,0.0756,1.921,0.471,0.549,61.0,61.0,0.093,0.108,2.376,2.59,3.646,3.682,0.0874,2.221,0.1069,2.717,0.129,0.149,normal_2,1000.0
151266,2026-06-03 23:03:32.464830+00:00,0.0504,1.282,77.38,25.21,0.1033,2.624,0.459,0.643,58.5,53.7,0.069,0.115,2.445,2.552,3.625,4.656,0.0713,1.813,0.1461,3.711,0.126,0.138,normal_2,500.0
151277,2026-06-03 23:03:54.466054+00:00,0.0511,1.299,77.52,25.29,0.0984,2.5,0.571,0.793,61.0,53.7,0.073,0.114,2.493,2.743,4.539,5.795,0.0723,1.837,0.1391,3.535,0.125,0.136,normal_2,500.0
151313,2026-06-03 23:05:06.469711+00:00,0.0493,1.253,78.04,25.58,0.1035,2.63,0.457,0.584,61.0,53.7,0.068,0.119,2.388,2.61,3.663,4.284,0.0697,1.772,0.1464,3.719,0.124,0.136,normal_2,500.0
151407,2026-06-03 23:08:14.481324+00:00,0.0573,1.456,78.75,25.97,0.0999,2.539,0.552,0.497,58.5,53.7,0.072,0.114,2.478,2.519,4.445,3.662,0.081,2.059,0.1413,3.591,0.124,0.135,normal_2,500.0
151409,2026-06-03 23:08:18.481598+00:00,0.0562,1.428,79.99,26.66,0.0977,2.483,0.486,0.578,61.0,53.7,0.069,0.111,2.487,2.558,3.951,4.222,0.0795,2.02,0.1382,3.512,0.123,0.137,normal_2,500.0
151433,2026-06-03 23:09:06.480966+00:00,0.0549,1.395,79.23,26.23,0.0975,2.478,0.446,0.449,61.0,53.7,0.07,0.111,2.301,2.41,3.585,3.387,0.0777,1.973,0.1379,3.504,0.124,0.132,normal_2,500.0
151443,2026-06-03 23:09:26.485435+00:00,0.05,1.271,78.8,26.0,0.0945,2.4,0.514,0.558,61.0,53.7,0.07,0.112,2.385,2.594,4.156,4.126,0.0707,1.797,0.1336,3.394,0.123,0.135,normal_2,500.0
151500,2026-06-03 23:11:20.492174+00:00,0.0492,1.252,79.18,26.21,0.0965,2.452,0.464,0.56,61.0,53.7,0.066,0.112,2.401,2.699,3.763,4.106,0.0697,1.77,0.1365,3.468,0.123,0.136,normal_2,500.0
151549,2026-06-03 23:12:58.496305+00:00,0.0578,1.47,79.75,26.53,0.0967,2.457,0.517,0.453,61.0,53.7,0.069,0.113,2.344,2.396,4.193,3.4,0.0818,2.079,0.1368,3.475,0.123,0.133,normal_2,500.0
151677,2026-06-03 23:17:14.513542+00:00,0.0523,1.329,79.32,26.29,0.0992,2.521,0.475,0.584,61.0,53.7,0.07,0.11,2.525,2.536,3.802,4.305,0.074,1.88,0.1404,3.566,0.125,0.135,normal_2,500.0
151690,2026-06-03 23:17:40.515346+00:00,0.0653,1.659,79.65,26.47,0.1067,2.712,0.435,0.5,9.7,53.7,0.067,0.112,2.335,2.576,3.521,3.703,0.0923,2.346,0.1509,3.835,0.123,0.135,normal_2,500.0
151693,2026-06-03 23:17:46.515647+00:00,0.0631,1.603,79.32,26.29,0.1044,2.652,0.395,0.537,61.0,53.7,0.072,0.119,2.353,2.569,3.179,3.961,0.0892,2.268,0.1476,3.75,0.124,0.135,normal_2,500.0
151716,2026-06-03 23:18:32.518352+00:00,0.0546,1.387,79.18,26.21,0.0965,2.452,0.375,0.48,61.0,53.7,0.07,0.11,2.286,2.443,3.067,3.576,0.0772,1.961,0.1365,3.467,0.122,0.134,normal_2,500.0
151722,2026-06-03 23:18:44.519123+00:00,0.0537,1.364,79.27,26.26,0.0973,2.471,0.443,0.535,61.0,53.7,0.071,0.114,2.374,2.775,3.56,3.945,0.0759,1.93,0.1376,3.495,0.124,0.135,normal_2,500.0
151784,2026-06-03 23:20:48.526688+00:00,0.06,1.526,79.13,26.18,0.0954,2.423,0.467,0.706,61.0,53.7,0.07,0.111,2.384,2.704,3.777,5.18,0.0849,2.158,0.1349,3.427,0.123,0.136,normal_2,500.0
151789,2026-06-03 23:20:58.527218+00:00,0.0568,1.442,79.13,26.18,0.0876,2.227,0.372,0.533,61.0,53.7,0.072,0.107,2.301,2.573,3.013,3.977,0.0803,2.04,0.124,3.15,0.123,0.134,normal_2,500.0
151819,2026-06-03 23:21:58.530790+00:00,0.0531,1.348,79.32,26.29,0.0907,2.305,0.469,0.654,61.0,53.7,0.071,0.105,2.493,2.899,3.796,4.755,0.0751,1.907,0.1283,3.26,0.123,0.137,normal_2,500.0
151825,2026-06-03 23:22:10.531647+00:00,0.0549,1.396,79.37,26.31,0.1097,2.788,0.44,0.55,58.5,56.1,0.072,0.12,2.414,2.775,3.482,3.964,0.0777,1.975,0.1552,3.943,0.126,0.138,normal_2,500.0
151891,2026-06-03 23:24:22.539366+00:00,0.0514,1.306,79.08,26.16,0.1,2.54,0.445,0.548,61.0,53.7,0.069,0.115,2.303,2.503,3.604,4.068,0.0727,1.847,0.1414,3.592,0.123,0.134,normal_2,500.0
151896,2026-06-03 23:24:32.539971+00:00,0.0509,1.293,79.94,26.63,0.0951,2.417,0.474,0.577,61.0,53.7,0.067,0.112,2.413,2.609,3.807,4.229,0.072,1.829,0.1346,3.418,0.124,0.136,normal_2,500.0
151938,2026-06-03 23:25:56.544918+00:00,0.0501,1.274,79.27,26.26,0.0978,2.485,0.43,0.529,58.5,53.7,0.069,0.113,2.431,2.45,3.483,3.933,0.0709,1.803,0.1384,3.515,0.123,0.134,normal_2,500.0
151945,2026-06-03 23:26:10.545771+00:00,0.054,1.372,79.18,26.21,0.0939,2.386,0.489,0.575,61.0,53.7,0.068,0.107,2.311,2.584,3.909,4.148,0.0764,1.941,0.1328,3.374,0.125,0.138,normal_2,500.0
151984,2026-06-03 23:27:28.550446+00:00,0.056,1.422,79.37,26.31,0.102,2.59,0.447,0.637,58.5,53.7,0.073,0.113,2.342,2.626,3.581,4.68,0.0791,2.011,0.1442,3.663,0.125,0.136,normal_2,500.0
152021,2026-06-03 23:28:42.555164+00:00,0.0504,1.282,79.18,26.21,0.104,2.641,0.423,0.495,61.0,53.7,0.067,0.117,2.277,2.573,3.436,3.585,0.0714,1.813,0.147,3.736,0.123,0.138,normal_2,500.0
152076,2026-06-03 23:30:32.561901+00:00,0.051,1.297,79.27,26.26,0.1029,2.615,0.443,0.481,61.0,53.7,0.068,0.115,2.391,2.482,3.588,3.576,0.0722,1.835,0.1456,3.699,0.123,0.134,normal_2,500.0
152099,2026-06-03 23:31:18.564969+00:00,0.0523,1.328,79.04,26.13,0.1038,2.636,0.384,0.477,61.0,53.7,0.069,0.116,2.326,2.546,3.1,3.511,0.0739,1.878,0.1468,3.729,0.123,0.135,normal_2,500.0
152109,2026-06-03 23:31:38.566173+00:00,0.0588,1.494,79.13,26.18,0.1055,2.68,0.408,0.501,61.0,53.7,0.071,0.113,2.275,2.497,3.257,3.656,0.0832,2.113,0.1492,3.791,0.125,0.137,normal_2,500.0
152110,2026-06-03 23:31:40.566298+00:00,0.0536,1.362,79.13,26.18,0.1029,2.614,0.473,0.517,61.0,53.7,0.072,0.117,2.371,2.553,3.839,3.874,0.0758,1.926,0.1455,3.697,0.123,0.133,normal_2,500.0
152205,2026-06-03 23:34:50.577758+00:00,0.0558,1.418,80.03,26.68,0.098,2.49,0.422,0.536,61.0,53.7,0.068,0.115,2.32,2.495,3.489,4.018,0.0789,2.005,0.1386,3.521,0.12,0.133,normal_2,500.0
152263,2026-06-03 23:43:01.216535+00:00,0.0842,2.141,77.62,25.34,0.1163,2.954,0.611,0.925,134.2,134.2,0.158,0.195,2.843,2.83,3.89,3.704,0.1192,3.028,0.1644,4.178,0.157,0.249,normal_2,2000.0
152316,2026-06-03 23:44:47.223052+00:00,0.0832,2.114,75.64,24.24,0.118,2.997,0.576,1.0,134.2,134.2,0.159,0.203,2.753,2.919,3.667,3.972,0.1177,2.99,0.1669,4.239,0.157,0.251,normal_2,2000.0
152319,2026-06-03 23:44:53.223593+00:00,0.0785,1.994,75.64,24.24,0.1239,3.149,0.59,0.877,134.2,134.2,0.158,0.2,2.92,2.898,3.773,3.573,0.111,2.82,0.1753,4.454,0.156,0.245,normal_2,2000.0
152322,2026-06-03 23:44:59.223851+00:00,0.0758,1.925,75.59,24.22,0.0962,2.443,0.507,0.86,61.0,134.2,0.141,0.171,2.745,2.752,3.264,3.384,0.1072,2.723,0.136,3.455,0.155,0.254,normal_2,2000.0
152356,2026-06-03 23:46:07.229474+00:00,0.0772,1.961,75.08,23.93,0.1174,2.984,0.5,0.85,134.2,134.2,0.156,0.201,2.614,2.854,3.133,3.397,0.1092,2.774,0.1661,4.22,0.159,0.25,normal_2,2000.0
152357,2026-06-03 23:46:09.228037+00:00,0.0778,1.977,76.06,24.48,0.1174,2.983,0.623,0.888,61.0,136.7,0.154,0.197,2.636,2.895,3.957,3.559,0.1101,2.797,0.1661,4.219,0.157,0.249,normal_2,2000.0
152374,2026-06-03 23:46:43.230107+00:00,0.0772,1.963,74.8,23.77,0.1123,2.852,0.527,0.959,134.2,134.2,0.155,0.203,2.634,3.03,3.378,3.785,0.1093,2.776,0.1588,4.034,0.156,0.253,normal_2,2000.0
152420,2026-06-03 23:48:15.235653+00:00,0.0732,1.86,75.97,24.43,0.1066,2.707,0.509,0.897,61.0,61.0,0.146,0.171,2.735,2.85,3.243,3.578,0.1035,2.63,0.1507,3.829,0.157,0.25,normal_2,2000.0
152426,2026-06-03 23:48:27.236380+00:00,0.085,2.159,74.66,23.7,0.1245,3.162,0.603,0.789,134.2,134.2,0.169,0.215,2.724,2.78,3.878,3.159,0.1202,3.053,0.1761,4.472,0.155,0.249,normal_2,2000.0
152452,2026-06-03 23:49:19.239581+00:00,0.0827,2.101,74.52,23.62,0.1219,3.097,0.566,1.027,61.0,134.2,0.151,0.191,2.703,2.971,3.539,4.045,0.1169,2.971,0.1724,4.38,0.16,0.254,normal_2,2000.0
152484,2026-06-03 23:50:23.243229+00:00,0.0663,1.685,74.94,23.85,0.1019,2.588,0.563,0.882,61.0,61.0,0.135,0.153,2.668,2.672,3.51,3.628,0.0938,2.383,0.1441,3.66,0.16,0.243,normal_2,2000.0
152510,2026-06-03 23:51:15.246428+00:00,0.0733,1.862,75.27,24.03,0.0948,2.409,0.573,0.928,61.0,61.0,0.133,0.16,2.742,2.995,3.58,3.672,0.1037,2.634,0.1341,3.406,0.16,0.252,normal_2,2000.0
152577,2026-06-03 23:53:29.254703+00:00,0.0808,2.053,74.8,23.77,0.1209,3.071,0.549,0.948,134.2,134.2,0.164,0.216,2.728,2.85,3.45,3.819,0.1143,2.903,0.1709,4.343,0.159,0.248,normal_2,2000.0
152689,2026-06-03 23:57:13.268458+00:00,0.0863,2.192,74.84,23.8,0.1266,3.216,0.515,1.022,136.7,136.7,0.168,0.223,2.659,3.011,3.272,4.015,0.122,3.101,0.179,4.548,0.157,0.254,normal_2,2000.0
152770,2026-06-03 23:59:55.278392+00:00,0.072,1.83,74.61,23.67,0.1013,2.574,0.705,1.014,61.0,61.0,0.148,0.161,2.767,2.909,4.344,3.888,0.1019,2.588,0.1433,3.641,0.162,0.26,normal_2,2000.0
152788,2026-06-04 00:00:31.280692+00:00,0.0808,2.052,74.66,23.7,0.1122,2.85,0.515,0.941,61.0,58.5,0.147,0.184,2.731,2.799,3.229,3.683,0.1143,2.903,0.1587,4.031,0.159,0.255,normal_2,2000.0
152824,2026-06-04 00:01:43.284844+00:00,0.0754,1.915,74.7,23.72,0.103,2.618,0.579,0.886,61.0,61.0,0.143,0.159,2.721,2.953,3.59,3.408,0.1066,2.709,0.1457,3.702,0.161,0.26,normal_2,2000.0
152850,2026-06-04 00:02:35.288134+00:00,0.0738,1.874,74.7,23.72,0.1078,2.738,0.544,1.194,61.0,58.5,0.149,0.173,2.659,3.053,3.448,4.763,0.1043,2.651,0.1524,3.873,0.157,0.25,normal_2,2000.0
152877,2026-06-04 00:03:29.291266+00:00,0.078,1.982,74.7,23.72,0.1103,2.803,0.572,0.877,58.5,58.5,0.14,0.175,2.726,2.885,3.568,3.398,0.1103,2.803,0.156,3.964,0.16,0.258,normal_2,2000.0
152892,2026-06-04 00:03:59.293085+00:00,0.0915,2.325,74.7,23.72,0.1353,3.436,0.544,0.98,136.7,136.7,0.181,0.224,2.769,3.083,3.4,3.744,0.1294,3.289,0.1913,4.86,0.16,0.262,normal_2,2000.0
152919,2026-06-04 00:04:53.296283+00:00,0.0741,1.883,74.8,23.77,0.102,2.593,0.542,0.942,61.0,61.0,0.143,0.17,2.758,2.833,3.44,3.69,0.1048,2.663,0.1443,3.667,0.157,0.255,normal_2,2000.0
152985,2026-06-04 00:07:05.304128+00:00,0.0899,2.284,74.94,23.85,0.1208,3.069,0.545,0.895,134.2,134.2,0.173,0.214,2.751,2.835,3.414,3.469,0.1272,3.231,0.1708,4.34,0.159,0.258,normal_2,2000.0
153003,2026-06-04 00:07:41.306242+00:00,0.0777,1.973,75.83,24.35,0.1043,2.649,0.548,0.952,134.2,61.0,0.151,0.177,2.745,2.804,3.454,3.858,0.1099,2.791,0.1475,3.746,0.158,0.246,normal_2,2000.0
153027,2026-06-04 00:08:29.308822+00:00,0.0659,1.676,75.03,23.9,0.1081,2.747,0.565,0.925,61.0,61.0,0.141,0.169,2.763,2.973,3.47,3.651,0.0933,2.37,0.1529,3.885,0.162,0.253,normal_2,2000.0
153097,2026-06-04 00:10:49.317672+00:00,0.0756,1.92,76.35,24.63,0.1081,2.746,0.666,0.871,61.0,58.5,0.149,0.177,2.783,2.862,4.106,3.485,0.1069,2.716,0.1529,3.883,0.162,0.249,normal_2,2000.0
153103,2026-06-04 00:11:01.318331+00:00,0.0819,2.082,74.8,23.77,0.1245,3.163,0.49,0.841,134.2,134.2,0.165,0.209,2.688,2.799,3.135,3.269,0.1159,2.944,0.1761,4.474,0.156,0.257,normal_2,2000.0
153112,2026-06-04 00:11:19.319386+00:00,0.069,1.752,74.89,23.83,0.0921,2.341,0.508,0.993,134.2,134.2,0.131,0.163,2.642,2.998,3.262,3.885,0.0975,2.478,0.1303,3.311,0.155,0.255,normal_2,2000.0
153186,2026-06-04 00:17:14.559223+00:00,0.0509,1.294,81.61,27.56,0.1001,2.544,0.469,0.531,58.5,58.5,0.07,0.114,2.379,2.645,3.818,3.92,0.072,1.83,0.1416,3.597,0.122,0.135,desalinhado_2,500.0
153192,2026-06-04 00:17:26.559988+00:00,0.0596,1.514,80.85,27.13,0.0998,2.536,0.404,0.56,58.5,58.5,0.073,0.117,2.318,2.75,3.355,4.136,0.0843,2.141,0.1412,3.586,0.12,0.135,desalinhado_2,500.0
153210,2026-06-04 00:18:02.562139+00:00,0.0537,1.364,80.27,26.82,0.0757,1.924,0.425,0.55,61.0,61.0,0.072,0.101,2.412,2.62,3.439,4.08,0.0759,1.929,0.1071,2.721,0.123,0.134,desalinhado_2,500.0
153211,2026-06-04 00:18:04.562279+00:00,0.0554,1.409,81.23,27.35,0.0956,2.429,0.417,0.453,58.5,58.5,0.071,0.113,2.498,2.445,3.398,3.388,0.0784,1.993,0.1352,3.435,0.122,0.133,desalinhado_2,500.0
153248,2026-06-04 00:19:18.566018+00:00,0.0521,1.323,81.18,27.32,0.0864,2.194,0.473,0.582,58.5,58.5,0.072,0.108,2.44,2.742,3.805,4.332,0.0737,1.872,0.1222,3.103,0.124,0.134,desalinhado_2,500.0
153287,2026-06-04 00:20:36.570816+00:00,0.053,1.347,80.7,27.05,0.1002,2.547,0.486,0.486,58.5,58.5,0.072,0.12,2.4,2.498,3.979,3.577,0.075,1.905,0.1418,3.602,0.122,0.135,desalinhado_2,500.0
153344,2026-06-04 00:22:30.565359+00:00,0.0494,1.255,79.56,26.42,0.0807,2.05,0.415,0.505,61.0,61.0,0.07,0.101,2.289,2.561,3.387,3.728,0.0699,1.776,0.1141,2.899,0.122,0.135,desalinhado_2,500.0
153357,2026-06-04 00:22:56.578964+00:00,0.0521,1.324,79.61,26.45,0.074,1.881,0.431,0.554,61.0,61.0,0.071,0.101,2.364,2.652,3.499,4.058,0.0737,1.872,0.1047,2.661,0.123,0.136,desalinhado_2,500.0
153374,2026-06-04 00:23:30.581585+00:00,0.0566,1.439,79.42,26.34,0.0831,2.112,0.592,0.484,61.0,58.5,0.072,0.105,2.437,2.457,4.729,3.587,0.0801,2.036,0.1176,2.988,0.125,0.135,desalinhado_2,500.0
153389,2026-06-04 00:24:00.582971+00:00,0.0539,1.371,79.56,26.42,0.085,2.161,0.407,0.529,61.0,58.5,0.072,0.105,2.308,2.547,3.379,3.983,0.0763,1.939,0.1203,3.056,0.12,0.132,desalinhado_2,500.0
153448,2026-06-04 00:25:58.589705+00:00,0.0534,1.358,79.51,26.39,0.0809,2.056,0.479,0.611,61.0,61.0,0.069,0.096,2.407,2.588,3.835,4.473,0.0756,1.921,0.1145,2.908,0.125,0.136,desalinhado_2,500.0
153476,2026-06-04 00:26:54.601865+00:00,0.0575,1.461,79.46,26.37,0.0968,2.461,0.441,0.53,61.0,58.5,0.075,0.115,2.424,2.423,3.537,3.967,0.0813,2.066,0.137,3.48,0.124,0.133,desalinhado_2,500.0
153483,2026-06-04 00:27:08.602792+00:00,0.0508,1.292,79.65,26.47,0.075,1.907,0.449,0.563,61.0,61.0,0.065,0.099,2.364,2.623,3.665,4.104,0.0719,1.827,0.1061,2.697,0.122,0.137,desalinhado_2,500.0
153492,2026-06-04 00:27:26.603802+00:00,0.0511,1.298,79.37,26.31,0.0687,1.746,0.433,0.686,61.0,61.0,0.068,0.101,2.347,2.732,3.541,5.082,0.0723,1.836,0.0972,2.469,0.122,0.135,desalinhado_2,500.0
153499,2026-06-04 00:27:40.605062+00:00,0.0528,1.342,79.42,26.34,0.0916,2.328,0.506,0.619,61.0,58.5,0.069,0.111,2.489,2.534,4.079,4.63,0.0747,1.898,0.1296,3.292,0.124,0.133,desalinhado_2,500.0
153532,2026-06-04 00:28:46.610282+00:00,0.0525,1.334,79.42,26.34,0.0991,2.519,0.481,0.514,58.5,58.5,0.069,0.115,2.356,2.447,3.904,3.824,0.0743,1.887,0.1402,3.562,0.123,0.134,desalinhado_2,500.0
153544,2026-06-04 00:29:10.611805+00:00,0.0549,1.394,80.65,27.03,0.0937,2.38,0.456,0.495,61.0,58.5,0.071,0.112,2.406,2.459,3.706,3.713,0.0776,1.972,0.1325,3.365,0.123,0.133,desalinhado_2,500.0
153580,2026-06-04 00:30:22.616405+00:00,0.0533,1.355,79.61,26.45,0.0895,2.275,0.444,0.53,61.0,58.5,0.072,0.11,2.432,2.472,3.617,3.983,0.0754,1.916,0.1267,3.218,0.123,0.133,desalinhado_2,500.0
153586,2026-06-04 00:30:34.617136+00:00,0.0604,1.534,79.51,26.39,0.0986,2.505,0.487,0.459,58.5,58.5,0.071,0.115,2.347,2.472,3.928,3.429,0.0854,2.169,0.1395,3.543,0.124,0.134,desalinhado_2,500.0
153689,2026-06-04 00:34:00.629673+00:00,0.052,1.322,80.13,26.74,0.0903,2.295,0.449,0.522,61.0,58.5,0.071,0.108,2.373,2.546,3.678,3.92,0.0736,1.87,0.1277,3.245,0.122,0.133,desalinhado_2,500.0
153705,2026-06-04 00:34:32.621751+00:00,0.0566,1.438,79.84,26.58,0.0899,2.284,0.409,0.453,58.5,58.5,0.071,0.11,2.29,2.412,3.328,3.394,0.08,2.033,0.1272,3.231,0.123,0.133,desalinhado_2,500.0
153716,2026-06-04 00:34:54.633339+00:00,0.0572,1.454,79.56,26.42,0.0701,1.781,0.431,0.551,61.0,61.0,0.069,0.094,2.351,2.558,3.533,4.056,0.0809,2.056,0.0992,2.519,0.122,0.135,desalinhado_2,500.0
153754,2026-06-04 00:36:10.638181+00:00,0.0526,1.336,79.61,26.45,0.1001,2.543,0.466,0.467,58.5,58.5,0.075,0.117,2.436,2.486,3.783,3.425,0.0744,1.89,0.1416,3.596,0.123,0.136,desalinhado_2,500.0
153820,2026-06-04 00:38:24.644608+00:00,0.049,1.247,80.03,26.68,0.0774,1.967,0.475,0.499,61.0,61.0,0.073,0.103,2.565,2.551,3.88,3.634,0.0694,1.763,0.1095,2.783,0.122,0.137,desalinhado_2,500.0
153835,2026-06-04 00:38:54.647544+00:00,0.0589,1.498,80.18,26.76,0.0999,2.538,0.561,0.82,61.0,58.5,0.076,0.115,2.515,2.927,4.478,5.979,0.0834,2.119,0.1413,3.589,0.125,0.137,desalinhado_2,500.0
153848,2026-06-04 00:39:20.648707+00:00,0.054,1.373,79.99,26.66,0.0719,1.826,0.427,0.522,61.0,61.0,0.069,0.097,2.388,2.618,3.457,3.854,0.0764,1.941,0.1017,2.583,0.123,0.135,desalinhado_2,500.0
153933,2026-06-04 00:42:10.657733+00:00,0.0537,1.364,79.84,26.58,0.1008,2.56,0.448,0.522,61.0,58.5,0.073,0.114,2.279,2.589,3.638,3.799,0.0759,1.929,0.1425,3.621,0.123,0.137,desalinhado_2,500.0
154009,2026-06-04 00:44:42.666958+00:00,0.0469,1.193,79.84,26.58,0.0686,1.744,0.451,0.573,61.0,61.0,0.069,0.098,2.363,2.462,3.677,4.26,0.0664,1.687,0.0971,2.466,0.122,0.134,desalinhado_2,500.0
154016,2026-06-04 00:44:56.665564+00:00,0.0567,1.441,79.89,26.6,0.0928,2.357,0.409,0.552,58.5,58.5,0.073,0.116,2.329,2.848,3.368,4.0,0.0802,2.038,0.1312,3.333,0.121,0.138,desalinhado_2,500.0
154127,2026-06-04 00:48:38.682698+00:00,0.0567,1.442,80.13,26.74,0.0919,2.335,0.49,0.58,58.5,58.5,0.074,0.112,2.327,2.527,3.945,4.228,0.0803,2.039,0.13,3.302,0.124,0.137,desalinhado_2,500.0
154154,2026-06-04 00:49:32.686174+00:00,0.0546,1.388,80.13,26.74,0.0805,2.046,0.543,0.706,61.0,61.0,0.071,0.097,2.418,2.701,4.422,5.226,0.0773,1.963,0.1139,2.894,0.122,0.135,desalinhado_2,500.0
154193,2026-06-04 01:06:35.127255+00:00,0.0609,1.546,82.81,28.23,0.0968,2.459,0.411,0.475,58.5,58.5,0.074,0.108,2.492,2.631,3.422,3.608,0.0861,2.187,0.1369,3.478,0.12,0.131,desbalanceado_1parafuso_3,500.0
154196,2026-06-04 01:06:41.127668+00:00,0.0558,1.417,83.1,28.39,0.1049,2.665,0.465,0.472,58.5,58.5,0.072,0.115,2.601,2.634,3.923,3.631,0.0789,2.004,0.1484,3.769,0.118,0.13,desbalanceado_1parafuso_3,500.0
154202,2026-06-04 01:06:53.127850+00:00,0.0633,1.609,82.71,28.17,0.1037,2.636,0.462,0.605,61.0,58.5,0.076,0.122,2.51,2.816,3.831,4.542,0.0895,2.275,0.1467,3.728,0.12,0.133,desbalanceado_1parafuso_3,500.0
154302,2026-06-04 01:10:13.126029+00:00,0.0632,1.606,81.13,27.29,0.1023,2.599,0.418,0.513,9.7,58.5,0.074,0.118,2.44,2.673,3.43,3.796,0.0894,2.272,0.1447,3.676,0.121,0.135,desbalanceado_1parafuso_3,500.0
154313,2026-06-04 01:10:35.140774+00:00,0.0734,1.866,80.94,27.19,0.1017,2.584,0.481,0.563,9.7,58.5,0.077,0.115,2.457,2.521,3.951,4.249,0.1038,2.639,0.1438,3.654,0.121,0.132,desbalanceado_1parafuso_3,500.0
154357,2026-06-04 01:12:03.147538+00:00,0.06,1.524,80.61,27.0,0.0718,1.825,0.463,0.554,61.0,61.0,0.074,0.095,2.6,2.85,3.736,4.148,0.0849,2.156,0.1016,2.581,0.124,0.133,desbalanceado_1parafuso_3,500.0
154398,2026-06-04 01:13:25.152608+00:00,0.0621,1.577,80.42,26.9,0.0839,2.133,0.477,0.535,9.7,61.0,0.068,0.107,2.477,2.721,3.926,3.969,0.0878,2.231,0.1187,3.016,0.121,0.134,desbalanceado_1parafuso_3,500.0
154512,2026-06-05 10:33:12.703784+00:00,0.0643,1.634,64.23,17.9,0.102,2.592,0.442,0.473,61.0,58.5,0.068,0.103,2.318,2.372,3.351,3.304,0.091,2.312,0.1443,3.666,0.132,0.143,normal_2,500.0
154549,2026-06-05 10:34:26.706834+00:00,0.0652,1.656,64.69,18.16,0.0951,2.415,0.561,0.637,9.7,9.7,0.063,0.09,2.358,2.455,4.241,4.427,0.0922,2.343,0.1345,3.416,0.132,0.143,normal_2,500.0
154594,2026-06-05 10:35:56.713282+00:00,0.0555,1.41,65.02,18.34,0.089,2.262,0.483,0.688,61.0,58.5,0.067,0.105,2.389,2.623,3.629,4.701,0.0785,1.994,0.1259,3.199,0.133,0.146,normal_2,500.0
154650,2026-06-05 10:37:48.718294+00:00,0.0729,1.854,65.52,18.62,0.0894,2.271,0.582,0.597,61.0,58.5,0.075,0.101,2.505,2.481,4.362,4.121,0.1032,2.622,0.1264,3.212,0.133,0.144,normal_2,500.0
154652,2026-06-05 10:37:52.719687+00:00,0.0573,1.456,65.61,18.67,0.1067,2.712,0.385,0.601,58.5,58.5,0.068,0.115,2.259,2.489,2.904,4.172,0.081,2.059,0.151,3.835,0.132,0.144,normal_2,500.0
154674,2026-06-05 10:38:36.722106+00:00,0.06,1.524,65.8,18.77,0.1024,2.603,0.393,0.509,58.5,56.1,0.072,0.104,2.252,2.378,2.975,3.588,0.0849,2.156,0.1449,3.681,0.132,0.142,normal_2,500.0
154680,2026-06-05 10:38:48.722518+00:00,0.0487,1.239,66.95,19.42,0.0785,1.995,0.38,0.504,61.0,61.0,0.063,0.095,2.275,2.406,2.903,3.477,0.069,1.752,0.1111,2.822,0.131,0.144,normal_2,500.0
154685,2026-06-05 10:38:58.723180+00:00,0.0698,1.774,66.17,18.98,0.1088,2.765,0.589,0.593,58.5,58.5,0.071,0.113,2.406,2.373,4.466,4.119,0.0988,2.509,0.1539,3.911,0.132,0.143,normal_2,500.0
154695,2026-06-05 10:39:18.724155+00:00,0.0547,1.389,66.08,18.93,0.0913,2.321,0.429,0.579,61.0,9.7,0.068,0.096,2.32,2.466,3.248,3.982,0.0773,1.964,0.1292,3.282,0.132,0.145,normal_2,500.0
154716,2026-06-05 10:40:00.726591+00:00,0.0533,1.353,66.44,19.13,0.0765,1.944,0.419,0.47,61.0,61.0,0.066,0.093,2.327,2.406,3.233,3.277,0.0753,1.914,0.1082,2.75,0.129,0.143,normal_2,500.0
154724,2026-06-05 10:40:16.727257+00:00,0.0613,1.558,66.91,19.39,0.1085,2.757,0.464,0.541,58.5,58.5,0.067,0.116,2.36,2.5,3.562,3.753,0.0867,2.204,0.1535,3.899,0.13,0.144,normal_2,500.0
154735,2026-06-05 10:40:38.728704+00:00,0.056,1.423,66.54,19.18,0.0961,2.443,0.526,0.548,61.0,9.7,0.066,0.094,2.538,2.654,4.004,3.765,0.0792,2.012,0.136,3.455,0.131,0.145,normal_2,500.0
154794,2026-06-05 10:42:36.734313+00:00,0.0572,1.454,67.27,19.59,0.1068,2.713,0.434,0.533,58.5,58.5,0.069,0.115,2.43,2.432,3.282,3.729,0.0809,2.056,0.151,3.836,0.132,0.142,normal_2,500.0
154795,2026-06-05 10:42:38.734480+00:00,0.0633,1.608,68.71,20.39,0.1144,2.906,0.471,0.559,58.5,56.1,0.071,0.115,2.32,2.505,3.583,3.906,0.0895,2.275,0.1618,4.11,0.131,0.143,normal_2,500.0
154816,2026-06-05 10:43:20.736867+00:00,0.0572,1.455,67.74,19.85,0.0767,1.948,0.448,0.463,61.0,61.0,0.068,0.094,2.327,2.378,3.432,3.28,0.081,2.057,0.1084,2.755,0.13,0.141,normal_2,500.0
154842,2026-06-05 10:44:12.740875+00:00,0.0617,1.568,68.38,20.21,0.0982,2.495,0.434,0.591,61.0,56.1,0.07,0.111,2.363,2.52,3.33,4.138,0.0873,2.218,0.1389,3.529,0.13,0.142,normal_2,500.0
154847,2026-06-05 10:44:22.741092+00:00,0.0554,1.408,68.43,20.24,0.0923,2.345,0.393,0.464,61.0,61.0,0.068,0.101,2.344,2.396,3.037,3.3,0.0784,1.992,0.1305,3.316,0.129,0.14,normal_2,500.0
154910,2026-06-05 10:46:28.749642+00:00,0.0661,1.68,68.85,20.47,0.1041,2.646,0.44,0.602,9.7,58.5,0.07,0.114,2.369,2.463,3.436,4.288,0.0935,2.376,0.1473,3.742,0.128,0.14,normal_2,500.0
154930,2026-06-05 10:47:08.752212+00:00,0.0717,1.823,69.08,20.6,0.0873,2.217,0.435,0.637,9.7,56.1,0.068,0.102,2.338,2.58,3.378,4.467,0.1015,2.579,0.1234,3.136,0.128,0.142,normal_2,500.0
155019,2026-06-05 10:50:06.763062+00:00,0.0627,1.593,71.16,21.75,0.108,2.745,0.441,0.497,61.0,58.5,0.074,0.114,2.374,2.428,3.391,3.575,0.0887,2.254,0.1528,3.882,0.13,0.139,normal_2,500.0
155071,2026-06-05 10:51:50.768987+00:00,0.0557,1.414,70.33,21.29,0.1108,2.814,0.467,0.507,58.5,58.5,0.07,0.122,2.443,2.414,3.619,3.617,0.0787,2.0,0.1566,3.98,0.129,0.14,normal_2,500.0
155124,2026-06-05 10:53:36.775356+00:00,0.0606,1.54,70.98,21.65,0.1097,2.787,0.437,0.527,58.5,58.5,0.072,0.117,2.326,2.52,3.438,3.783,0.0857,2.179,0.1552,3.942,0.127,0.139,normal_2,500.0
155146,2026-06-05 10:54:20.778035+00:00,0.0558,1.417,71.02,21.68,0.0894,2.27,0.423,0.542,61.0,56.1,0.071,0.102,2.358,2.387,3.295,3.904,0.0789,2.004,0.1264,3.211,0.128,0.138,normal_2,500.0
155178,2026-06-05 10:55:24.781927+00:00,0.0588,1.493,71.58,21.99,0.1024,2.601,0.475,0.531,58.5,56.1,0.069,0.113,2.413,2.435,3.638,3.781,0.0831,2.112,0.1448,3.679,0.13,0.14,normal_2,500.0
155195,2026-06-05 10:55:58.783727+00:00,0.052,1.321,71.63,22.01,0.0835,2.122,0.378,0.59,61.0,56.1,0.07,0.098,2.266,2.497,2.993,4.198,0.0735,1.868,0.1181,3.001,0.126,0.14,normal_2,500.0
155231,2026-06-05 10:57:10.787871+00:00,0.0528,1.343,71.91,22.17,0.0798,2.027,0.435,0.508,61.0,56.1,0.067,0.096,2.406,2.476,3.398,3.664,0.0747,1.899,0.1128,2.867,0.128,0.138,normal_2,500.0
155238,2026-06-05 10:57:24.788685+00:00,0.0485,1.233,72.28,22.37,0.0795,2.02,0.515,0.497,61.0,56.1,0.066,0.099,2.437,2.51,4.085,3.567,0.0687,1.745,0.1125,2.857,0.126,0.139,normal_2,500.0
155285,2026-06-05 10:58:58.794256+00:00,0.0558,1.418,72.0,22.22,0.1127,2.863,0.401,0.586,58.5,58.5,0.073,0.121,2.356,2.495,3.181,4.212,0.0789,2.005,0.1594,4.049,0.126,0.139,normal_2,500.0
155352,2026-06-05 11:01:12.802114+00:00,0.0578,1.469,72.46,22.48,0.111,2.82,0.485,0.554,58.5,58.5,0.073,0.123,2.435,2.556,3.773,4.024,0.0818,2.078,0.157,3.988,0.128,0.137,normal_2,500.0
155363,2026-06-05 11:01:34.803641+00:00,0.0586,1.489,72.74,22.63,0.1061,2.694,0.439,0.433,61.0,58.5,0.071,0.117,2.277,2.407,3.503,3.151,0.0829,2.107,0.15,3.811,0.125,0.137,normal_2,500.0
155393,2026-06-05 11:02:34.806640+00:00,0.0501,1.272,72.79,22.66,0.0947,2.407,0.462,0.566,61.0,56.1,0.067,0.105,2.379,2.55,3.637,4.107,0.0708,1.8,0.134,3.405,0.127,0.137,normal_2,500.0
155448,2026-06-05 11:06:22.651682+00:00,0.0577,1.466,73.82,23.23,0.0895,2.275,0.599,0.641,61.0,61.0,0.078,0.108,2.517,2.57,4.678,4.448,0.0816,2.073,0.1266,3.217,0.128,0.144,normal_2,1000.0
155465,2026-06-05 11:06:56.653135+00:00,0.0661,1.68,72.93,22.74,0.0769,1.955,0.411,0.471,61.0,61.0,0.088,0.104,2.313,2.533,3.26,3.269,0.0935,2.377,0.1088,2.765,0.126,0.144,normal_2,1000.0
155473,2026-06-05 11:07:12.651696+00:00,0.0678,1.722,72.98,22.76,0.075,1.907,0.454,0.582,61.0,61.0,0.093,0.108,2.549,2.707,3.524,4.0,0.0959,2.436,0.1061,2.696,0.129,0.145,normal_2,1000.0
155489,2026-06-05 11:07:44.655410+00:00,0.0658,1.673,73.07,22.81,0.0849,2.157,0.494,0.532,61.0,61.0,0.089,0.115,2.524,2.678,3.793,3.552,0.0931,2.367,0.1201,3.051,0.13,0.149,normal_2,1000.0
155498,2026-06-05 11:08:02.656354+00:00,0.0575,1.461,72.79,22.66,0.0817,2.075,0.505,0.537,61.0,61.0,0.083,0.106,2.512,2.671,3.887,3.655,0.0813,2.066,0.1155,2.935,0.13,0.147,normal_2,1000.0
155537,2026-06-05 11:09:20.661241+00:00,0.0668,1.697,73.35,22.97,0.0938,2.384,0.459,0.566,61.0,9.7,0.096,0.115,2.366,2.585,3.533,3.913,0.0944,2.4,0.1327,3.371,0.129,0.144,normal_2,1000.0
155551,2026-06-05 11:09:48.662806+00:00,0.0628,1.596,73.72,23.18,0.086,2.186,0.525,0.543,61.0,61.0,0.095,0.121,2.422,2.613,4.011,3.68,0.0888,2.257,0.1217,3.092,0.13,0.147,normal_2,1000.0
155633,2026-06-05 11:12:32.672384+00:00,0.0608,1.546,74.1,23.38,0.085,2.159,0.524,0.602,61.0,61.0,0.101,0.125,2.466,2.586,4.024,4.151,0.086,2.186,0.1202,3.053,0.13,0.145,normal_2,1000.0
155634,2026-06-05 11:12:34.672415+00:00,0.0636,1.617,72.84,22.68,0.0838,2.129,0.474,0.625,61.0,61.0,0.095,0.12,2.481,2.685,3.66,4.233,0.09,2.287,0.1185,3.011,0.129,0.147,normal_2,1000.0
155714,2026-06-05 11:15:14.680882+00:00,0.061,1.549,73.58,23.1,0.0823,2.092,0.494,0.588,61.0,61.0,0.087,0.113,2.458,2.77,3.795,3.888,0.0862,2.191,0.1165,2.959,0.13,0.151,normal_2,1000.0
155744,2026-06-05 11:16:14.684119+00:00,0.0724,1.839,73.12,22.84,0.0864,2.195,0.529,0.489,61.0,61.0,0.087,0.118,2.43,2.596,4.073,3.396,0.1024,2.601,0.1222,3.105,0.13,0.144,normal_2,1000.0
155802,2026-06-05 11:18:10.688659+00:00,0.0658,1.673,73.35,22.97,0.0834,2.118,0.43,0.534,61.0,61.0,0.091,0.111,2.363,2.714,3.338,3.624,0.0931,2.366,0.1179,2.995,0.128,0.147,normal_2,1000.0
155819,2026-06-05 11:18:44.692924+00:00,0.0661,1.679,73.3,22.94,0.0781,1.985,0.452,0.579,61.0,61.0,0.086,0.11,2.577,2.619,3.471,3.998,0.0935,2.374,0.1105,2.808,0.13,0.144,normal_2,1000.0
155917,2026-06-05 11:22:00.703909+00:00,0.0736,1.87,73.72,23.18,0.0969,2.461,0.479,0.56,17.0,61.0,0.098,0.121,2.379,2.622,3.674,3.84,0.1041,2.645,0.137,3.48,0.13,0.145,normal_2,1000.0
156057,2026-06-05 11:26:40.719415+00:00,0.0686,1.744,74.0,23.33,0.0945,2.402,0.437,0.631,17.0,61.0,0.082,0.111,2.511,2.685,3.345,4.384,0.0971,2.467,0.1337,3.397,0.13,0.144,normal_2,1000.0
156074,2026-06-05 11:27:14.721354+00:00,0.0843,2.143,74.52,23.62,0.09,2.286,0.457,0.549,17.0,61.0,0.094,0.119,2.311,2.571,3.536,3.731,0.1193,3.031,0.1272,3.233,0.129,0.147,normal_2,1000.0
156138,2026-06-05 11:29:22.729122+00:00,0.0754,1.915,74.0,23.33,0.0928,2.359,0.64,0.559,17.0,61.0,0.094,0.117,2.547,2.688,4.933,3.84,0.1066,2.709,0.1313,3.336,0.129,0.145,normal_2,1000.0
156165,2026-06-05 11:30:16.732012+00:00,0.0743,1.888,74.28,23.49,0.0876,2.226,0.489,0.466,17.0,61.0,0.09,0.105,2.389,2.488,3.781,3.213,0.1051,2.67,0.1239,3.149,0.129,0.145,normal_2,1000.0
156188,2026-06-05 11:31:02.734617+00:00,0.0595,1.511,74.14,23.41,0.0843,2.142,0.445,0.615,61.0,61.0,0.083,0.11,2.394,2.596,3.439,4.211,0.0841,2.137,0.1192,3.03,0.129,0.146,normal_2,1000.0
156239,2026-06-05 11:32:44.740178+00:00,0.0766,1.945,74.19,23.44,0.0938,2.384,0.425,0.537,17.0,61.0,0.087,0.111,2.362,2.52,3.264,3.667,0.1083,2.751,0.1327,3.371,0.13,0.146,normal_2,1000.0
156265,2026-06-05 11:33:36.743131+00:00,0.0792,2.014,74.47,23.59,0.091,2.311,0.386,0.584,17.0,61.0,0.088,0.109,2.383,2.577,2.96,4.011,0.1121,2.848,0.1287,3.269,0.13,0.145,normal_2,1000.0
156276,2026-06-05 11:33:58.744554+00:00,0.0774,1.968,74.28,23.49,0.0867,2.203,0.493,0.593,17.0,61.0,0.081,0.103,2.504,2.655,3.832,4.087,0.1095,2.783,0.1226,3.115,0.128,0.145,normal_2,1000.0
156287,2026-06-05 11:34:20.745807+00:00,0.078,1.983,74.47,23.59,0.0929,2.36,0.485,0.608,17.0,61.0,0.086,0.116,2.373,2.687,3.758,4.148,0.1104,2.804,0.1314,3.337,0.129,0.146,normal_2,1000.0
156359,2026-06-05 11:36:44.741074+00:00,0.0753,1.914,74.42,23.57,0.0897,2.279,0.507,0.565,17.0,61.0,0.087,0.113,2.482,2.644,3.894,3.879,0.1065,2.707,0.1268,3.223,0.13,0.145,normal_2,1000.0
156365,2026-06-05 11:36:56.754768+00:00,0.0834,2.119,74.94,23.85,0.1008,2.562,0.409,0.606,17.0,61.0,0.088,0.116,2.38,2.727,3.144,4.144,0.118,2.997,0.1426,3.624,0.13,0.146,normal_2,1000.0
156371,2026-06-05 11:37:08.755462+00:00,0.083,2.108,74.42,23.57,0.0883,2.242,0.463,0.571,17.0,58.5,0.095,0.115,2.449,2.639,3.555,3.907,0.1173,2.981,0.1248,3.172,0.13,0.146,normal_2,1000.0
156394,2026-06-05 11:37:54.757824+00:00,0.0794,2.017,74.56,23.64,0.0931,2.366,0.506,0.545,17.0,61.0,0.09,0.113,2.432,2.666,3.892,3.756,0.1123,2.853,0.1317,3.346,0.13,0.145,normal_2,1000.0
156425,2026-06-05 11:38:56.761176+00:00,0.0671,1.704,74.89,23.83,0.0904,2.296,0.485,0.533,17.0,61.0,0.087,0.111,2.389,2.683,3.815,3.683,0.0948,2.41,0.1278,3.247,0.127,0.144,normal_2,1000.0
156473,2026-06-05 11:46:43.018305+00:00,0.0873,2.219,76.02,24.45,0.1212,3.078,0.585,0.798,9.7,61.0,0.143,0.178,2.706,2.833,3.759,3.22,0.1235,3.138,0.1714,4.353,0.155,0.247,normal_2,2000.0
156487,2026-06-05 11:47:11.019956+00:00,0.0915,2.324,75.92,24.4,0.1191,3.026,0.472,0.91,136.7,136.7,0.175,0.214,2.69,2.869,3.07,3.65,0.1294,3.287,0.1685,4.28,0.154,0.249,normal_2,2000.0
156641,2026-06-05 11:52:19.037506+00:00,0.0857,2.179,73.44,23.02,0.1219,3.098,0.474,0.946,136.7,136.7,0.166,0.199,2.611,3.163,2.949,3.894,0.1213,3.081,0.1725,4.381,0.16,0.243,normal_2,2000.0
156643,2026-06-05 11:52:23.037750+00:00,0.0686,1.743,73.07,22.81,0.129,3.278,0.515,0.806,61.0,9.7,0.131,0.162,2.763,2.83,3.174,3.292,0.097,2.465,0.1825,4.636,0.162,0.244,normal_2,2000.0
156755,2026-06-05 11:56:07.050572+00:00,0.0714,1.815,73.12,22.84,0.1124,2.856,0.522,0.92,61.0,61.0,0.134,0.166,2.78,2.972,3.307,3.793,0.101,2.566,0.159,4.039,0.157,0.242,normal_2,2000.0
156833,2026-06-05 11:58:43.059561+00:00,0.0725,1.842,73.12,22.84,0.1011,2.569,0.522,0.901,61.0,61.0,0.126,0.145,2.666,2.895,3.331,3.64,0.1025,2.605,0.143,3.633,0.156,0.247,normal_2,2000.0
156845,2026-06-05 11:59:07.061018+00:00,0.0752,1.91,73.96,23.31,0.114,2.897,0.563,0.955,136.7,61.0,0.151,0.187,2.743,3.13,3.518,3.87,0.1063,2.702,0.1613,4.097,0.16,0.246,normal_2,2000.0
156882,2026-06-05 12:00:21.065501+00:00,0.0746,1.897,73.49,23.05,0.1196,3.039,0.558,1.018,61.0,61.0,0.131,0.167,2.774,2.956,3.503,4.131,0.1056,2.683,0.1692,4.298,0.159,0.246,normal_2,2000.0
156978,2026-06-05 12:03:33.076708+00:00,0.0708,1.799,73.44,23.02,0.1194,3.034,0.529,0.932,61.0,58.5,0.125,0.146,2.666,3.096,3.319,3.707,0.1002,2.545,0.1689,4.291,0.159,0.251,normal_2,2000.0
156990,2026-06-05 12:03:57.077929+00:00,0.0809,2.054,73.35,22.97,0.1052,2.672,0.56,0.854,61.0,58.5,0.145,0.166,2.802,2.856,3.643,3.448,0.1144,2.906,0.1487,3.779,0.153,0.247,normal_2,2000.0
157001,2026-06-05 12:04:19.079133+00:00,0.0838,2.128,74.8,23.77,0.1291,3.279,0.552,0.924,136.7,136.7,0.154,0.208,2.762,2.878,3.494,3.73,0.1185,3.01,0.1825,4.637,0.158,0.247,normal_2,2000.0
157073,2026-06-05 12:06:43.087995+00:00,0.0845,2.147,73.63,23.13,0.1171,2.976,0.642,1.001,136.7,136.7,0.161,0.2,2.712,3.001,3.942,3.921,0.1195,3.036,0.1657,4.209,0.162,0.255,normal_2,2000.0
157075,2026-06-05 12:06:47.088100+00:00,0.0816,2.074,73.77,23.2,0.1269,3.224,0.574,0.84,61.0,61.0,0.147,0.188,2.76,2.822,3.682,3.329,0.1155,2.933,0.1795,4.56,0.156,0.252,normal_2,2000.0
157076,2026-06-05 12:06:49.088183+00:00,0.085,2.16,73.35,22.97,0.1203,3.057,0.571,0.86,136.7,136.7,0.164,0.2,2.823,3.024,3.58,3.516,0.1202,3.055,0.1702,4.324,0.159,0.244,normal_2,2000.0
157156,2026-06-05 12:09:29.096988+00:00,0.0923,2.344,73.63,23.13,0.123,3.124,0.485,0.916,9.7,136.7,0.151,0.19,2.626,2.93,3.1,3.762,0.1305,3.316,0.1739,4.418,0.156,0.243,normal_2,2000.0
157170,2026-06-05 12:09:57.098405+00:00,0.0742,1.885,73.44,23.02,0.1059,2.692,0.557,0.926,61.0,61.0,0.125,0.145,2.804,2.889,3.527,3.665,0.105,2.667,0.1498,3.807,0.157,0.252,normal_2,2000.0
157208,2026-06-05 12:11:13.101744+00:00,0.0739,1.879,73.54,23.07,0.1103,2.802,0.57,0.879,61.0,68.3,0.135,0.164,2.797,2.805,3.643,3.506,0.1046,2.657,0.156,3.963,0.156,0.25,normal_2,2000.0
157223,2026-06-05 12:11:43.104426+00:00,0.0773,1.964,73.54,23.07,0.1173,2.98,0.526,0.979,136.7,136.7,0.15,0.189,2.689,2.89,3.296,3.887,0.1093,2.778,0.1659,4.215,0.159,0.251,normal_2,2000.0
157287,2026-06-05 12:13:51.118034+00:00,0.0737,1.873,73.68,23.15,0.1045,2.654,0.608,0.915,58.5,61.0,0.14,0.159,2.837,2.807,3.872,3.693,0.1042,2.648,0.1477,3.753,0.157,0.247,normal_2,2000.0
157339,2026-06-05 12:15:35.129641+00:00,0.0882,2.241,73.63,23.13,0.1277,3.245,0.622,0.912,136.7,136.7,0.161,0.203,2.824,3.032,3.926,3.66,0.1247,3.169,0.1807,4.59,0.158,0.249,normal_2,2000.0
157422,2026-06-05 12:18:21.139497+00:00,0.0765,1.944,74.42,23.57,0.1116,2.836,0.544,0.887,9.7,61.0,0.138,0.169,2.692,3.031,3.419,3.69,0.1082,2.749,0.1579,4.011,0.159,0.24,normal_2,2000.0
157468,2026-06-05 12:19:53.145653+00:00,0.0724,1.84,73.91,23.28,0.1107,2.814,0.568,0.812,61.0,61.0,0.147,0.166,2.745,2.891,3.601,3.287,0.1024,2.602,0.1566,3.979,0.157,0.247,normal_2,2000.0
157523,2026-06-05 12:21:43.153937+00:00,0.0736,1.871,73.77,23.2,0.1119,2.844,0.555,0.803,61.0,58.5,0.137,0.175,2.723,2.828,3.544,3.244,0.1042,2.646,0.1583,4.022,0.156,0.247,normal_2,2000.0
157550,2026-06-05 12:25:43.276719+00:00,0.0605,1.538,78.66,25.92,0.1205,3.061,0.506,0.591,58.5,58.5,0.072,0.127,2.387,2.58,4.085,4.43,0.0856,2.176,0.1704,4.329,0.123,0.133,desalinhado_2,500.0
157556,2026-06-05 12:25:55.278124+00:00,0.0584,1.485,79.51,26.39,0.1213,3.082,0.506,0.594,58.5,58.5,0.072,0.129,2.376,2.631,4.124,4.368,0.0826,2.1,0.1716,4.358,0.122,0.136,desalinhado_2,500.0
157565,2026-06-05 12:26:13.279770+00:00,0.0526,1.338,78.0,25.55,0.109,2.769,0.497,0.587,58.5,58.5,0.07,0.119,2.469,2.756,3.979,4.287,0.0745,1.892,0.1542,3.917,0.125,0.137,desalinhado_2,500.0
157694,2026-06-05 12:30:31.293054+00:00,0.0519,1.319,79.37,26.31,0.0966,2.454,0.442,0.55,58.5,56.1,0.072,0.116,2.426,2.56,3.575,4.076,0.0734,1.865,0.1366,3.471,0.123,0.134,desalinhado_2,500.0
157708,2026-06-05 12:30:59.296275+00:00,0.0532,1.351,78.14,25.63,0.0972,2.47,0.408,0.468,61.0,56.1,0.07,0.11,2.38,2.562,3.277,3.437,0.0752,1.911,0.1375,3.494,0.124,0.136,desalinhado_2,500.0
157709,2026-06-05 12:31:01.297093+00:00,0.0502,1.276,78.18,25.66,0.0889,2.259,0.475,0.706,61.0,56.1,0.069,0.108,2.43,2.75,3.837,5.243,0.071,1.804,0.1257,3.194,0.123,0.134,desalinhado_2,500.0
157764,2026-06-05 12:32:51.302710+00:00,0.0504,1.282,78.52,25.84,0.0826,2.098,0.487,0.494,61.0,61.0,0.069,0.101,2.348,2.546,3.925,3.664,0.0713,1.813,0.1168,2.968,0.124,0.134,desalinhado_2,500.0
157768,2026-06-05 12:32:59.303228+00:00,0.052,1.321,78.14,25.63,0.0915,2.326,0.483,0.505,61.0,56.1,0.073,0.112,2.501,2.55,3.904,3.694,0.0735,1.869,0.1295,3.289,0.123,0.136,desalinhado_2,500.0
157821,2026-06-05 12:34:45.309558+00:00,0.0589,1.497,79.08,26.16,0.1068,2.714,0.416,0.482,58.5,58.5,0.071,0.118,2.36,2.585,3.373,3.561,0.0833,2.117,0.1511,3.838,0.123,0.135,desalinhado_2,500.0
157825,2026-06-05 12:34:53.309621+00:00,0.0568,1.444,78.99,26.1,0.0807,2.051,0.416,0.487,61.0,61.0,0.071,0.101,2.38,2.501,3.339,3.62,0.0804,2.043,0.1142,2.901,0.124,0.134,desalinhado_2,500.0
157925,2026-06-05 12:38:13.320584+00:00,0.061,1.55,78.85,26.02,0.102,2.592,0.394,0.545,9.7,58.5,0.074,0.119,2.321,2.62,3.164,3.978,0.0863,2.193,0.1443,3.665,0.124,0.136,desalinhado_2,500.0
157950,2026-06-05 12:39:03.323771+00:00,0.0491,1.247,78.09,25.6,0.0911,2.315,0.452,0.736,61.0,56.1,0.072,0.108,2.276,2.663,3.691,5.497,0.0694,1.764,0.1289,3.275,0.122,0.133,desalinhado_2,500.0
157958,2026-06-05 12:39:19.324905+00:00,0.0571,1.45,77.9,25.5,0.0897,2.279,0.523,0.451,61.0,61.0,0.074,0.106,2.376,2.393,4.176,3.31,0.0807,2.051,0.1269,3.224,0.125,0.136,desalinhado_2,500.0
157962,2026-06-05 12:39:27.325484+00:00,0.0502,1.275,77.9,25.5,0.0963,2.448,0.559,0.656,61.0,58.5,0.071,0.111,2.513,2.928,4.532,4.74,0.071,1.803,0.1363,3.462,0.123,0.138,desalinhado_2,500.0
157989,2026-06-05 12:40:21.328884+00:00,0.0498,1.267,78.09,25.6,0.077,1.956,0.558,0.619,61.0,61.0,0.07,0.105,2.307,2.614,4.499,4.576,0.0705,1.792,0.1089,2.767,0.124,0.135,desalinhado_2,500.0
157990,2026-06-05 12:40:23.328927+00:00,0.0623,1.584,77.85,25.47,0.1052,2.672,0.442,0.455,61.0,58.5,0.072,0.118,2.28,2.535,3.627,3.379,0.0881,2.24,0.1487,3.779,0.121,0.134,desalinhado_2,500.0
158031,2026-06-05 12:41:45.331991+00:00,0.0472,1.2,77.85,25.47,0.0756,1.92,0.424,0.517,61.0,61.0,0.068,0.097,2.305,2.516,3.426,3.827,0.0668,1.697,0.1069,2.716,0.123,0.135,desalinhado_2,500.0
158040,2026-06-05 12:42:03.335156+00:00,0.0606,1.539,77.9,25.5,0.0969,2.461,0.487,0.512,61.0,61.0,0.069,0.112,2.358,2.612,3.908,3.718,0.0857,2.177,0.137,3.48,0.124,0.137,desalinhado_2,500.0
158078,2026-06-05 12:43:19.339778+00:00,0.0557,1.415,77.81,25.45,0.1076,2.734,0.442,0.533,61.0,58.5,0.072,0.123,2.344,2.418,3.576,3.926,0.0788,2.002,0.1522,3.866,0.123,0.135,desalinhado_2,500.0
158097,2026-06-05 12:43:57.342068+00:00,0.0508,1.29,77.85,25.47,0.0968,2.461,0.385,0.544,61.0,58.5,0.071,0.11,2.326,2.65,3.135,3.949,0.0718,1.825,0.137,3.48,0.123,0.137,desalinhado_2,500.0
158131,2026-06-05 12:45:05.345730+00:00,0.0517,1.314,77.71,25.39,0.0695,1.767,0.496,0.521,61.0,61.0,0.067,0.093,2.436,2.804,3.981,3.802,0.0731,1.859,0.0983,2.499,0.124,0.137,desalinhado_2,500.0
158190,2026-06-05 12:47:03.352473+00:00,0.0578,1.468,78.75,25.97,0.1036,2.632,0.481,0.628,58.5,58.5,0.075,0.117,2.425,2.695,3.898,4.546,0.0817,2.077,0.1465,3.722,0.123,0.138,desalinhado_2,500.0
158273,2026-06-05 12:49:49.362277+00:00,0.0554,1.408,78.37,25.76,0.1114,2.831,0.385,0.417,58.5,58.5,0.071,0.124,2.263,2.367,3.094,3.09,0.0784,1.991,0.1576,4.004,0.124,0.134,desalinhado_2,500.0
158280,2026-06-05 12:50:03.363043+00:00,0.0547,1.39,77.76,25.42,0.0978,2.486,0.489,0.512,61.0,58.5,0.074,0.114,2.42,2.591,3.895,3.753,0.0774,1.966,0.1384,3.516,0.125,0.136,desalinhado_2,500.0
158293,2026-06-05 12:50:29.364555+00:00,0.0514,1.307,78.71,25.95,0.0682,1.734,0.359,0.565,61.0,61.0,0.065,0.088,2.183,2.611,2.887,4.147,0.0727,1.848,0.0965,2.452,0.124,0.136,desalinhado_2,500.0
158303,2026-06-05 12:50:49.365943+00:00,0.0498,1.266,78.47,25.81,0.0891,2.263,0.448,0.489,61.0,56.1,0.066,0.102,2.368,2.599,3.567,3.613,0.0705,1.791,0.126,3.201,0.125,0.135,desalinhado_2,500.0
158351,2026-06-05 12:52:25.371889+00:00,0.0572,1.454,77.66,25.37,0.0932,2.368,0.416,0.501,61.0,58.5,0.069,0.106,2.415,2.536,3.366,3.749,0.0809,2.056,0.1318,3.349,0.123,0.133,desalinhado_2,500.0
158382,2026-06-05 12:53:27.374703+00:00,0.0493,1.253,77.62,25.34,0.0928,2.358,0.454,0.556,58.5,58.5,0.073,0.115,2.363,2.522,3.698,4.154,0.0697,1.772,0.1313,3.335,0.123,0.133,desalinhado_2,500.0
158392,2026-06-05 12:53:47.375726+00:00,0.0555,1.409,77.66,25.37,0.0966,2.454,0.497,0.539,61.0,58.5,0.071,0.111,2.435,2.673,3.961,3.906,0.0784,1.993,0.1366,3.47,0.125,0.138,desalinhado_2,500.0
158409,2026-06-05 12:54:21.377385+00:00,0.0569,1.445,77.81,25.45,0.0978,2.485,0.42,0.52,61.0,58.5,0.079,0.114,2.389,2.648,3.359,3.721,0.0805,2.044,0.1383,3.514,0.125,0.139,desalinhado_2,500.0
158429,2026-06-05 12:55:01.379235+00:00,0.0626,1.591,77.71,25.39,0.0735,1.867,0.435,0.618,61.0,61.0,0.069,0.094,2.452,2.681,3.46,4.517,0.0885,2.25,0.1039,2.641,0.125,0.136,desalinhado_2,500.0
158442,2026-06-05 12:55:27.380466+00:00,0.0537,1.365,77.62,25.34,0.1011,2.569,0.558,0.577,58.5,58.5,0.072,0.117,2.52,2.684,4.442,4.247,0.076,1.931,0.143,3.633,0.125,0.136,desalinhado_2,500.0
158448,2026-06-05 12:55:39.381082+00:00,0.057,1.449,77.62,25.34,0.106,2.694,0.478,0.612,58.5,58.5,0.074,0.125,2.566,2.823,3.864,4.506,0.0806,2.049,0.15,3.81,0.123,0.135,desalinhado_2,500.0
158578,2026-06-05 13:00:47.947475+00:00,0.0712,1.81,77.19,25.11,0.0983,2.497,0.546,0.527,17.0,61.0,0.086,0.115,2.478,2.67,4.288,3.685,0.1008,2.56,0.139,3.531,0.127,0.143,desalinhado_2,1000.0
158632,2026-06-05 13:02:35.953956+00:00,0.0718,1.824,77.15,25.08,0.0847,2.153,0.534,0.491,17.0,61.0,0.08,0.103,2.436,2.607,4.168,3.348,0.1016,2.58,0.1198,3.045,0.128,0.146,desalinhado_2,1000.0
158648,2026-06-05 13:03:07.955904+00:00,0.0808,2.053,75.92,24.4,0.0811,2.06,0.535,0.595,17.0,61.0,0.079,0.1,2.525,2.742,4.141,4.038,0.1143,2.903,0.1147,2.913,0.129,0.147,desalinhado_2,1000.0
158651,2026-06-05 13:03:13.956156+00:00,0.0701,1.781,77.48,25.26,0.0858,2.181,0.465,0.494,61.0,61.0,0.086,0.108,2.461,2.687,3.627,3.405,0.0992,2.519,0.1214,3.084,0.128,0.145,desalinhado_2,1000.0
158671,2026-06-05 13:03:53.958341+00:00,0.0651,1.654,75.88,24.37,0.0848,2.154,0.47,0.536,61.0,61.0,0.083,0.108,2.421,2.614,3.684,3.676,0.0921,2.34,0.1199,3.046,0.127,0.145,desalinhado_2,1000.0
158686,2026-06-05 13:04:23.960176+00:00,0.0679,1.724,76.58,24.77,0.0775,1.969,0.484,0.601,17.0,61.0,0.083,0.107,2.511,2.819,3.803,4.124,0.096,2.439,0.1096,2.785,0.127,0.145,desalinhado_2,1000.0
158717,2026-06-05 13:05:25.963739+00:00,0.069,1.753,75.59,24.22,0.091,2.312,0.575,0.527,17.0,61.0,0.079,0.106,2.405,2.675,4.587,3.699,0.0976,2.48,0.1287,3.269,0.125,0.142,desalinhado_2,1000.0
158863,2026-06-05 13:10:17.978955+00:00,0.0629,1.599,76.25,24.58,0.081,2.057,0.535,0.592,61.0,61.0,0.081,0.109,2.49,2.642,4.127,4.123,0.089,2.261,0.1145,2.91,0.129,0.143,desalinhado_2,1000.0
158871,2026-06-05 13:10:33.978115+00:00,0.0789,2.005,75.36,24.09,0.0905,2.3,0.451,0.51,17.0,61.0,0.087,0.111,2.401,2.672,3.461,3.439,0.1116,2.836,0.1281,3.253,0.13,0.148,desalinhado_2,1000.0
158907,2026-06-05 13:11:45.984173+00:00,0.0909,2.309,75.92,24.4,0.0902,2.292,0.559,0.543,17.0,61.0,0.076,0.1,2.528,2.725,4.259,3.753,0.1286,3.266,0.1276,3.242,0.131,0.144,desalinhado_2,1000.0
158925,2026-06-05 13:12:21.986212+00:00,0.0688,1.747,75.36,24.09,0.0752,1.911,0.49,0.585,17.0,61.0,0.081,0.1,2.457,2.683,3.769,4.027,0.0973,2.471,0.1064,2.702,0.13,0.145,desalinhado_2,1000.0
158958,2026-06-05 13:13:27.990001+00:00,0.0736,1.87,75.31,24.06,0.1119,2.844,0.435,0.546,17.0,14.6,0.082,0.116,2.365,2.738,3.375,3.76,0.1041,2.645,0.1583,4.022,0.129,0.145,desalinhado_2,1000.0
159013,2026-06-05 13:15:17.996560+00:00,0.0678,1.722,77.05,25.03,0.1021,2.593,0.425,0.514,17.0,61.0,0.084,0.112,2.353,2.665,3.275,3.431,0.0959,2.435,0.1444,3.668,0.129,0.149,desalinhado_2,1000.0
159031,2026-06-05 13:15:53.998312+00:00,0.0637,1.62,76.2,24.56,0.0763,1.938,0.548,0.552,61.0,61.0,0.077,0.101,2.539,2.665,4.191,3.741,0.0902,2.291,0.1079,2.741,0.13,0.147,desalinhado_2,1000.0
159040,2026-06-05 13:16:11.998120+00:00,0.0742,1.885,75.36,24.09,0.0867,2.202,0.455,0.51,17.0,61.0,0.074,0.107,2.457,2.594,3.548,3.525,0.1049,2.665,0.1226,3.114,0.128,0.144,desalinhado_2,1000.0
159085,2026-06-05 13:17:42.004365+00:00,0.0684,1.739,75.83,24.35,0.0765,1.943,0.484,0.71,17.0,61.0,0.079,0.099,2.48,2.814,3.708,4.751,0.0968,2.46,0.1082,2.749,0.13,0.149,desalinhado_2,1000.0
159133,2026-06-05 13:19:18.007381+00:00,0.0742,1.885,76.91,24.95,0.0801,2.034,0.45,0.607,17.0,61.0,0.084,0.112,2.418,2.659,3.494,4.128,0.1049,2.666,0.1132,2.877,0.128,0.147,desalinhado_2,1000.0
159142,2026-06-05 13:19:36.010479+00:00,0.0739,1.878,75.36,24.09,0.0877,2.228,0.445,0.483,17.0,58.5,0.089,0.106,2.484,2.564,3.405,3.329,0.1045,2.655,0.124,3.151,0.13,0.145,desalinhado_2,1000.0
159160,2026-06-05 13:20:12.012210+00:00,0.0711,1.806,77.05,25.03,0.0979,2.486,0.431,0.596,17.0,61.0,0.081,0.109,2.337,2.75,3.331,4.045,0.1006,2.555,0.1384,3.517,0.129,0.147,desalinhado_2,1000.0
159179,2026-06-05 13:20:50.012433+00:00,0.0679,1.726,76.58,24.77,0.0788,2.002,0.454,0.641,61.0,61.0,0.08,0.104,2.446,2.735,3.534,4.364,0.0961,2.441,0.1115,2.832,0.128,0.147,desalinhado_2,1000.0
159191,2026-06-05 13:21:14.015835+00:00,0.0633,1.608,76.58,24.77,0.0836,2.125,0.52,0.55,17.0,61.0,0.082,0.108,2.442,2.704,3.985,3.746,0.0895,2.274,0.1183,3.006,0.13,0.147,desalinhado_2,1000.0
159197,2026-06-05 13:21:26.016664+00:00,0.0706,1.793,75.5,24.16,0.0899,2.283,0.455,0.501,17.0,61.0,0.081,0.109,2.364,2.481,3.571,3.417,0.0998,2.536,0.1271,3.229,0.127,0.146,desalinhado_2,1000.0
159269,2026-06-05 13:23:50.025166+00:00,0.0871,2.213,75.69,24.27,0.0963,2.446,0.512,0.512,17.0,61.0,0.093,0.111,2.48,2.509,3.953,3.507,0.1232,3.13,0.1362,3.459,0.129,0.146,desalinhado_2,1000.0
159320,2026-06-05 13:25:32.031253+00:00,0.0812,2.062,75.36,24.09,0.0829,2.107,0.426,0.625,17.0,61.0,0.086,0.108,2.42,2.71,3.269,4.247,0.1148,2.917,0.1173,2.979,0.13,0.147,desalinhado_2,1000.0
159335,2026-06-05 13:26:02.033048+00:00,0.0659,1.674,75.5,24.16,0.0878,2.231,0.606,0.528,17.0,61.0,0.082,0.105,2.613,2.798,4.671,3.585,0.0932,2.368,0.1242,3.155,0.129,0.147,desalinhado_2,1000.0
159390,2026-06-05 13:27:52.038886+00:00,0.0817,2.076,76.3,24.61,0.1001,2.545,0.423,0.56,17.0,61.0,0.086,0.116,2.468,2.626,3.277,3.81,0.1156,2.936,0.1417,3.599,0.129,0.147,desalinhado_2,1000.0
159394,2026-06-05 13:28:00.039382+00:00,0.0673,1.709,75.27,24.03,0.0911,2.314,0.484,0.569,61.0,58.5,0.089,0.108,2.528,2.783,3.778,3.829,0.0952,2.418,0.1288,3.273,0.128,0.148,desalinhado_2,1000.0
159406,2026-06-05 13:28:24.027651+00:00,0.0698,1.775,75.36,24.09,0.0797,2.026,0.486,0.607,17.0,61.0,0.077,0.104,2.49,2.71,3.78,4.138,0.0988,2.51,0.1128,2.865,0.128,0.146,desalinhado_2,1000.0
159426,2026-06-05 13:29:04.043072+00:00,0.0693,1.762,75.74,24.3,0.0826,2.1,0.512,0.632,17.0,61.0,0.086,0.108,2.49,2.737,3.951,4.223,0.0981,2.491,0.1169,2.97,0.129,0.149,desalinhado_2,1000.0
159435,2026-06-05 13:29:22.044146+00:00,0.0669,1.699,75.5,24.16,0.0789,2.006,0.451,0.616,61.0,61.0,0.081,0.105,2.436,2.931,3.458,4.087,0.0946,2.403,0.1116,2.837,0.13,0.15,desalinhado_2,1000.0
159501,2026-06-05 13:31:34.054226+00:00,0.0731,1.857,76.06,24.48,0.0954,2.424,0.475,0.565,17.0,58.5,0.086,0.11,2.418,2.66,3.7,3.858,0.1034,2.626,0.1349,3.428,0.128,0.146,desalinhado_2,1000.0
159633,2026-06-05 13:37:45.245379+00:00,0.069,1.754,75.45,24.14,0.1014,2.575,0.659,0.766,58.5,61.0,0.115,0.133,2.725,2.811,4.116,3.177,0.0976,2.48,0.1434,3.642,0.16,0.241,desalinhado_2,2000.0
159701,2026-06-05 13:40:01.253999+00:00,0.075,1.907,73.54,23.07,0.1072,2.725,0.58,1.014,61.0,61.0,0.135,0.158,2.604,2.978,3.725,4.099,0.1061,2.697,0.1517,3.854,0.155,0.247,desalinhado_2,2000.0
159702,2026-06-05 13:40:03.254136+00:00,0.0661,1.679,73.72,23.18,0.0998,2.536,0.542,0.943,61.0,61.0,0.118,0.14,2.733,2.887,3.421,3.732,0.0935,2.375,0.1412,3.586,0.158,0.252,desalinhado_2,2000.0
159709,2026-06-05 13:40:17.254815+00:00,0.063,1.601,74.61,23.67,0.0871,2.212,0.608,0.922,61.0,58.5,0.112,0.131,2.761,2.896,3.868,3.657,0.0891,2.264,0.1231,3.128,0.157,0.252,desalinhado_2,2000.0
159754,2026-06-05 13:41:47.260630+00:00,0.0713,1.812,73.72,23.18,0.1031,2.62,0.572,0.977,61.0,61.0,0.136,0.159,2.648,3.022,3.638,3.861,0.1009,2.563,0.1459,3.706,0.157,0.253,desalinhado_2,2000.0
159772,2026-06-05 13:42:23.262760+00:00,0.0767,1.948,73.68,23.15,0.1252,3.182,0.556,0.894,61.0,61.0,0.138,0.173,2.684,2.774,3.576,3.586,0.1085,2.756,0.1771,4.5,0.155,0.249,desalinhado_2,2000.0
159774,2026-06-05 13:42:27.262890+00:00,0.0785,1.995,74.99,23.88,0.1095,2.783,0.69,0.889,58.5,58.5,0.141,0.169,2.725,2.78,4.331,3.6,0.111,2.821,0.1549,3.936,0.159,0.247,desalinhado_2,2000.0
159781,2026-06-05 13:42:41.263168+00:00,0.0713,1.812,73.86,23.25,0.1157,2.94,0.566,0.877,61.0,61.0,0.113,0.135,2.68,2.963,3.53,3.521,0.1009,2.563,0.1637,4.158,0.16,0.249,desalinhado_2,2000.0
159854,2026-06-05 13:45:07.271267+00:00,0.0816,2.074,74.14,23.41,0.1006,2.555,0.564,1.067,9.7,58.5,0.13,0.144,2.597,3.056,3.592,4.27,0.1154,2.933,0.1422,3.614,0.157,0.249,desalinhado_2,2000.0
159859,2026-06-05 13:45:17.273421+00:00,0.074,1.88,73.91,23.28,0.1025,2.604,0.599,0.899,61.0,61.0,0.146,0.18,2.669,2.839,3.768,3.525,0.1047,2.659,0.1449,3.682,0.159,0.255,desalinhado_2,2000.0
159880,2026-06-05 13:45:59.275701+00:00,0.0803,2.04,74.61,23.67,0.1156,2.937,0.603,1.18,61.0,61.0,0.137,0.157,2.797,3.104,3.793,4.694,0.1135,2.885,0.1635,4.154,0.159,0.251,desalinhado_2,2000.0
159883,2026-06-05 13:46:05.276354+00:00,0.0708,1.798,73.86,23.25,0.1026,2.606,0.649,0.823,61.0,61.0,0.122,0.143,2.844,2.732,4.049,3.244,0.1001,2.544,0.1451,3.686,0.16,0.253,desalinhado_2,2000.0
159885,2026-06-05 13:46:09.275865+00:00,0.0697,1.772,73.86,23.25,0.0929,2.36,0.558,0.846,61.0,61.0,0.124,0.131,2.766,2.748,3.534,3.372,0.0986,2.506,0.1314,3.338,0.158,0.25,desalinhado_2,2000.0
159890,2026-06-05 13:46:19.277238+00:00,0.066,1.677,74.0,23.33,0.1012,2.57,0.58,1.087,61.0,61.0,0.117,0.143,2.669,2.853,3.628,4.383,0.0934,2.372,0.1431,3.635,0.159,0.248,desalinhado_2,2000.0
159932,2026-06-05 13:47:43.282147+00:00,0.067,1.702,74.05,23.36,0.1065,2.706,0.645,0.859,61.0,61.0,0.124,0.137,2.858,2.834,3.998,3.31,0.0947,2.407,0.1507,3.827,0.161,0.259,desalinhado_2,2000.0
159943,2026-06-05 13:48:05.283518+00:00,0.0719,1.827,73.77,23.2,0.1091,2.771,0.542,1.05,61.0,61.0,0.133,0.16,2.733,2.855,3.418,4.087,0.1017,2.584,0.1542,3.919,0.158,0.256,desalinhado_2,2000.0
159945,2026-06-05 13:48:09.283855+00:00,0.0679,1.727,75.22,24.01,0.1016,2.582,0.543,1.141,61.0,58.5,0.123,0.149,2.825,2.992,3.48,4.566,0.0961,2.442,0.1437,3.652,0.156,0.25,desalinhado_2,2000.0
160010,2026-06-05 13:50:19.291537+00:00,0.0685,1.741,73.86,23.25,0.1138,2.89,0.539,1.01,61.0,58.5,0.122,0.138,2.633,3.061,3.404,3.991,0.0969,2.462,0.1609,4.088,0.158,0.253,desalinhado_2,2000.0
160036,2026-06-05 13:51:11.294434+00:00,0.0637,1.62,73.91,23.28,0.1045,2.655,0.582,0.899,61.0,61.0,0.113,0.149,2.837,2.978,3.684,3.624,0.0901,2.291,0.1478,3.755,0.158,0.248,desalinhado_2,2000.0
160060,2026-06-05 13:51:59.297484+00:00,0.0689,1.75,74.56,23.64,0.0943,2.395,0.608,0.969,61.0,58.5,0.128,0.153,2.8,3.005,3.886,3.928,0.0974,2.475,0.1334,3.388,0.156,0.246,desalinhado_2,2000.0
160116,2026-06-05 13:53:51.304202+00:00,0.0694,1.763,74.1,23.38,0.1126,2.861,0.754,0.867,61.0,61.0,0.124,0.144,2.793,2.813,4.811,3.465,0.0981,2.493,0.1592,4.046,0.156,0.25,desalinhado_2,2000.0
160177,2026-06-05 13:55:53.311323+00:00,0.0708,1.799,73.96,23.31,0.0988,2.51,0.477,0.862,61.0,61.0,0.122,0.152,2.653,2.834,3.037,3.391,0.1001,2.544,0.1397,3.55,0.157,0.254,desalinhado_2,2000.0
160186,2026-06-05 13:56:11.312549+00:00,0.0669,1.699,73.96,23.31,0.1183,3.005,0.552,0.857,61.0,58.5,0.114,0.146,2.716,2.745,3.559,3.365,0.0946,2.403,0.1673,4.25,0.155,0.254,desalinhado_2,2000.0
160197,2026-06-05 13:56:33.313854+00:00,0.0681,1.73,74.05,23.36,0.1143,2.904,0.609,1.023,58.5,58.5,0.123,0.158,2.811,2.904,3.861,4.077,0.0963,2.447,0.1617,4.107,0.157,0.25,desalinhado_2,2000.0
160425,2026-06-05 14:04:09.341022+00:00,0.0768,1.951,74.05,23.36,0.113,2.872,0.618,0.87,61.0,41.5,0.134,0.155,2.81,2.836,3.853,3.326,0.1086,2.759,0.1599,4.061,0.16,0.261,desalinhado_2,2000.0
160553,2026-06-05 14:10:49.324095+00:00,0.0745,1.893,74.14,23.41,0.0963,2.448,0.612,0.921,61.0,61.0,0.128,0.146,2.727,2.908,3.857,3.65,0.1054,2.677,0.1363,3.462,0.158,0.252,desalinhado,2000.0
160578,2026-06-05 14:11:39.327289+00:00,0.0641,1.629,74.1,23.38,0.1136,2.886,0.573,0.947,61.0,61.0,0.121,0.154,2.713,2.887,3.62,3.67,0.0907,2.304,0.1607,4.082,0.158,0.258,desalinhado,2000.0
160609,2026-06-05 14:12:41.331353+00:00,0.0689,1.751,74.47,23.59,0.0947,2.407,0.507,0.883,61.0,61.0,0.124,0.133,2.638,2.879,3.192,3.546,0.0975,2.477,0.134,3.404,0.158,0.249,desalinhado,2000.0
160674,2026-06-05 14:14:51.344758+00:00,0.0652,1.656,74.24,23.46,0.1052,2.674,0.696,0.851,61.0,61.0,0.121,0.145,2.814,2.83,4.307,3.314,0.0922,2.342,0.1488,3.781,0.161,0.256,desalinhado,2000.0
160679,2026-06-05 14:15:01.340528+00:00,0.072,1.83,74.33,23.51,0.1024,2.602,0.519,1.072,61.0,58.5,0.132,0.159,2.755,2.983,3.272,4.246,0.1019,2.588,0.1449,3.68,0.158,0.252,desalinhado,2000.0
160755,2026-06-05 14:17:33.350516+00:00,0.0709,1.802,74.38,23.54,0.1035,2.631,0.512,1.125,61.0,61.0,0.139,0.148,2.643,2.916,3.226,4.432,0.1003,2.548,0.1465,3.721,0.158,0.254,desalinhado,2000.0
160769,2026-06-05 14:18:01.352315+00:00,0.0711,1.806,74.28,23.49,0.0982,2.496,0.534,0.892,61.0,61.0,0.125,0.145,2.684,2.837,3.411,3.46,0.1005,2.555,0.1389,3.529,0.156,0.258,desalinhado,2000.0
160771,2026-06-05 14:18:05.352582+00:00,0.0721,1.831,74.28,23.49,0.1194,3.034,0.52,1.01,58.5,41.5,0.133,0.165,2.731,2.981,3.264,4.059,0.1019,2.589,0.1689,4.291,0.159,0.248,desalinhado,2000.0
160779,2026-06-05 14:18:21.353722+00:00,0.0626,1.591,74.28,23.49,0.0885,2.249,0.603,1.13,58.5,61.0,0.12,0.132,2.834,3.072,3.808,4.435,0.0885,2.25,0.1252,3.181,0.158,0.254,desalinhado,2000.0
160780,2026-06-05 14:18:23.353999+00:00,0.0685,1.74,74.28,23.49,0.1067,2.711,0.574,0.909,61.0,41.5,0.119,0.139,2.833,2.893,3.587,3.615,0.0969,2.462,0.1509,3.833,0.16,0.251,desalinhado,2000.0
160832,2026-06-05 14:20:07.360332+00:00,0.0746,1.896,74.75,23.75,0.121,3.075,0.512,0.989,58.5,61.0,0.133,0.169,2.648,2.896,3.274,3.825,0.1055,2.682,0.1712,4.349,0.156,0.258,desalinhado,2000.0
160849,2026-06-05 14:20:41.366779+00:00,0.0778,1.978,74.38,23.54,0.1041,2.644,0.613,0.901,58.5,61.0,0.128,0.157,2.778,2.906,3.845,3.493,0.1101,2.798,0.1472,3.739,0.159,0.257,desalinhado,2000.0
160852,2026-06-05 14:20:47.368141+00:00,0.0692,1.759,74.28,23.49,0.1041,2.645,0.599,1.017,58.5,61.0,0.111,0.14,2.646,2.85,3.84,4.034,0.0979,2.488,0.1472,3.741,0.155,0.252,desalinhado,2000.0
160862,2026-06-05 14:21:07.364269+00:00,0.0729,1.851,75.64,24.24,0.1087,2.761,0.602,0.875,9.7,58.5,0.115,0.136,2.866,2.92,3.776,3.548,0.1031,2.619,0.1537,3.905,0.159,0.246,desalinhado,2000.0
160910,2026-06-05 14:22:43.370313+00:00,0.0743,1.888,74.24,23.46,0.1171,2.976,0.601,0.878,61.0,58.5,0.128,0.155,2.712,2.952,3.781,3.491,0.1051,2.67,0.1657,4.209,0.159,0.251,desalinhado,2000.0
160940,2026-06-05 14:23:43.374218+00:00,0.0628,1.596,74.38,23.54,0.0882,2.241,0.542,0.905,61.0,61.0,0.113,0.126,2.652,2.874,3.498,3.56,0.0888,2.257,0.1248,3.17,0.155,0.254,desalinhado,2000.0
160945,2026-06-05 14:23:53.374674+00:00,0.0716,1.82,75.74,24.3,0.1163,2.955,0.537,0.95,61.0,41.5,0.127,0.156,2.664,2.95,3.444,3.709,0.1013,2.573,0.1645,4.179,0.155,0.256,desalinhado,2000.0
161013,2026-06-05 14:26:09.383223+00:00,0.0635,1.615,74.33,23.51,0.1029,2.615,0.586,0.966,61.0,61.0,0.112,0.133,2.77,2.834,3.698,3.769,0.0899,2.284,0.1456,3.699,0.158,0.256,desalinhado,2000.0
161022,2026-06-05 14:26:27.384410+00:00,0.0754,1.915,74.38,23.54,0.0997,2.532,0.507,0.839,61.0,61.0,0.128,0.15,2.605,2.846,3.16,3.26,0.1066,2.708,0.141,3.581,0.16,0.257,desalinhado,2000.0
161070,2026-06-05 14:28:03.391565+00:00,0.0759,1.928,74.38,23.54,0.1124,2.856,0.504,0.912,61.0,58.5,0.118,0.15,2.583,2.863,3.261,3.613,0.1073,2.727,0.159,4.04,0.154,0.252,desalinhado,2000.0
161080,2026-06-05 14:28:23.392510+00:00,0.0705,1.79,74.42,23.57,0.0917,2.331,0.555,0.994,61.0,61.0,0.128,0.14,2.675,2.907,3.498,3.88,0.0997,2.532,0.1298,3.297,0.158,0.256,desalinhado,2000.0
161082,2026-06-05 14:28:27.393723+00:00,0.0595,1.511,74.61,23.67,0.1049,2.665,0.572,0.826,61.0,41.5,0.116,0.137,2.667,2.727,3.575,3.24,0.0841,2.137,0.1483,3.769,0.159,0.254,desalinhado,2000.0
161121,2026-06-05 14:29:45.396858+00:00,0.0751,1.908,75.83,24.35,0.1192,3.029,0.601,0.896,58.5,58.5,0.128,0.149,2.754,2.82,3.784,3.518,0.1062,2.698,0.1686,4.284,0.158,0.254,desalinhado,2000.0
161127,2026-06-05 14:29:57.397660+00:00,0.0741,1.882,74.47,23.59,0.111,2.821,0.568,0.932,61.0,58.5,0.131,0.158,2.76,2.839,3.616,3.639,0.1048,2.662,0.157,3.989,0.157,0.256,desalinhado,2000.0
161187,2026-06-05 14:31:57.405079+00:00,0.0674,1.713,74.38,23.54,0.1138,2.891,0.526,1.081,61.0,41.5,0.125,0.156,2.674,3.0,3.268,4.208,0.0954,2.423,0.161,4.089,0.16,0.256,desalinhado,2000.0
161280,2026-06-05 14:35:03.417465+00:00,0.071,1.804,76.06,24.48,0.1032,2.623,0.608,1.051,58.5,61.0,0.131,0.149,2.757,3.011,3.87,4.16,0.1004,2.552,0.146,3.709,0.157,0.252,desalinhado,2000.0
161313,2026-06-05 14:36:09.420282+00:00,0.0701,1.781,75.27,24.03,0.1052,2.673,0.591,0.83,58.5,61.0,0.127,0.148,2.744,2.808,3.638,3.23,0.0991,2.519,0.1488,3.781,0.162,0.256,desalinhado,2000.0
161367,2026-06-05 14:37:57.426784+00:00,0.0739,1.877,75.74,24.3,0.1087,2.762,0.547,1.014,61.0,41.5,0.114,0.131,2.708,3.126,3.436,3.961,0.1045,2.655,0.1538,3.907,0.159,0.256,desalinhado,2000.0
161389,2026-06-05 14:38:41.429567+00:00,0.0687,1.746,74.38,23.54,0.0944,2.398,0.513,0.94,61.0,61.0,0.121,0.137,2.788,3.005,3.162,3.575,0.0972,2.469,0.1335,3.392,0.162,0.262,desalinhado,2000.0
161396,2026-06-05 14:38:55.430349+00:00,0.0709,1.801,74.47,23.59,0.0964,2.45,0.549,0.847,61.0,58.5,0.129,0.14,2.758,2.742,3.538,3.402,0.1003,2.547,0.1364,3.466,0.155,0.249,desalinhado,2000.0
161418,2026-06-05 14:39:39.433227+00:00,0.0655,1.664,74.42,23.57,0.1179,2.996,0.539,0.911,61.0,61.0,0.122,0.148,2.681,2.809,3.397,3.552,0.0926,2.354,0.1668,4.236,0.158,0.256,desalinhado,2000.0
161449,2026-06-05 14:40:41.436718+00:00,0.0716,1.819,75.36,24.09,0.1167,2.965,0.565,1.006,58.5,41.5,0.125,0.15,2.717,2.956,3.568,4.032,0.1013,2.573,0.1651,4.194,0.158,0.249,desalinhado,2000.0
161456,2026-06-05 14:40:55.438836+00:00,0.0641,1.629,75.03,23.9,0.1073,2.726,0.538,0.771,58.5,41.5,0.117,0.132,2.701,2.805,3.438,3.139,0.0907,2.304,0.1518,3.856,0.156,0.245,desalinhado,2000.0
161467,2026-06-05 14:41:17.440260+00:00,0.0735,1.868,74.33,23.51,0.1042,2.647,0.572,1.037,61.0,58.5,0.131,0.153,2.826,2.898,3.547,4.041,0.104,2.643,0.1473,3.743,0.161,0.256,desalinhado,2000.0
161483,2026-06-05 14:41:49.441073+00:00,0.0771,1.958,74.47,23.59,0.1239,3.147,0.497,0.855,61.0,41.5,0.126,0.152,2.739,2.763,3.273,3.383,0.109,2.77,0.1752,4.451,0.152,0.252,desalinhado,2000.0
161549,2026-06-05 14:46:09.922618+00:00,0.0715,1.816,74.75,23.75,0.0901,2.288,0.583,0.907,61.0,61.0,0.117,0.127,2.752,2.914,3.688,3.511,0.1011,2.569,0.1274,3.236,0.158,0.258,desalinhado_3,2000.0
161604,2026-06-05 14:48:31.198379+00:00,0.0795,2.019,76.77,24.87,0.0808,2.053,0.463,0.524,17.0,58.5,0.083,0.103,2.538,2.59,3.541,3.54,0.1124,2.856,0.1143,2.903,0.13,0.147,desalinhado_3,1000.0
161607,2026-06-05 14:48:37.198800+00:00,0.0764,1.942,75.27,24.03,0.0819,2.082,0.49,0.518,17.0,61.0,0.085,0.106,2.475,2.707,3.77,3.45,0.1081,2.746,0.1159,2.945,0.13,0.15,desalinhado_3,1000.0
161609,2026-06-05 14:48:41.199119+00:00,0.0722,1.834,76.06,24.48,0.0814,2.068,0.59,0.533,17.0,61.0,0.078,0.106,2.501,2.646,4.55,3.646,0.1021,2.594,0.1151,2.925,0.129,0.146,desalinhado_3,1000.0
161651,2026-06-05 14:50:36.036828+00:00,0.055,1.398,77.62,25.34,0.1081,2.746,0.478,0.499,61.0,53.7,0.07,0.118,2.364,2.388,3.828,3.69,0.0778,1.977,0.1529,3.884,0.124,0.135,desalinhado_3,500.0
161727,2026-06-05 14:55:53.389854+00:00,0.0473,1.202,80.37,26.87,0.0956,2.429,0.461,0.47,61.0,53.7,0.067,0.114,2.455,2.561,3.765,3.585,0.0669,1.7,0.1352,3.436,0.122,0.131,normal_3,500.0
161728,2026-06-05 14:55:55.389880+00:00,0.0473,1.202,80.99,27.21,0.0956,2.429,0.461,0.47,61.0,53.7,0.067,0.114,2.455,2.561,3.765,3.585,0.0669,1.7,0.1352,3.436,0.122,0.131,normal_3,500.0
161736,2026-06-05 15:04:15.050034+00:00,0.0569,1.446,81.95,27.75,0.0989,2.512,0.473,0.608,61.0,53.7,0.072,0.115,2.471,2.538,3.92,4.61,0.0805,2.045,0.1399,3.553,0.12,0.131,normal_3,500.0
161753,2026-06-05 15:04:49.051738+00:00,0.0525,1.334,80.89,27.16,0.0976,2.479,0.466,0.516,61.0,53.7,0.072,0.113,2.316,2.485,3.899,3.948,0.0742,1.887,0.138,3.506,0.119,0.13,normal_3,500.0
161766,2026-06-05 15:05:15.053564+00:00,0.0567,1.442,80.85,27.13,0.1033,2.624,0.511,0.505,61.0,53.7,0.07,0.117,2.428,2.486,4.191,3.871,0.0803,2.04,0.1461,3.712,0.122,0.13,normal_3,500.0
161827,2026-06-05 15:09:51.769981+00:00,0.0748,1.9,81.66,27.59,0.1106,2.809,0.447,0.479,9.7,53.7,0.072,0.116,2.432,2.503,3.691,3.642,0.1058,2.688,0.1564,3.973,0.121,0.131,desbalanceado_3,500.0
161828,2026-06-05 15:09:53.770039+00:00,0.0748,1.9,80.13,26.74,0.1106,2.809,0.447,0.479,9.7,53.7,0.072,0.116,2.432,2.503,3.691,3.642,0.1058,2.688,0.1564,3.973,0.121,0.131,desbalanceado_3,500.0
161836,2026-06-05 15:10:40.012273+00:00,0.1031,2.619,81.18,27.32,0.0859,2.183,0.458,0.479,17.0,61.0,0.087,0.103,2.497,2.557,3.703,3.438,0.1458,3.704,0.1215,3.088,0.123,0.139,desbalanceado_3,1000.0
161853,2026-06-05 15:11:14.009514+00:00,0.0936,2.379,80.56,26.98,0.0851,2.163,0.544,0.604,17.0,61.0,0.085,0.104,2.615,2.794,4.34,4.303,0.1324,3.365,0.1204,3.059,0.125,0.14,desbalanceado_3,1000.0
161866,2026-06-05 15:11:40.015966+00:00,0.0999,2.537,78.89,26.05,0.0825,2.095,0.53,0.503,17.0,61.0,0.089,0.106,2.504,2.766,4.237,3.552,0.1413,3.589,0.1166,2.963,0.125,0.141,desbalanceado_3,1000.0
161896,2026-06-05 15:13:23.830014+00:00,0.0835,2.122,77.62,25.34,0.1337,3.396,0.719,0.949,134.2,34.1,0.141,0.183,2.897,2.933,4.646,3.832,0.1181,3.002,0.1891,4.803,0.154,0.247,desabalanceado_3,2000.0
161900,2026-06-05 15:13:31.830549+00:00,0.0748,1.902,78.56,25.87,0.1395,3.544,0.552,0.857,61.0,34.1,0.135,0.182,2.722,2.82,3.593,3.456,0.1059,2.69,0.1973,5.013,0.153,0.248,desabalanceado_3,2000.0
161913,2026-06-05 15:13:57.832082+00:00,0.0801,2.036,76.96,24.97,0.1484,3.769,0.505,0.824,61.0,34.1,0.13,0.179,2.667,2.927,3.306,3.318,0.1133,2.879,0.2098,5.33,0.152,0.248,desabalanceado_3,2000.0
161922,2026-06-05 15:14:15.833161+00:00,0.0749,1.902,77.57,25.31,0.1279,3.25,0.52,0.915,58.5,34.1,0.13,0.165,2.69,2.827,3.474,3.692,0.1059,2.69,0.1809,4.596,0.149,0.247,desabalanceado_3,2000.0
161928,2026-06-05 15:14:27.832772+00:00,0.0885,2.25,76.53,24.74,0.1385,3.519,0.491,1.116,34.1,34.1,0.15,0.194,2.636,2.904,3.208,4.546,0.1252,3.182,0.1959,4.977,0.153,0.245,desabalanceado_3,2000.0
161940,2026-06-05 15:17:19.827420+00:00,0.0995,2.528,78.61,25.89,0.1753,4.453,0.573,0.806,34.1,34.1,0.129,0.177,2.746,2.889,3.79,3.296,0.1407,3.575,0.2479,6.298,0.151,0.244,ventoinha_3,2000.0
162006,2026-06-05 15:19:53.969373+00:00,0.0591,1.501,77.0,25.0,0.0792,2.013,0.477,0.512,61.0,61.0,0.088,0.106,2.479,2.613,3.817,3.614,0.0836,2.123,0.112,2.847,0.125,0.141,ventoinha_3,1000.0
162009,2026-06-05 15:19:59.969207+00:00,0.0598,1.52,76.77,24.87,0.0874,2.222,0.508,0.525,61.0,61.0,0.09,0.12,2.515,2.553,3.986,3.625,0.0846,2.15,0.1237,3.143,0.127,0.145,ventoinha_3,1000.0
162011,2026-06-05 15:20:03.972652+00:00,0.0613,1.557,76.91,24.95,0.0852,2.165,0.421,0.503,61.0,61.0,0.091,0.112,2.367,2.602,3.311,3.482,0.0867,2.202,0.1205,3.063,0.127,0.144,ventoinha_3,1000.0
162051,2026-06-05 15:21:56.629937+00:00,0.0587,1.491,78.0,25.55,0.1219,3.096,0.423,0.508,58.5,56.1,0.072,0.13,2.302,2.542,3.387,3.702,0.083,2.108,0.1724,4.378,0.124,0.137,ventoinha_3,500.0
162101,2026-06-05 15:31:08.062683+00:00,0.0518,1.317,82.81,28.23,0.1207,3.068,0.417,0.438,61.0,56.1,0.072,0.125,2.444,2.533,3.477,3.364,0.0733,1.863,0.1708,4.339,0.12,0.13,rolamento_outer_3,500.0
162156,2026-06-05 15:34:01.683754+00:00,0.0611,1.553,80.08,26.71,0.0771,1.959,0.526,0.493,61.0,61.0,0.095,0.112,2.455,2.587,4.232,3.508,0.0864,2.196,0.109,2.77,0.124,0.14,rolamento_outer_3,1000.0
162159,2026-06-05 15:34:07.684359+00:00,0.0621,1.578,80.46,26.92,0.0813,2.066,0.447,0.508,61.0,61.0,0.099,0.12,2.433,2.622,3.599,3.633,0.0878,2.231,0.115,2.922,0.124,0.14,rolamento_outer_3,1000.0
162161,2026-06-05 15:34:11.685272+00:00,0.0625,1.588,79.42,26.34,0.0853,2.167,0.428,0.639,58.5,61.0,0.096,0.115,2.446,2.813,3.376,4.493,0.0884,2.246,0.1206,3.065,0.126,0.142,rolamento_outer_3,1000.0
162201,2026-06-05 15:37:17.856949+00:00,0.0747,1.899,76.82,24.9,0.1111,2.822,0.532,0.993,61.0,61.0,0.149,0.181,2.682,2.916,3.45,4.049,0.1057,2.686,0.1571,3.991,0.154,0.245,rolamento_outer_3,2000.0
162278,2026-06-05 15:47:31.048894+00:00,0.0727,1.848,78.0,25.55,0.097,2.466,1.035,1.513,58.5,61.0,0.266,0.164,3.257,3.114,3.898,4.361,0.1029,2.614,0.1373,3.487,0.265,0.346,rolamento_combination_3,2000.0
162281,2026-06-05 15:47:37.049257+00:00,0.0703,1.788,77.71,25.39,0.1036,2.633,1.027,1.271,58.5,61.0,0.28,0.176,3.074,2.847,3.869,3.331,0.0995,2.528,0.1466,3.724,0.265,0.381,rolamento_combination_3,2000.0
162301,2026-06-05 15:48:42.275139+00:00,0.0891,2.265,77.1,25.05,0.1163,2.956,0.53,0.513,17.0,17.0,0.168,0.161,2.477,2.566,3.952,3.374,0.1261,3.203,0.1646,4.181,0.134,0.152,rolamento_combination_3,1000.0
162333,2026-06-05 15:50:06.397476+00:00,0.0573,1.457,77.0,25.0,0.1243,3.158,0.482,0.523,58.5,56.1,0.088,0.14,2.515,2.535,3.836,3.825,0.0811,2.06,0.1758,4.466,0.125,0.136,rolamento_combination_3,500.0
162351,2026-06-05 15:50:42.394174+00:00,0.0589,1.496,77.48,25.26,0.1265,3.214,0.449,0.502,58.5,56.1,0.084,0.141,2.294,2.453,3.627,3.715,0.0833,2.116,0.1789,4.545,0.124,0.135,rolamento_combination_3,500.0
162401,2026-06-05 15:52:34.673982+00:00,0.0537,1.365,78.09,25.6,0.0999,2.539,0.531,0.533,61.0,56.1,0.104,0.129,2.429,2.578,4.227,3.9,0.076,1.931,0.1413,3.59,0.125,0.136,rolamento_combination_4,500.0
162456,2026-06-05 15:54:46.662362+00:00,0.087,2.211,77.9,25.5,0.0987,2.508,0.495,0.684,17.0,61.0,0.159,0.134,2.536,2.857,3.713,4.536,0.1231,3.128,0.1396,3.546,0.133,0.15,rolamento_combination_4,1000.0
162459,2026-06-05 15:54:52.660699+00:00,0.0848,2.154,77.9,25.5,0.0848,2.154,0.482,0.609,14.6,61.0,0.145,0.139,2.492,2.86,3.603,3.916,0.1199,3.047,0.1199,3.046,0.133,0.155,rolamento_combination_4,1000.0
162461,2026-06-05 15:54:56.651117+00:00,0.093,2.362,77.81,25.45,0.0976,2.48,0.481,0.565,14.6,61.0,0.16,0.139,2.574,2.683,3.637,3.603,0.1315,3.341,0.1381,3.508,0.132,0.156,rolamento_combination_4,1000.0
162501,2026-06-05 15:56:40.272469+00:00,0.0736,1.869,77.81,25.45,0.1033,2.623,0.803,1.372,9.7,61.0,0.227,0.163,3.01,3.089,3.543,4.03,0.104,2.643,0.146,3.71,0.226,0.34,rolamento_combination_4,2000.0
162551,2026-06-05 16:02:21.333072+00:00,0.07,1.778,80.37,26.87,0.1323,3.362,0.624,0.956,58.5,58.5,0.182,0.17,2.923,2.797,3.587,3.244,0.099,2.515,0.1872,4.754,0.174,0.294,rolamento_outer_4,2000.0
162606,2026-06-05 16:04:34.341439+00:00,0.0952,2.419,78.0,25.55,0.0955,2.426,0.468,0.547,17.0,17.0,0.122,0.128,2.458,2.742,3.664,3.673,0.1347,3.421,0.135,3.431,0.127,0.149,rolamento_outer_4,1000.0
162609,2026-06-05 16:04:40.341851+00:00,0.0888,2.255,77.29,25.16,0.096,2.44,0.356,0.517,17.0,61.0,0.118,0.126,2.279,2.587,2.826,3.575,0.1255,3.19,0.1358,3.451,0.126,0.144,rolamento_outer_4,1000.0
162611,2026-06-05 16:04:44.342157+00:00,0.0954,2.423,77.52,25.29,0.0916,2.328,0.413,0.482,17.0,17.0,0.112,0.111,2.359,2.652,3.239,3.247,0.1349,3.427,0.1296,3.293,0.127,0.148,rolamento_outer_4,1000.0
162651,2026-06-05 16:06:40.252711+00:00,0.0559,1.419,77.43,25.24,0.1114,2.831,0.385,0.503,61.0,56.1,0.078,0.125,2.238,2.417,3.136,3.788,0.079,2.008,0.1576,4.003,0.123,0.132,rolamento_outer_4,500.0
162701,2026-06-05 16:13:38.949669+00:00,0.0598,1.521,83.39,28.55,0.1114,2.831,0.478,0.574,58.5,56.1,0.079,0.124,2.449,2.683,3.986,4.353,0.0847,2.151,0.1576,4.004,0.12,0.132,rolamento_inner_3,500.0
162756,2026-06-05 16:15:58.260527+00:00,0.0642,1.632,79.84,26.58,0.0784,1.993,0.494,0.537,61.0,61.0,0.099,0.115,2.591,2.69,3.965,3.851,0.0909,2.309,0.1109,2.819,0.124,0.139,rolamento_inner_3,1000.0
162759,2026-06-05 16:16:04.261039+00:00,0.0686,1.744,80.27,26.82,0.0816,2.073,0.48,0.549,58.5,61.0,0.113,0.127,2.571,2.66,3.828,3.843,0.0971,2.466,0.1154,2.932,0.125,0.142,rolamento_inner_3,1000.0
162761,2026-06-05 16:16:08.261162+00:00,0.0615,1.562,79.84,26.58,0.0809,2.056,0.441,0.565,61.0,61.0,0.111,0.121,2.462,2.879,3.55,3.982,0.087,2.21,0.1145,2.908,0.124,0.142,rolamento_inner_3,1000.0
162801,2026-06-05 16:17:56.038786+00:00,0.0732,1.859,77.66,25.37,0.1192,3.029,0.629,0.962,61.0,58.5,0.161,0.167,2.919,2.959,3.951,3.628,0.1035,2.63,0.1686,4.284,0.159,0.265,rolamento_inner_3,2000.0
162851,2026-06-05 16:20:06.833571+00:00,0.072,1.83,76.06,24.48,0.1074,2.729,0.553,0.913,58.5,58.5,0.145,0.153,2.755,2.858,3.372,3.496,0.1019,2.589,0.1519,3.86,0.163,0.261,rolamento_inner_4,2000.0
162906,2026-06-05 16:22:19.769489+00:00,0.0861,2.189,76.11,24.5,0.0972,2.471,0.444,0.598,17.0,61.0,0.117,0.135,2.479,2.78,3.432,4.057,0.1218,3.096,0.1375,3.494,0.129,0.147,rolamento_inner_4,1000.0
162909,2026-06-05 16:22:25.769001+00:00,0.0789,2.005,76.25,24.58,0.0833,2.118,0.575,0.674,17.0,61.0,0.136,0.115,2.593,2.945,4.377,4.183,0.1116,2.835,0.1179,2.995,0.131,0.161,rolamento_inner_4,1000.0
162911,2026-06-05 16:22:29.770071+00:00,0.0877,2.229,76.2,24.56,0.0796,2.023,0.433,0.649,17.0,61.0,0.124,0.121,2.473,2.769,3.281,4.308,0.1241,3.152,0.1126,2.861,0.131,0.15,rolamento_inner_4,1000.0
162951,2026-06-05 16:24:16.358537+00:00,0.0606,1.54,77.24,25.13,0.1169,2.971,0.496,0.578,61.0,53.7,0.083,0.127,2.428,2.599,3.961,4.209,0.0857,2.177,0.1654,4.202,0.125,0.137,rolamento_inner_4,500.0
163001,2026-06-05 16:30:04.159442+00:00,0.0558,1.419,81.95,27.75,0.1148,2.917,0.471,0.56,61.0,53.7,0.081,0.132,2.402,2.626,3.875,4.112,0.079,2.007,0.1624,4.125,0.121,0.136,rolamento_ball_3,500.0
163056,2026-06-05 16:32:57.430351+00:00,0.0916,2.327,80.18,26.76,0.0986,2.505,0.432,0.643,17.0,14.6,0.117,0.123,2.457,2.794,3.377,3.922,0.1296,3.291,0.1395,3.543,0.128,0.164,rolamento_ball_3,1000.0
163059,2026-06-05 16:33:03.430620+00:00,0.0902,2.293,81.18,27.32,0.0939,2.385,0.468,0.535,17.0,61.0,0.116,0.12,2.567,2.635,3.665,3.025,0.1276,3.243,0.1328,3.373,0.127,0.176,rolamento_ball_3,1000.0
163061,2026-06-05 16:33:07.430827+00:00,0.0962,2.445,79.84,26.58,0.0975,2.478,0.398,0.656,14.6,58.5,0.128,0.137,2.481,2.783,3.064,3.661,0.1361,3.458,0.1379,3.504,0.13,0.179,rolamento_ball_3,1000.0
163101,2026-06-05 16:35:20.728687+00:00,0.0699,1.776,78.04,25.58,0.1121,2.848,0.671,1.532,61.0,61.0,0.149,0.19,2.993,3.069,3.574,4.064,0.0989,2.512,0.1586,4.028,0.187,0.377,rolamento_ball_3,2000.0
163151,2026-06-05 16:37:20.910077+00:00,0.0498,1.265,77.24,25.13,0.0984,2.501,0.528,0.604,61.0,56.1,0.077,0.111,2.431,2.648,4.264,4.432,0.0704,1.789,0.1392,3.537,0.123,0.136,rolamento_ball_4,500.0
163206,2026-06-05 16:39:43.716224+00:00,0.0825,2.095,79.65,26.47,0.0904,2.298,0.565,0.585,17.0,61.0,0.123,0.125,2.547,2.666,4.295,3.662,0.1166,2.964,0.1279,3.25,0.131,0.159,rolamento_ball_4,1000.0
163209,2026-06-05 16:39:49.716671+00:00,0.0847,2.152,78.23,25.68,0.096,2.439,0.469,0.687,17.0,17.0,0.125,0.137,2.494,2.936,3.57,4.347,0.1198,3.044,0.1358,3.45,0.131,0.158,rolamento_ball_4,1000.0
163211,2026-06-05 16:39:53.717173+00:00,0.0738,1.876,78.14,25.63,0.0921,2.34,0.501,0.545,17.0,58.5,0.108,0.119,2.519,2.785,3.768,3.364,0.1044,2.653,0.1303,3.31,0.132,0.162,rolamento_ball_4,1000.0
163251,2026-06-05 16:41:41.149941+00:00,0.0754,1.916,77.81,25.45,0.1276,3.241,0.692,1.23,61.0,41.5,0.141,0.181,2.981,3.113,3.623,3.904,0.1066,2.709,0.1804,4.583,0.191,0.315,rolamento_ball_4,2000.0
163301,2026-06-05 16:49:56.415915+00:00,0.0571,1.451,83.49,28.6,0.1307,3.32,0.398,0.586,58.5,56.1,0.073,0.137,2.316,2.893,3.354,4.388,0.0808,2.052,0.1848,4.695,0.118,0.133,eccentric_rotor_3,500.0
163356,2026-06-05 16:52:13.558664+00:00,0.0696,1.768,80.51,26.95,0.106,2.694,0.557,0.614,61.0,61.0,0.112,0.145,2.613,2.832,4.416,4.101,0.0984,2.501,0.15,3.811,0.126,0.149,eccentric_rotor_3,1000.0
163359,2026-06-05 16:52:19.559076+00:00,0.0606,1.539,80.75,27.08,0.107,2.72,0.488,0.641,61.0,19.5,0.098,0.128,2.542,2.854,3.907,4.307,0.0857,2.177,0.1514,3.846,0.125,0.149,eccentric_rotor_3,1000.0
163361,2026-06-05 16:52:23.559384+00:00,0.0688,1.747,80.03,26.68,0.1037,2.636,0.609,0.573,61.0,61.0,0.105,0.153,2.766,2.792,4.757,3.831,0.0972,2.471,0.1467,3.728,0.128,0.149,eccentric_rotor_3,1000.0
163401,2026-06-05 16:54:09.080135+00:00,0.0999,2.538,79.08,26.16,0.1429,3.631,0.556,0.912,134.2,134.2,0.196,0.252,2.788,2.827,3.619,3.625,0.1413,3.589,0.2022,5.136,0.153,0.251,eccentric_rotor_3,2000.0
163451,2026-06-05 16:56:07.379475+00:00,0.1005,2.554,78.23,25.68,0.1368,3.475,0.621,0.881,134.2,134.2,0.208,0.262,2.784,2.852,3.946,3.342,0.1422,3.613,0.1935,4.915,0.157,0.263,eccentric_rotor_4,2000.0
163506,2026-06-05 16:58:22.472914+00:00,0.0678,1.722,76.77,24.87,0.1008,2.562,0.506,0.622,17.0,17.0,0.093,0.116,2.466,2.792,3.948,4.261,0.0959,2.435,0.1426,3.623,0.128,0.146,eccentric_rotor_4,1000.0
163509,2026-06-05 16:58:28.475681+00:00,0.0604,1.536,76.72,24.84,0.0943,2.395,0.427,0.51,61.0,17.0,0.092,0.114,2.371,2.605,3.364,3.579,0.0855,2.172,0.1333,3.387,0.127,0.142,eccentric_rotor_4,1000.0
163511,2026-06-05 16:58:32.474214+00:00,0.0764,1.942,76.72,24.84,0.0884,2.246,0.407,0.58,14.6,61.0,0.089,0.112,2.383,2.714,3.17,3.924,0.1081,2.746,0.1251,3.177,0.128,0.147,eccentric_rotor_4,1000.0
163551,2026-06-05 17:00:09.504022+00:00,0.0607,1.542,77.52,25.29,0.1305,3.316,0.536,0.53,58.5,56.1,0.073,0.136,2.527,2.594,4.216,3.833,0.0859,2.182,0.1846,4.69,0.127,0.138,eccentric_rotor_4,500.0
163601,2026-06-05 17:09:38.128698+00:00,0.0626,1.59,80.37,26.87,0.1035,2.63,0.4,0.552,61.0,61.0,0.171,0.144,2.532,2.71,3.05,3.556,0.0885,2.249,0.1464,3.719,0.131,0.155,eccentric_rotor_pos_2,500.0
163656,2026-06-05 17:13:11.425127+00:00,0.0745,1.894,79.61,26.45,0.0819,2.08,0.848,1.137,61.0,61.0,0.282,0.165,2.958,2.97,4.226,3.535,0.1054,2.678,0.1158,2.942,0.2,0.321,eccentric_rotor_pos_2,1000.0
163659,2026-06-05 17:13:17.419631+00:00,0.0792,2.014,80.61,27.0,0.0841,2.137,0.686,1.137,9.7,61.0,0.274,0.177,2.94,2.977,3.433,3.883,0.1121,2.848,0.119,3.022,0.2,0.292,eccentric_rotor_pos_2,1000.0
163661,2026-06-05 17:13:21.425786+00:00,0.0818,2.078,81.66,27.59,0.0727,1.847,0.799,1.113,61.0,58.5,0.282,0.164,3.054,2.969,4.011,3.595,0.1157,2.939,0.1028,2.612,0.199,0.309,eccentric_rotor_pos_2,1000.0
163701,2026-06-05 17:15:09.641894+00:00,0.1457,3.702,79.51,26.39,0.125,3.175,1.714,3.566,34.1,58.5,0.621,0.334,2.922,3.098,3.523,4.023,0.2061,5.235,0.1767,4.49,0.486,0.886,eccentric_rotor_pos_2,2000.0
163751,2026-06-05 17:26:15.464917+00:00,0.1301,3.305,79.7,26.5,0.1178,2.994,1.444,2.516,236.8,65.9,0.665,0.301,2.974,2.728,3.702,3.282,0.184,4.675,0.1667,4.234,0.39,0.766,cocked_rotor_pos_2,2000.0
163806,2026-06-05 17:28:24.968863+00:00,0.0981,2.493,78.47,25.81,0.0919,2.335,0.685,1.017,231.9,61.0,0.395,0.191,2.931,2.965,3.438,3.675,0.1388,3.525,0.13,3.302,0.199,0.276,cocked_rotor_pos_2,1000.0
163809,2026-06-05 17:28:30.969031+00:00,0.1045,2.655,78.37,25.76,0.0915,2.324,0.858,1.154,219.7,61.0,0.41,0.2,3.075,2.932,4.184,3.994,0.1478,3.755,0.1294,3.287,0.205,0.288,cocked_rotor_pos_2,1000.0
163811,2026-06-05 17:28:34.969199+00:00,0.0931,2.367,78.47,25.81,0.0862,2.19,0.795,1.005,61.0,61.0,0.397,0.181,2.882,2.904,3.902,3.415,0.1317,3.347,0.1219,3.097,0.203,0.294,cocked_rotor_pos_2,1000.0
163851,2026-06-05 17:30:48.201294+00:00,0.062,1.575,79.04,26.13,0.086,2.186,0.542,0.599,61.0,61.0,0.198,0.132,2.623,2.731,4.017,3.906,0.0877,2.228,0.1217,3.091,0.134,0.153,cocked_rotor_pos_2,500.0
163901,2026-06-05 17:36:53.752395+00:00,0.0603,1.532,79.61,26.45,0.0994,2.526,0.444,0.539,61.0,53.7,0.175,0.133,2.539,2.805,3.377,3.54,0.0853,2.167,0.1406,3.573,0.131,0.152,normal_pos_2,500.0
163956,2026-06-05 17:39:44.767176+00:00,0.0917,2.33,79.27,26.26,0.0774,1.968,0.677,0.964,61.0,61.0,0.34,0.161,2.813,2.977,3.618,3.975,0.1297,3.296,0.1095,2.783,0.187,0.242,normal_pos_2,1000.0
163959,2026-06-05 17:39:50.767546+00:00,0.0892,2.266,78.33,25.73,0.0814,2.067,0.676,0.98,61.0,61.0,0.361,0.174,2.819,3.085,3.579,3.996,0.1261,3.205,0.1151,2.924,0.188,0.245,normal_pos_2,1000.0
163961,2026-06-05 17:39:54.767801+00:00,0.0859,2.182,78.42,25.79,0.0774,1.966,0.828,0.953,61.0,58.5,0.352,0.16,3.138,3.026,4.449,3.947,0.1215,3.086,0.1095,2.781,0.186,0.241,normal_pos_2,1000.0
164001,2026-06-05 17:41:51.863132+00:00,0.1157,2.938,78.71,25.95,0.0991,2.518,1.289,2.017,170.8,61.0,0.546,0.293,2.884,2.978,3.639,3.544,0.1636,4.156,0.1402,3.561,0.354,0.569,normal_pos_2,2000.0
164051,2026-06-05 17:45:18.540029+00:00,0.1523,3.87,78.61,25.89,0.131,3.328,1.31,2.649,102.5,58.5,0.582,0.329,3.009,3.05,3.898,4.063,0.2155,5.473,0.1853,4.707,0.336,0.652,desbalanceado_pos_2,2000.0
164106,2026-06-05 17:47:28.786526+00:00,0.1099,2.792,78.37,25.76,0.0929,2.361,0.742,0.881,231.9,58.5,0.426,0.19,2.965,2.876,4.028,3.491,0.1554,3.949,0.1314,3.339,0.184,0.252,desbalanceado_pos_2,1000.0
164109,2026-06-05 17:47:34.787032+00:00,0.114,2.895,78.56,25.87,0.1159,2.944,0.639,0.938,231.9,14.6,0.413,0.173,2.789,2.981,3.426,3.684,0.1612,4.095,0.1639,4.164,0.186,0.254,desbalanceado_pos_2,1000.0
164111,2026-06-05 17:47:38.790311+00:00,0.1051,2.669,78.71,25.95,0.0892,2.267,0.689,0.977,231.9,61.0,0.394,0.186,2.976,2.997,3.737,3.8,0.1486,3.775,0.1262,3.207,0.184,0.257,desbalanceado_pos_2,1000.0
164151,2026-06-05 17:49:18.411832+00:00,0.0727,1.848,78.56,25.87,0.0863,2.192,0.526,0.611,61.0,61.0,0.198,0.151,2.552,2.763,4.017,3.993,0.1029,2.613,0.122,3.101,0.13,0.153,desbalanceado_pos_2,500.0
164201,2026-06-05 17:55:32.311725+00:00,0.0574,1.46,79.75,26.53,0.0949,2.41,0.496,0.669,61.0,53.7,0.156,0.125,2.49,2.85,3.859,4.476,0.0812,2.064,0.1342,3.409,0.128,0.149,rolamento_outer_pos_2,500.0
164256,2026-06-05 17:57:43.821607+00:00,0.0881,2.239,79.51,26.39,0.0869,2.207,0.675,0.957,61.0,61.0,0.322,0.19,2.813,3.072,4.083,3.632,0.1246,3.167,0.1229,3.122,0.165,0.263,rolamento_outer_pos_2,1000.0
164259,2026-06-05 17:57:49.823552+00:00,0.099,2.517,79.8,26.55,0.0864,2.196,0.566,0.946,231.9,61.0,0.399,0.188,2.775,2.896,3.38,3.563,0.1401,3.559,0.1222,3.105,0.167,0.265,rolamento_outer_pos_2,1000.0
164261,2026-06-05 17:57:53.823811+00:00,0.0988,2.51,78.89,26.05,0.0763,1.94,0.69,1.153,61.0,61.0,0.399,0.214,2.902,3.201,4.121,3.929,0.1398,3.55,0.108,2.744,0.167,0.293,rolamento_outer_pos_2,1000.0
164301,2026-06-05 17:59:38.526992+00:00,0.1275,3.24,79.42,26.34,0.144,3.658,1.354,3.626,61.0,65.9,0.661,0.351,3.111,3.355,3.689,3.715,0.1804,4.583,0.2036,5.173,0.367,0.976,rolamento_outer_pos_2,2000.0
164351,2026-06-05 18:05:14.528243+00:00,0.4165,10.579,78.42,25.79,0.1847,4.692,24.517,13.918,200.1,200.1,2.593,1.065,46.851,10.489,13.809,6.801,0.589,14.961,0.2612,6.636,1.775,2.046,rolamento_inner_pos_2,2000.0
164406,2026-06-05 18:07:25.629910+00:00,0.1702,4.325,78.71,25.95,0.1074,2.729,4.054,6.729,200.1,58.5,1.145,0.445,13.814,14.552,9.321,9.491,0.2408,6.117,0.1519,3.86,0.434,0.709,rolamento_inner_pos_2,1000.0
164409,2026-06-05 18:07:31.643830+00:00,0.1496,3.8,78.66,25.92,0.1045,2.655,4.404,9.376,200.1,58.5,1.077,0.411,17.681,22.006,9.238,11.909,0.2116,5.375,0.1478,3.754,0.476,0.787,rolamento_inner_pos_2,1000.0
164411,2026-06-05 18:07:35.643121+00:00,0.1859,4.722,78.94,26.08,0.1113,2.828,3.563,7.428,200.1,58.5,1.113,0.512,9.412,14.916,7.079,8.471,0.2629,6.679,0.1574,4.0,0.503,0.876,rolamento_inner_pos_2,1000.0
164451,2026-06-05 18:09:12.871240+00:00,0.1042,2.649,78.94,26.08,0.0874,2.221,0.705,0.853,197.7,61.0,0.419,0.211,3.36,4.432,4.947,5.094,0.1475,3.746,0.1236,3.141,0.142,0.167,rolamento_inner_pos_2,500.0
164501,2026-06-05 18:14:35.587450+00:00,0.1256,3.192,78.71,25.95,0.0951,2.416,0.592,0.703,168.4,61.0,0.48,0.258,2.763,2.894,3.982,3.666,0.1777,4.514,0.1345,3.417,0.148,0.191,rolamento_ball_pos_2,500.0
164556,2026-06-05 18:16:51.088721+00:00,0.154,3.911,78.85,26.02,0.1122,2.85,2.025,2.479,163.5,61.0,0.856,0.418,4.171,3.437,4.464,3.939,0.2177,5.531,0.1587,4.031,0.453,0.629,rolamento_ball_pos_2,1000.0
164559,2026-06-05 18:16:57.089012+00:00,0.2319,5.892,78.89,26.05,0.1388,3.527,2.318,2.832,163.5,17.0,0.993,0.459,4.139,3.36,5.132,4.691,0.328,8.333,0.1963,4.988,0.451,0.603,rolamento_ball_pos_2,1000.0
164561,2026-06-05 18:17:01.089271+00:00,0.2204,5.598,79.08,26.16,0.1408,3.576,2.173,2.898,166.0,61.0,1.014,0.5,4.233,3.549,4.959,4.337,0.3117,7.917,0.1991,5.057,0.438,0.668,rolamento_ball_pos_2,1000.0
164601,2026-06-05 18:18:45.002038+00:00,0.2837,7.206,78.85,26.02,0.1654,4.203,6.484,13.584,234.3,61.0,1.402,0.588,4.614,3.512,4.603,3.984,0.4012,10.191,0.234,5.944,1.408,3.409,rolamento_ball_pos_2,2000.0
164651,2026-06-05 18:24:12.015036+00:00,0.7511,19.078,78.47,25.81,0.2758,7.005,34.19,21.484,14.6,17.0,2.976,1.07,17.621,4.774,9.807,4.774,1.0622,26.98,0.39,9.907,3.486,4.499,rolamento_combination_pos_2,2000.0
164706,2026-06-05 18:26:24.243327+00:00,0.2172,5.518,79.99,26.66,0.1502,3.816,7.173,10.307,202.6,58.5,1.472,0.734,9.097,9.415,7.81,6.52,0.3072,7.804,0.2124,5.396,0.918,1.58,rolamento_combination_pos_2,1000.0
164709,2026-06-05 18:26:30.243717+00:00,0.1728,4.39,78.75,25.97,0.0939,2.385,6.142,9.822,627.4,61.0,1.453,0.557,7.832,8.207,6.88,6.713,0.2444,6.209,0.1328,3.373,0.892,1.463,rolamento_combination_pos_2,1000.0
164711,2026-06-05 18:26:34.243767+00:00,0.2268,5.76,78.75,25.97,0.132,3.355,18.327,18.887,629.8,9.7,1.611,0.654,65.535,22.797,17.988,11.751,0.3207,8.147,0.1868,4.744,1.018,1.607,rolamento_combination_pos_2,1000.0
164751,2026-06-05 18:28:14.752004+00:00,0.1325,3.367,79.32,26.29,0.1092,2.775,2.161,2.439,202.6,61.0,0.535,0.311,12.922,12.788,9.479,8.173,0.1875,4.762,0.1545,3.925,0.228,0.298,rolamento_combination_pos_2,500.0
164801,2026-06-05 18:33:05.768120+00:00,0.0578,1.469,78.75,25.97,0.0705,1.791,0.46,0.57,58.5,61.0,0.176,0.104,2.424,2.702,3.55,3.829,0.0818,2.078,0.0997,2.533,0.129,0.148,normal_2_pos_2,500.0
164856,2026-06-05 18:35:52.671023+00:00,0.1243,3.158,79.13,26.18,0.0858,2.181,0.695,0.987,234.3,61.0,0.483,0.175,2.975,3.134,3.578,4.154,0.1758,4.467,0.1214,3.084,0.194,0.237,normal_2_pos_2,1000.0
164859,2026-06-05 18:35:58.671432+00:00,0.117,2.971,79.04,26.13,0.0799,2.031,0.771,0.922,234.3,61.0,0.461,0.174,2.974,3.136,4.203,3.945,0.1654,4.202,0.1131,2.873,0.183,0.233,normal_2_pos_2,1000.0
164861,2026-06-05 18:36:02.671724+00:00,0.1189,3.02,78.99,26.1,0.0899,2.284,0.68,0.921,234.3,61.0,0.471,0.17,3.025,2.808,3.564,3.602,0.1681,4.271,0.1271,3.23,0.19,0.255,normal_2_pos_2,1000.0
164901,2026-06-05 18:38:00.009847+00:00,0.1337,3.397,79.13,26.18,0.1224,3.109,1.265,1.923,9.7,205.0,0.567,0.351,2.934,3.069,3.788,3.692,0.1891,4.805,0.1731,4.397,0.333,0.52,normal_2_pos_2,2000.0
164951,2026-06-05 18:40:13.519992+00:00,0.1729,4.394,80.46,26.92,0.1438,3.654,1.22,1.956,236.8,205.0,0.701,0.425,2.907,3.022,3.607,3.617,0.2446,6.214,0.2034,5.168,0.338,0.54,desbalanceado_2_pos_2,2000.0
165006,2026-06-05 18:48:22.707988+00:00,0.0985,2.503,80.27,26.82,0.0864,2.195,0.683,1.051,234.3,61.0,0.389,0.166,2.877,3.233,3.41,4.018,0.1394,3.541,0.1222,3.104,0.2,0.261,desbalanceado_2_pos_2,1000.0
165009,2026-06-05 18:48:28.708215+00:00,0.108,2.744,80.46,26.92,0.0806,2.048,0.738,0.932,234.3,58.5,0.394,0.163,3.016,3.025,3.913,3.56,0.1528,3.881,0.114,2.897,0.188,0.261,desbalanceado_2_pos_2,1000.0
165011,2026-06-05 18:48:32.708527+00:00,0.1005,2.552,80.51,26.95,0.0813,2.066,0.649,1.059,234.3,61.0,0.392,0.169,2.843,3.02,3.332,4.42,0.1421,3.61,0.115,2.922,0.194,0.239,desbalanceado_2_pos_2,1000.0
165051,2026-06-05 18:50:54.817199+00:00,0.0684,1.738,80.8,27.11,0.0794,2.017,0.456,0.581,58.5,58.5,0.186,0.14,2.546,2.72,3.412,3.925,0.0968,2.458,0.1123,2.852,0.133,0.148,desbalanceado_2_pos_2,500.0
165187,2026-06-05 19:03:34.098283+00:00,0.1972,5.01,80.65,27.03,0.2161,5.49,1.148,1.401,205.0,102.5,0.72,0.407,3.065,3.2,3.963,4.332,0.2789,7.085,0.3057,7.765,0.289,0.323,eccentric_2_pos_2,2000.0
165196,2026-06-05 19:03:52.099245+00:00,0.1457,3.7,80.65,27.03,0.1825,4.636,1.296,1.237,207.5,102.5,0.573,0.363,3.228,2.963,4.462,3.56,0.206,5.233,0.2581,6.557,0.29,0.347,eccentric_2_pos_2,2000.0
165213,2026-06-05 19:04:26.101198+00:00,0.1606,4.08,81.56,27.53,0.1792,4.552,1.171,1.311,205.0,102.5,0.603,0.348,3.049,3.156,3.956,3.766,0.2272,5.771,0.2534,6.437,0.296,0.348,eccentric_2_pos_2,2000.0
165216,2026-06-05 19:04:32.101534+00:00,0.165,4.192,80.56,26.98,0.2172,5.517,1.179,1.32,205.0,102.5,0.613,0.4,3.145,3.072,3.867,3.88,0.2334,5.929,0.3072,7.803,0.305,0.34,eccentric_2_pos_2,2000.0
165219,2026-06-05 19:04:38.101853+00:00,0.1514,3.847,80.75,27.08,0.1945,4.942,1.025,1.216,205.0,102.5,0.578,0.363,3.098,3.199,3.691,3.484,0.2142,5.441,0.2751,6.989,0.277,0.349,eccentric_2_pos_2,2000.0
165240,2026-06-05 19:06:43.417433+00:00,0.147,3.734,80.89,27.16,0.1131,2.873,1.582,2.332,234.3,58.5,0.639,0.358,3.024,3.158,4.172,3.953,0.2079,5.28,0.16,4.064,0.379,0.589,eccentric_rotor_2_pos_2,2000.0
165295,2026-06-05 19:08:57.458251+00:00,0.1124,2.855,81.23,27.35,0.1076,2.734,0.662,0.933,236.8,17.0,0.419,0.178,2.917,2.903,3.546,3.921,0.159,4.038,0.1522,3.867,0.186,0.237,eccentric_rotor_2_pos_2,1000.0
165298,2026-06-05 19:09:03.458416+00:00,0.0966,2.456,80.32,26.84,0.0992,2.521,0.663,0.834,17.0,17.0,0.359,0.176,2.802,2.992,3.556,3.512,0.1367,3.473,0.1403,3.565,0.186,0.237,eccentric_rotor_2_pos_2,1000.0
165300,2026-06-05 19:09:07.458618+00:00,0.0981,2.493,81.9,27.72,0.1295,3.29,0.718,0.862,236.8,17.0,0.393,0.188,2.901,2.893,3.904,3.572,0.1388,3.527,0.1832,4.654,0.183,0.241,eccentric_rotor_2_pos_2,1000.0
165340,2026-06-05 19:10:48.795469+00:00,0.0732,1.861,80.61,27.0,0.0703,1.787,0.483,0.571,9.7,61.0,0.189,0.146,2.616,2.794,3.672,3.762,0.1036,2.632,0.0995,2.528,0.131,0.151,eccentric_rotor_2_pos_2,500.0
165390,2026-06-05 19:17:04.370897+00:00,0.0663,1.684,79.89,26.6,0.0894,2.27,0.571,0.616,61.0,58.5,0.204,0.139,2.674,2.898,4.205,3.948,0.0937,2.381,0.1264,3.211,0.135,0.156,cocked_rotor_2_pos_2,500.0
165445,2026-06-05 19:20:03.298528+00:00,0.1138,2.892,80.18,26.76,0.0862,2.19,0.726,1.022,234.3,61.0,0.476,0.194,2.811,3.208,3.616,4.102,0.161,4.09,0.1219,3.097,0.2,0.249,cocked_rotor_2_pos_2,1000.0
165448,2026-06-05 19:20:09.297376+00:00,0.1161,2.95,80.46,26.92,0.0876,2.226,0.728,1.029,231.9,61.0,0.469,0.196,2.906,3.063,3.546,4.087,0.1642,4.172,0.1239,3.148,0.205,0.251,cocked_rotor_2_pos_2,1000.0
165450,2026-06-05 19:20:13.291612+00:00,0.1166,2.962,80.08,26.71,0.0844,2.145,0.818,1.062,231.9,61.0,0.483,0.195,3.007,3.249,4.028,4.326,0.1649,4.189,0.1194,3.034,0.203,0.245,cocked_rotor_2_pos_2,1000.0
165490,2026-06-05 19:21:54.737486+00:00,0.1514,3.846,80.03,26.68,0.1231,3.127,1.648,3.259,236.8,68.3,0.678,0.301,3.002,2.945,3.873,3.593,0.2141,5.44,0.1741,4.423,0.425,0.907,cocked_rotor_2_pos_2,2000.0
165540,2026-06-05 19:28:59.564152+00:00,0.1476,3.75,79.84,26.58,0.1291,3.28,1.879,3.038,134.2,65.9,0.66,0.36,3.119,2.897,4.371,3.991,0.2088,5.303,0.1826,4.638,0.429,0.761,normal_3_pos_2,2000.0
165595,2026-06-05 19:31:11.550959+00:00,0.0837,2.127,79.42,26.34,0.0801,2.036,0.723,1.083,61.0,61.0,0.32,0.209,2.914,3.048,3.637,3.852,0.1184,3.008,0.1133,2.879,0.198,0.281,normal_3_pos_2,1000.0
165598,2026-06-05 19:31:17.551275+00:00,0.0936,2.378,79.42,26.34,0.0937,2.381,0.736,1.005,58.5,61.0,0.341,0.222,2.904,2.91,3.719,3.538,0.1324,3.363,0.1326,3.368,0.198,0.284,normal_3_pos_2,1000.0
165600,2026-06-05 19:31:21.551521+00:00,0.0794,2.017,79.51,26.39,0.0877,2.23,0.678,0.953,61.0,61.0,0.325,0.209,2.951,2.925,3.562,3.534,0.1123,2.852,0.1241,3.153,0.19,0.269,normal_3_pos_2,1000.0
165640,2026-06-05 19:33:12.909368+00:00,0.0611,1.553,80.32,26.84,0.0757,1.923,0.528,0.611,61.0,61.0,0.178,0.13,2.641,2.721,4.016,3.879,0.0865,2.197,0.1071,2.72,0.131,0.157,normal_3_pos_2,500.0
165677,2026-06-05 19:41:04.373270+00:00,0.0628,1.595,78.85,26.02,0.0821,2.087,0.482,0.47,9.7,61.0,0.155,0.104,2.476,2.5,3.81,3.461,0.0888,2.256,0.1162,2.951,0.126,0.136,normal_carga,500.0
165681,2026-06-05 19:41:12.373618+00:00,0.0586,1.489,79.18,26.21,0.0727,1.847,0.573,0.523,58.5,61.0,0.16,0.102,2.64,2.568,4.536,3.804,0.0829,2.106,0.1028,2.612,0.126,0.137,normal_carga,500.0
165781,2026-06-05 19:45:13.805839+00:00,0.1214,3.083,79.75,26.53,0.1132,2.877,0.768,1.233,65.9,61.0,0.476,0.218,2.904,3.169,3.784,3.733,0.1716,4.36,0.1601,4.069,0.203,0.33,normal_carga,2000.0
165840,2026-06-05 19:48:05.052736+00:00,0.1728,4.391,78.8,26.0,0.2216,5.629,0.933,2.185,34.1,100.0,0.622,0.367,2.994,3.603,3.756,5.384,0.2445,6.21,0.3134,7.961,0.248,0.405,desbalanceado_carga,2000.0
165895,2026-06-05 19:50:13.391176+00:00,0.0783,1.989,78.33,25.73,0.1323,3.362,0.752,0.84,61.0,95.2,0.255,0.179,2.938,2.811,4.561,3.827,0.1107,2.813,0.1872,4.755,0.164,0.219,desbalanceado_carga,1000.0
165898,2026-06-05 19:50:19.391508+00:00,0.0682,1.734,78.23,25.68,0.1006,2.557,0.581,0.827,61.0,61.0,0.228,0.139,2.83,2.897,3.655,3.84,0.0965,2.453,0.1423,3.616,0.159,0.215,desbalanceado_carga,1000.0
165900,2026-06-05 19:50:23.391628+00:00,0.0674,1.712,78.18,25.66,0.1265,3.215,0.525,0.809,61.0,92.7,0.233,0.166,2.644,3.041,3.204,3.741,0.0953,2.422,0.179,4.547,0.163,0.216,desbalanceado_carga,1000.0
165940,2026-06-05 19:52:11.179296+00:00,0.068,1.728,78.0,25.55,0.0721,1.833,0.415,0.528,9.7,61.0,0.12,0.1,2.425,2.535,3.228,3.816,0.0962,2.444,0.102,2.592,0.128,0.138,desbalanceado_carga,500.0
165990,2026-06-05 19:57:01.753365+00:00,0.0514,1.305,77.66,25.37,0.0696,1.768,0.485,0.561,61.0,58.5,0.17,0.095,2.406,2.513,3.735,3.961,0.0727,1.846,0.0984,2.501,0.129,0.141,cocked_rotor_carga,500.0
166045,2026-06-05 19:59:24.490057+00:00,0.0637,1.62,78.14,25.63,0.084,2.133,0.476,0.78,61.0,61.0,0.257,0.129,2.675,3.097,3.2,3.8,0.0902,2.291,0.1187,3.017,0.149,0.205,cocked_rotor_carga,1000.0
166048,2026-06-05 19:59:30.490172+00:00,0.0602,1.53,78.0,25.55,0.0864,2.195,0.523,0.98,61.0,61.0,0.24,0.12,2.695,3.122,3.617,4.628,0.0852,2.164,0.1222,3.104,0.144,0.211,cocked_rotor_carga,1000.0
166050,2026-06-05 19:59:34.491070+00:00,0.0646,1.642,77.62,25.34,0.0886,2.252,0.517,0.928,61.0,61.0,0.227,0.122,2.825,3.254,3.498,4.498,0.0914,2.322,0.1253,3.185,0.148,0.206,cocked_rotor_carga,1000.0
166090,2026-06-05 20:01:20.306953+00:00,0.1302,3.308,77.66,25.37,0.1106,2.811,0.763,1.656,200.1,61.0,0.537,0.23,2.943,3.261,3.452,3.6,0.1842,4.679,0.1565,3.975,0.221,0.459,cocked_rotor_carga,2000.0
166140,2026-06-05 20:06:16.531066+00:00,0.1696,4.308,76.96,24.97,0.1933,4.91,0.849,1.991,34.1,100.0,0.444,0.325,3.078,4.855,4.215,5.693,0.2398,6.093,0.2734,6.944,0.201,0.349,eccentric_rotor_carga,2000.0
166195,2026-06-05 20:08:35.299134+00:00,0.0534,1.356,78.18,25.66,0.0746,1.895,0.611,0.59,61.0,58.5,0.15,0.109,2.8,2.722,4.191,3.282,0.0755,1.918,0.1055,2.68,0.145,0.179,eccentric_rotor_carga,1000.0
166198,2026-06-05 20:08:41.299798+00:00,0.0564,1.433,77.15,25.08,0.0813,2.066,0.494,0.783,61.0,61.0,0.137,0.106,2.645,3.033,3.331,4.099,0.0798,2.027,0.115,2.923,0.148,0.191,eccentric_rotor_carga,1000.0
166200,2026-06-05 20:08:45.300039+00:00,0.0536,1.362,76.72,24.84,0.092,2.337,0.47,0.785,61.0,61.0,0.149,0.109,2.569,2.995,3.246,4.008,0.0758,1.926,0.1301,3.306,0.144,0.195,eccentric_rotor_carga,1000.0
166240,2026-06-05 20:10:25.420296+00:00,0.0707,1.797,76.77,24.87,0.0779,1.979,0.449,0.573,9.7,61.0,0.1,0.098,2.448,2.673,3.467,4.074,0.1,2.542,0.1102,2.8,0.129,0.14,eccentric_rotor_carga,500.0
166290,2026-06-05 20:15:02.031165+00:00,0.1026,2.608,76.49,24.71,0.1423,3.615,0.462,0.542,61.0,61.0,0.316,0.219,2.465,2.803,3.614,3.889,0.1452,3.688,0.2013,5.113,0.127,0.139,rolamento_combination_carga,500.0
166345,2026-06-05 20:17:13.394772+00:00,0.1072,2.723,76.58,24.77,0.1074,2.729,0.564,1.133,222.1,102.5,0.451,0.205,2.847,4.808,3.602,5.451,0.1516,3.851,0.1519,3.859,0.156,0.207,rolamento_combination_carga,1000.0
166348,2026-06-05 20:17:19.399819+00:00,0.1168,2.968,76.44,24.69,0.1179,2.996,0.799,1.011,61.0,102.5,0.483,0.257,3.012,3.646,4.846,4.562,0.1652,4.197,0.1668,4.237,0.164,0.221,rolamento_combination_carga,1000.0
166350,2026-06-05 20:17:23.395300+00:00,0.1059,2.69,76.49,24.71,0.114,2.895,0.72,1.303,61.0,102.5,0.487,0.267,3.099,5.468,4.208,5.65,0.1497,3.804,0.1612,4.094,0.171,0.23,rolamento_combination_carga,1000.0
166390,2026-06-05 20:19:08.778483+00:00,0.1474,3.744,76.58,24.77,0.1683,4.276,1.741,3.328,205.0,102.5,0.772,0.329,4.665,5.238,5.715,5.075,0.2084,5.295,0.238,6.047,0.304,0.655,rolamento_combination_carga,2000.0
166440,2026-06-05 20:22:52.118633+00:00,0.148,3.759,75.92,24.4,0.1891,4.803,2.409,7.672,34.1,65.9,0.706,0.428,3.487,3.65,4.713,5.406,0.2093,5.317,0.2674,6.792,0.511,1.419,rolamento_ball_carga,2000.0
166495,2026-06-05 20:25:00.629782+00:00,0.0911,2.314,76.2,24.56,0.0881,2.239,0.891,1.551,61.0,61.0,0.58,0.299,3.064,3.777,4.08,4.055,0.1288,3.273,0.1246,3.167,0.218,0.382,rolamento_ball_carga,1000.0
166498,2026-06-05 20:25:06.629886+00:00,0.1346,3.419,75.92,24.4,0.147,3.734,0.874,2.501,217.2,134.2,0.719,0.41,3.154,4.952,4.017,5.665,0.1903,4.835,0.2079,5.281,0.217,0.441,rolamento_ball_carga,1000.0
166500,2026-06-05 20:25:10.629447+00:00,0.1459,3.708,75.88,24.37,0.1487,3.777,0.76,1.715,200.1,141.6,0.757,0.408,2.872,3.522,3.504,4.168,0.2064,5.244,0.2103,5.342,0.217,0.411,rolamento_ball_carga,1000.0
166540,2026-06-05 20:26:45.846067+00:00,0.0879,2.233,76.91,24.95,0.1048,2.664,0.45,0.666,9.7,51.2,0.343,0.199,2.48,2.661,3.376,4.261,0.1243,3.158,0.1483,3.767,0.133,0.156,rolamento_ball_carga,500.0
166590,2026-06-05 20:30:35.080213+00:00,0.0658,1.671,75.88,24.37,0.0776,1.971,0.427,0.57,61.0,58.5,0.186,0.103,2.404,2.587,3.348,4.098,0.093,2.364,0.1097,2.788,0.127,0.139,rolamento_inner_carga,500.0
166645,2026-06-05 20:32:42.958696+00:00,0.107,2.718,75.83,24.35,0.0853,2.168,0.573,0.568,393.0,58.5,0.62,0.162,2.894,2.822,3.923,3.688,0.1513,3.843,0.1207,3.066,0.146,0.154,rolamento_inner_carga,1000.0
166648,2026-06-05 20:32:48.959147+00:00,0.1007,2.557,76.2,24.56,0.0785,1.995,0.592,0.683,395.5,61.0,0.575,0.141,2.819,3.156,4.094,4.314,0.1424,3.617,0.1111,2.822,0.144,0.158,rolamento_inner_carga,1000.0
166650,2026-06-05 20:32:52.959416+00:00,0.1093,2.777,75.74,24.3,0.079,2.007,0.555,0.613,393.0,61.0,0.62,0.149,2.712,2.887,3.828,3.815,0.1546,3.928,0.1117,2.838,0.144,0.16,rolamento_inner_carga,1000.0
166690,2026-06-05 20:34:36.035837+00:00,0.1438,3.653,75.78,24.32,0.188,4.775,0.828,0.961,65.9,100.0,0.598,0.354,3.059,3.299,3.827,4.045,0.2034,5.166,0.2659,6.754,0.216,0.237,rolamento_inner_carga,2000.0
166740,2026-06-05 20:39:54.510676+00:00,0.1201,3.051,76.49,24.71,0.1799,4.571,0.937,2.038,65.9,100.0,0.424,0.298,3.575,5.206,4.146,5.357,0.1698,4.314,0.2545,6.464,0.226,0.38,rolamento_outer_carga,2000.0
166795,2026-06-05 20:42:41.431167+00:00,0.057,1.449,76.58,24.77,0.0819,2.082,0.6,1.336,61.0,61.0,0.171,0.122,2.806,4.805,4.035,7.006,0.0806,2.049,0.1159,2.945,0.148,0.19,rolamento_outer_carga,1000.0
166798,2026-06-05 20:42:47.431681+00:00,0.0561,1.426,76.53,24.74,0.085,2.161,0.665,1.011,58.5,58.5,0.163,0.127,2.87,4.081,4.501,5.176,0.0793,2.016,0.1203,3.056,0.147,0.195,rolamento_outer_carga,1000.0
166800,2026-06-05 20:42:51.431736+00:00,0.062,1.574,75.17,23.98,0.0792,2.011,0.551,1.157,61.0,61.0,0.164,0.117,2.812,3.68,3.734,6.128,0.0876,2.227,0.112,2.845,0.147,0.188,rolamento_outer_carga,1000.0
166840,2026-06-05 20:44:29.862984+00:00,0.0556,1.414,75.22,24.01,0.0937,2.382,0.541,0.561,61.0,61.0,0.101,0.11,2.419,2.631,4.23,3.967,0.0787,1.999,0.1326,3.368,0.127,0.141,rolamento_outer_carga,500.0
166874,2026-06-05 20:47:46.098933+00:00,0.0539,1.371,75.13,23.96,0.0798,2.028,0.466,0.456,61.0,61.0,0.115,0.101,2.438,2.463,3.629,3.287,0.0763,1.939,0.1129,2.868,0.128,0.138,normal_carga,500.0
166918,2026-06-05 20:49:14.116123+00:00,0.0544,1.381,76.53,24.74,0.0722,1.835,0.48,0.55,61.0,61.0,0.119,0.098,2.461,2.463,3.686,3.985,0.0769,1.954,0.1021,2.595,0.13,0.138,normal_carga,500.0
166925,2026-06-05 20:49:42.210961+00:00,0.0572,1.454,75.13,23.96,0.0907,2.304,0.555,0.528,61.0,61.0,0.193,0.119,2.664,2.552,3.976,3.24,0.0809,2.056,0.1282,3.258,0.139,0.163,normal_carga,1000.0
166948,2026-06-05 20:50:28.215693+00:00,0.0554,1.408,76.86,24.92,0.079,2.006,0.548,0.56,61.0,61.0,0.174,0.105,2.638,2.705,3.874,3.4,0.0784,1.991,0.1117,2.837,0.141,0.164,normal_carga,1000.0
166955,2026-06-05 20:50:42.216382+00:00,0.0569,1.446,75.17,23.98,0.0893,2.268,0.538,0.587,61.0,61.0,0.188,0.116,2.688,2.794,3.823,3.591,0.0805,2.045,0.1263,3.208,0.14,0.163,normal_carga,1000.0
166988,2026-06-05 20:52:05.749686+00:00,0.1057,2.687,75.22,24.01,0.1689,4.291,0.815,1.918,65.9,100.0,0.44,0.282,3.115,5.697,3.747,5.321,0.1496,3.8,0.2389,6.069,0.217,0.36,normal_carga,2000.0
167040,2026-06-05 20:54:23.040298+00:00,0.1061,2.695,75.22,24.01,0.1297,3.296,0.866,1.365,65.9,100.0,0.427,0.238,3.072,3.819,3.931,4.13,0.15,3.812,0.1835,4.662,0.22,0.33,desbalanceado_carga_2,2000.0
167095,2026-06-05 20:56:52.290381+00:00,0.0606,1.54,74.89,23.83,0.0918,2.332,0.518,0.663,61.0,61.0,0.159,0.113,2.648,2.884,3.512,3.813,0.0857,2.178,0.1298,3.299,0.147,0.173,desbalanceado_carga_2,1000.0
167098,2026-06-05 20:56:58.290719+00:00,0.0646,1.642,74.8,23.77,0.0831,2.11,0.507,0.625,58.5,61.0,0.168,0.108,2.608,2.688,3.435,3.608,0.0914,2.322,0.1175,2.985,0.147,0.173,desbalanceado_carga_2,1000.0
167100,2026-06-05 20:57:02.290935+00:00,0.0646,1.641,74.8,23.77,0.0842,2.138,0.678,0.679,17.0,61.0,0.17,0.111,2.72,2.833,4.518,3.849,0.0913,2.321,0.119,3.024,0.15,0.176,desbalanceado_carga_2,1000.0
167140,2026-06-05 20:58:39.155763+00:00,0.0578,1.47,74.89,23.83,0.074,1.88,0.463,0.654,61.0,61.0,0.113,0.098,2.384,2.549,3.595,4.648,0.0818,2.079,0.1047,2.659,0.128,0.14,desbalanceado_carga_2,500.0
167190,2026-06-05 21:02:27.462135+00:00,0.0584,1.485,74.84,23.8,0.0726,1.844,0.566,0.645,61.0,61.0,0.142,0.103,2.484,2.668,4.366,4.535,0.0826,2.1,0.1026,2.608,0.129,0.142,rolamento_inner_carga_2,500.0
167245,2026-06-05 21:05:38.239666+00:00,0.0761,1.934,75.31,24.06,0.0869,2.208,0.557,0.533,61.0,61.0,0.325,0.163,2.682,2.649,3.875,3.337,0.1077,2.735,0.1229,3.123,0.143,0.159,rolamento_inner_carga_2,1000.0
167248,2026-06-05 21:05:44.240010+00:00,0.0712,1.81,75.03,23.9,0.0787,2.0,0.486,0.56,58.5,61.0,0.282,0.135,2.586,2.727,3.399,3.606,0.1008,2.56,0.1113,2.829,0.143,0.155,rolamento_inner_carga_2,1000.0
167250,2026-06-05 21:05:48.240270+00:00,0.0819,2.08,75.59,24.22,0.078,1.982,0.604,0.601,393.0,61.0,0.411,0.159,2.776,2.688,4.079,3.783,0.1158,2.942,0.1103,2.803,0.148,0.158,rolamento_inner_carga_2,1000.0
167291,2026-06-05 21:08:06.418204+00:00,0.118,2.999,75.03,23.9,0.1363,3.462,0.76,1.138,65.9,100.0,0.501,0.33,2.945,3.328,3.726,4.491,0.167,4.242,0.1927,4.896,0.204,0.253,rolamento_inner_carga_2,2000.0
167341,2026-06-05 21:14:17.531241+00:00,0.1525,3.874,74.56,23.64,0.1706,4.334,0.816,1.509,31.7,100.0,0.514,0.295,2.899,3.103,3.698,4.391,0.2157,5.479,0.2413,6.13,0.22,0.343,eccentric_rotor_carga_2,2000.0
167396,2026-06-05 21:16:52.618694+00:00,0.0636,1.616,74.47,23.59,0.0773,1.965,0.492,0.701,58.5,61.0,0.168,0.114,2.719,3.023,3.196,3.735,0.0899,2.285,0.1094,2.78,0.153,0.187,eccentric_rotor_carga_2,1000.0
167399,2026-06-05 21:16:58.630255+00:00,0.055,1.399,74.56,23.64,0.079,2.008,0.59,0.755,61.0,61.0,0.16,0.113,2.788,3.002,3.866,3.904,0.0779,1.979,0.1118,2.84,0.152,0.193,eccentric_rotor_carga_2,1000.0
167401,2026-06-05 21:17:02.630609+00:00,0.059,1.5,74.8,23.77,0.0912,2.318,0.613,0.818,58.5,61.0,0.172,0.122,2.616,3.156,4.005,3.978,0.0835,2.122,0.129,3.279,0.153,0.205,eccentric_rotor_carga_2,1000.0
167441,2026-06-05 21:18:40.223086+00:00,0.0508,1.291,74.52,23.62,0.0815,2.072,0.404,0.564,61.0,61.0,0.098,0.098,2.3,2.581,3.161,4.02,0.0719,1.826,0.1153,2.931,0.127,0.14,eccentric_rotor_carga_2,500.0
167480,2026-06-05 21:25:05.236448+00:00,0.0419,1.066,74.99,23.88,0.0614,1.561,0.043,0.047,61.0,61.0,0.042,0.062,3.579,3.883,4.836,4.699,0.0593,1.507,0.0869,2.208,0.008,0.01,motor_desligado,0.0
167484,2026-06-05 21:25:13.237058+00:00,0.0427,1.086,75.08,23.93,0.0631,1.604,0.037,0.047,61.0,61.0,0.042,0.063,3.303,3.406,4.336,4.541,0.0604,1.536,0.0893,2.268,0.008,0.01,motor_desligado,0.0
167514,2026-06-05 21:26:13.240623+00:00,0.0432,1.097,75.03,23.9,0.0609,1.547,0.034,0.049,61.0,61.0,0.043,0.061,3.214,3.372,4.102,5.0,0.0611,1.552,0.0861,2.188,0.008,0.009,motor_desligado,0.0
167541,2026-06-05 21:49:15.777053+00:00,0.0668,1.698,74.42,23.57,0.0722,1.836,0.482,0.546,61.0,58.5,0.101,0.093,2.38,2.604,3.686,3.874,0.0945,2.401,0.1022,2.596,0.13,0.141,teste,0.0
167563,2026-06-05 21:49:59.779838+00:00,0.0568,1.443,74.24,23.46,0.0782,1.987,0.499,0.711,61.0,61.0,0.102,0.101,2.42,2.769,3.823,4.925,0.0803,2.041,0.1106,2.81,0.13,0.144,teste,0.0
167585,2026-06-05 22:18:18.101485+00:00,0.0988,2.51,73.35,22.97,0.1254,3.185,0.725,1.174,19.5,19.5,0.227,0.154,2.915,3.69,4.135,4.233,0.1397,3.55,0.1773,4.505,0.175,0.277,teste,0.0
167604,2026-06-05 22:18:56.110390+00:00,0.0508,1.29,73.35,22.97,0.0679,1.724,0.454,0.487,61.0,61.0,0.095,0.096,2.314,2.499,3.511,3.47,0.0718,1.825,0.096,2.439,0.129,0.14,teste,0.0
167763,2026-06-05 22:30:24.231077+00:00,0.1184,3.007,73.82,23.23,0.1548,3.934,0.818,1.491,65.9,100.0,0.471,0.265,2.8,3.842,3.698,4.784,0.1674,4.253,0.219,5.564,0.221,0.311,normal_novo,2000.0
167767,2026-06-05 22:30:32.231486+00:00,0.1232,3.129,73.82,23.23,0.1333,3.388,0.805,1.732,65.9,100.0,0.508,0.226,2.945,4.163,3.59,4.775,0.1742,4.426,0.1886,4.791,0.224,0.362,normal_novo,2000.0
167867,2026-06-05 22:34:30.434184+00:00,0.0545,1.385,73.54,23.07,0.0762,1.935,0.384,0.443,58.5,61.0,0.131,0.099,2.336,2.483,2.931,3.076,0.0771,1.959,0.1077,2.737,0.131,0.144,normal_novo,500.0
167910,2026-06-05 22:46:39.516718+00:00,0.0585,1.486,73.49,23.05,0.0709,1.801,0.474,0.459,58.5,61.0,0.122,0.094,2.407,2.397,3.566,3.335,0.0827,2.102,0.1002,2.547,0.133,0.137,normal_novo,500.0
167954,2026-06-05 22:48:07.535037+00:00,0.0505,1.284,73.49,23.05,0.0763,1.939,0.427,0.648,61.0,61.0,0.152,0.098,2.409,2.444,3.262,4.763,0.0715,1.816,0.108,2.743,0.131,0.136,normal_novo,500.0
167961,2026-06-05 22:48:39.355984+00:00,0.0572,1.453,73.49,23.05,0.0832,2.114,0.685,0.461,61.0,58.5,0.211,0.116,3.011,2.421,3.959,3.251,0.0809,2.055,0.1177,2.99,0.173,0.142,normal_novo,1000.0
167984,2026-06-05 22:49:25.358879+00:00,0.0606,1.539,73.49,23.05,0.0881,2.239,0.554,0.583,61.0,61.0,0.22,0.112,2.735,2.648,3.309,4.11,0.0857,2.177,0.1246,3.167,0.167,0.142,normal_novo,1000.0
167991,2026-06-05 22:49:39.359836+00:00,0.0554,1.409,73.49,23.05,0.0974,2.475,0.592,0.527,61.0,61.0,0.207,0.125,2.923,2.492,3.409,3.765,0.0784,1.993,0.1378,3.5,0.173,0.14,normal_novo,1000.0
168024,2026-06-05 22:51:05.908688+00:00,0.1325,3.367,73.49,23.05,0.1101,2.798,1.0,0.538,65.9,58.5,0.524,0.187,2.95,2.702,3.424,3.429,0.1874,4.761,0.1558,3.958,0.292,0.157,normal_novo,2000.0
168076,2026-06-05 22:54:47.290772+00:00,0.1168,2.969,73.35,22.97,0.1004,2.552,1.21,0.536,65.9,61.0,0.495,0.193,3.213,2.701,3.811,3.392,0.1653,4.199,0.1421,3.609,0.317,0.158,desbalanceado_novo,2000.0
168131,2026-06-05 22:57:21.503721+00:00,0.0656,1.668,73.21,22.89,0.0948,2.409,0.681,0.505,61.0,61.0,0.205,0.125,3.005,2.644,3.728,3.529,0.0928,2.359,0.1341,3.407,0.182,0.143,desbalanceado_novo,1000.0
168134,2026-06-05 22:57:27.505439+00:00,0.0753,1.913,73.21,22.89,0.0794,2.016,0.663,0.572,17.0,61.0,0.197,0.114,2.893,2.629,3.722,3.96,0.1065,2.706,0.1122,2.852,0.178,0.144,desbalanceado_novo,1000.0
168136,2026-06-05 22:57:31.505694+00:00,0.0667,1.695,73.21,22.89,0.0884,2.245,0.724,0.504,61.0,61.0,0.24,0.117,2.907,2.444,3.989,3.582,0.0944,2.397,0.125,3.175,0.181,0.14,desbalanceado_novo,1000.0
168176,2026-06-05 22:59:31.531045+00:00,0.0513,1.304,73.72,23.18,0.086,2.185,0.489,0.529,61.0,61.0,0.112,0.107,2.423,2.489,3.714,3.793,0.0726,1.844,0.1216,3.09,0.131,0.139,desbalanceado_novo,500.0
168226,2026-06-05 23:04:27.769836+00:00,0.0868,2.204,73.96,23.31,0.1183,3.004,0.491,0.509,61.0,51.2,0.274,0.184,2.352,2.557,3.738,3.558,0.1227,3.118,0.1673,4.249,0.131,0.143,rolamento_outer_novo,500.0
168281,2026-06-05 23:06:37.453791+00:00,0.0912,2.317,73.68,23.15,0.0819,2.08,0.861,0.535,58.5,61.0,0.331,0.15,3.201,2.45,4.577,3.749,0.129,3.277,0.1158,2.942,0.188,0.142,rolamento_outer_novo,1000.0
168284,2026-06-05 23:06:43.454196+00:00,0.0914,2.322,73.68,23.15,0.0994,2.526,0.896,0.59,61.0,61.0,0.352,0.197,3.632,2.823,4.663,4.014,0.1293,3.284,0.1406,3.572,0.192,0.147,rolamento_outer_novo,1000.0
168286,2026-06-05 23:06:47.454626+00:00,0.1159,2.945,73.68,23.15,0.0983,2.498,0.871,0.605,205.0,61.0,0.412,0.208,3.517,2.719,4.474,4.021,0.1639,4.165,0.1391,3.533,0.194,0.15,rolamento_outer_novo,1000.0
168326,2026-06-05 23:08:33.574651+00:00,0.1679,4.264,73.68,23.15,0.1763,4.479,2.023,1.127,65.9,65.9,1.043,0.387,3.951,4.224,4.707,5.018,0.2374,6.031,0.2493,6.334,0.429,0.224,rolamento_outer_novo,2000.0
168371,2026-06-05 23:20:08.190785+00:00,0.1703,4.325,74.1,23.38,0.1685,4.281,1.89,1.183,615.2,65.9,1.047,0.355,3.923,4.663,4.38,5.39,0.2408,6.117,0.2383,6.055,0.431,0.219,rolamento_outer_novo_teste,2000.0
168375,2026-06-05 23:20:16.191327+00:00,0.1839,4.671,74.1,23.38,0.1688,4.289,2.348,1.209,205.0,68.3,1.054,0.408,4.32,4.523,5.344,5.404,0.2601,6.606,0.2388,6.065,0.439,0.223,rolamento_outer_novo_teste,2000.0
168388,2026-06-05 23:20:42.193080+00:00,0.1876,4.765,74.19,23.44,0.2028,5.152,1.901,1.085,205.0,68.3,1.101,0.44,3.76,4.929,4.38,4.991,0.2653,6.739,0.2869,7.287,0.434,0.217,rolamento_outer_novo_teste,2000.0
168397,2026-06-05 23:21:00.194040+00:00,0.173,4.396,74.19,23.44,0.1826,4.64,1.956,0.899,615.2,65.9,1.101,0.4,3.887,3.578,4.239,4.235,0.2447,6.217,0.2583,6.562,0.461,0.212,rolamento_outer_novo_teste,2000.0
168403,2026-06-05 23:21:12.194598+00:00,0.1727,4.388,74.19,23.44,0.2122,5.39,1.894,1.1,68.3,68.3,1.015,0.502,3.861,4.31,4.371,4.965,0.2443,6.205,0.3001,7.623,0.433,0.221,rolamento_outer_novo_teste,2000.0
168452,2026-06-05 23:29:34.745711+00:00,0.1121,2.849,73.72,23.18,0.1046,2.657,1.058,0.522,68.3,102.5,0.389,0.179,2.997,2.579,3.775,3.282,0.1586,4.029,0.1479,3.758,0.28,0.159,normal_novo_teste,2000.0
168453,2026-06-05 23:29:36.745970+00:00,0.1078,2.739,73.72,23.18,0.0983,2.498,1.032,0.609,68.3,61.0,0.392,0.176,3.097,2.704,3.699,3.84,0.1525,3.873,0.1391,3.533,0.279,0.158,normal_novo_teste,2000.0
168461,2026-06-05 23:31:31.711142+00:00,0.0631,1.602,73.72,23.18,0.0853,2.168,0.544,0.604,61.0,61.0,0.199,0.108,2.659,2.602,3.138,4.219,0.0892,2.266,0.1207,3.066,0.173,0.143,normal_novo_teste,1000.0
168478,2026-06-05 23:32:05.713436+00:00,0.075,1.906,73.58,23.1,0.0739,1.879,0.619,0.561,9.7,61.0,0.224,0.104,2.724,2.511,3.596,3.984,0.1061,2.696,0.1046,2.657,0.172,0.14,normal_novo_teste,1000.0
168491,2026-06-05 23:32:31.715060+00:00,0.0662,1.682,73.58,23.1,0.073,1.855,0.653,0.515,58.5,61.0,0.217,0.104,2.732,2.45,4.033,3.638,0.0936,2.378,0.1033,2.624,0.161,0.141,normal_novo_teste,1000.0
168521,2026-06-05 23:36:29.741582+00:00,0.0191,0.486,65.8,18.77,0.0273,0.694,0.023,0.03,61.0,61.0,0.019,0.027,2.956,3.092,3.821,4.63,0.027,0.687,0.0386,0.982,0.006,0.006,motor_desligado_novo,0.0
168525,2026-06-05 23:36:37.742246+00:00,0.0188,0.478,65.8,18.77,0.0269,0.685,0.024,0.022,61.0,61.0,0.019,0.027,2.978,2.991,3.897,3.435,0.0266,0.676,0.0381,0.969,0.006,0.006,motor_desligado_novo,0.0
168538,2026-06-05 23:37:03.744218+00:00,0.0408,1.037,65.8,18.77,0.0592,1.504,0.034,0.03,61.0,61.0,0.041,0.06,3.219,3.214,5.198,4.165,0.0577,1.467,0.0837,2.128,0.006,0.007,motor_desligado_novo,0.0
168547,2026-06-05 23:37:21.745297+00:00,0.0411,1.044,65.8,18.77,0.0584,1.484,0.028,0.028,61.0,61.0,0.041,0.059,3.234,3.1,4.168,3.681,0.0581,1.477,0.0826,2.099,0.006,0.007,motor_desligado_novo,0.0
168553,2026-06-05 23:37:33.745956+00:00,0.0412,1.047,65.8,18.77,0.0585,1.487,0.026,0.029,61.0,61.0,0.042,0.059,3.028,3.048,4.005,4.018,0.0583,1.481,0.0828,2.104,0.006,0.007,motor_desligado_novo,0.0
168571,2026-06-05 23:38:33.653182+00:00,0.0412,1.046,66.12,18.95,0.058,1.474,0.03,0.035,61.0,61.0,0.041,0.059,3.163,3.318,4.498,4.762,0.0582,1.48,0.0821,2.085,0.006,0.007,mortor_desligado_novo,0.0
168575,2026-06-05 23:38:41.653463+00:00,0.041,1.043,66.12,18.95,0.059,1.5,0.026,0.025,61.0,61.0,0.041,0.059,3.063,3.055,3.953,3.445,0.058,1.475,0.0835,2.122,0.006,0.007,mortor_desligado_novo,0.0
168588,2026-06-05 23:39:07.655164+00:00,0.041,1.042,66.12,18.95,0.0589,1.496,0.035,0.031,61.0,61.0,0.041,0.059,3.292,3.044,5.155,4.221,0.058,1.473,0.0833,2.116,0.006,0.007,mortor_desligado_novo,0.0
168597,2026-06-05 23:39:25.656266+00:00,0.0408,1.037,66.12,18.95,0.0594,1.51,0.025,0.031,61.0,61.0,0.041,0.06,3.08,3.152,3.772,4.217,0.0577,1.467,0.0841,2.136,0.006,0.007,mortor_desligado_novo,0.0
168603,2026-06-05 23:39:37.656925+00:00,0.0414,1.052,66.12,18.95,0.0584,1.484,0.026,0.03,61.0,61.0,0.042,0.059,3.156,3.053,4.013,3.996,0.0585,1.487,0.0826,2.099,0.006,0.007,mortor_desligado_novo,0.0
168626,2026-06-06 11:03:42.639251+00:00,0.0567,1.44,66.03,18.9,0.0746,1.896,0.525,0.502,61.0,61.0,0.127,0.092,2.669,2.425,3.365,3.396,0.0802,2.037,0.1056,2.682,0.156,0.148,normal_carga_3,1000.0
168681,2026-06-06 11:05:57.337683+00:00,0.0466,1.185,66.91,19.39,0.0871,2.214,0.521,0.528,61.0,58.5,0.093,0.101,2.528,2.432,3.814,3.639,0.066,1.677,0.1232,3.131,0.136,0.145,normal_carga_3,500.0
168684,2026-06-06 11:06:03.338032+00:00,0.052,1.321,66.91,19.39,0.0791,2.01,0.418,0.527,61.0,61.0,0.089,0.093,2.378,2.485,3.082,3.672,0.0735,1.869,0.1119,2.843,0.135,0.143,normal_carga_3,500.0
168686,2026-06-06 11:06:07.337262+00:00,0.0537,1.364,66.91,19.39,0.084,2.134,0.431,0.425,61.0,61.0,0.094,0.092,2.429,2.343,3.137,2.961,0.0759,1.929,0.1188,3.019,0.137,0.143,normal_carga_3,500.0
168726,2026-06-06 11:07:55.919894+00:00,0.0749,1.903,66.91,19.39,0.1045,2.655,0.909,0.589,61.0,65.9,0.306,0.165,3.0,2.6,3.768,3.591,0.106,2.692,0.1478,3.755,0.241,0.164,normal_carga_3,2000.0
168802,2026-06-06 11:11:34.101830+00:00,0.1595,4.052,66.44,19.13,0.2397,6.09,1.187,0.627,34.1,100.0,0.466,0.375,3.198,2.87,3.825,3.519,0.2256,5.73,0.339,8.612,0.31,0.178,desbalanceado_carga_3,2000.0
168803,2026-06-06 11:11:36.101872+00:00,0.1526,3.878,66.44,19.13,0.2504,6.361,1.307,0.617,34.1,100.0,0.485,0.39,3.321,2.845,4.188,3.409,0.2159,5.484,0.3541,8.996,0.312,0.181,desbalanceado_carga_3,2000.0
168811,2026-06-06 11:12:14.988396+00:00,0.084,2.134,66.44,19.13,0.0768,1.953,0.625,0.564,17.0,61.0,0.152,0.1,2.727,2.483,3.753,3.751,0.1188,3.018,0.1087,2.762,0.166,0.15,desbalanceado_carga_3,1000.0
168828,2026-06-06 11:12:48.991255+00:00,0.09,2.287,66.44,19.13,0.0914,2.323,0.564,0.54,17.0,9.7,0.141,0.097,2.754,2.465,3.414,3.643,0.1273,3.235,0.1293,3.286,0.165,0.148,desbalanceado_carga_3,1000.0
168841,2026-06-06 11:13:14.993559+00:00,0.0887,2.255,66.44,19.13,0.0757,1.924,0.557,0.567,17.0,58.5,0.14,0.094,2.666,2.45,3.361,3.848,0.1255,3.189,0.1071,2.721,0.165,0.147,desbalanceado_carga_3,1000.0
168876,2026-06-06 11:18:36.577102+00:00,0.1034,2.626,67.55,19.75,0.1232,3.131,3.641,1.385,34.1,58.5,0.702,0.262,3.594,2.972,4.325,3.692,0.1462,3.714,0.1743,4.427,0.841,0.375,rolamento_ball_carga_3,2000.0
168931,2026-06-06 11:21:00.702361+00:00,0.0858,2.18,67.32,19.62,0.1016,2.582,1.403,0.785,61.0,9.7,0.609,0.241,3.81,3.061,4.06,3.968,0.1214,3.084,0.1437,3.651,0.345,0.197,rolamento_ball_carga_3,1000.0
168934,2026-06-06 11:21:06.702806+00:00,0.086,2.185,67.32,19.62,0.0835,2.122,1.43,0.743,61.0,61.0,0.653,0.245,3.544,2.92,4.398,3.887,0.1216,3.09,0.1181,3.002,0.325,0.191,rolamento_ball_carga_3,1000.0
168936,2026-06-06 11:21:10.702255+00:00,0.0835,2.122,67.32,19.62,0.1025,2.603,1.316,0.657,61.0,61.0,0.607,0.242,3.605,2.792,4.131,3.51,0.1181,3.001,0.1449,3.682,0.318,0.187,rolamento_ball_carga_3,1000.0
168976,2026-06-06 11:22:50.596808+00:00,0.0751,1.909,67.32,19.62,0.0945,2.401,0.461,0.461,61.0,61.0,0.287,0.159,2.629,2.425,3.064,3.137,0.1063,2.7,0.1337,3.396,0.15,0.147,rolamento_ball_carga_3,500.0
169026,2026-06-06 11:27:07.217053+00:00,0.0592,1.504,68.15,20.08,0.0843,2.142,0.46,0.438,61.0,61.0,0.098,0.099,2.444,2.39,3.433,3.073,0.0837,2.128,0.1192,3.029,0.134,0.142,normal_carga_3_2,500.0
169081,2026-06-06 11:29:13.273995+00:00,0.058,1.474,68.24,20.13,0.0813,2.065,0.56,0.471,61.0,61.0,0.137,0.094,2.757,2.466,3.559,3.241,0.0821,2.085,0.1149,2.92,0.157,0.145,normal_carga_3_2,1000.0
169084,2026-06-06 11:29:19.274342+00:00,0.0548,1.393,68.24,20.13,0.0743,1.888,0.592,0.503,61.0,61.0,0.143,0.097,2.734,2.64,3.759,3.414,0.0775,1.97,0.1051,2.67,0.157,0.147,normal_carga_3_2,1000.0
169086,2026-06-06 11:29:23.272840+00:00,0.0591,1.503,68.24,20.13,0.0913,2.321,0.538,0.482,61.0,58.5,0.134,0.095,2.619,2.41,3.465,3.343,0.0837,2.125,0.1292,3.283,0.155,0.144,normal_carga_3_2,1000.0
169126,2026-06-06 11:31:05.416656+00:00,0.07,1.779,68.24,20.13,0.0825,2.096,0.969,0.544,58.5,61.0,0.255,0.152,2.985,2.581,3.851,3.388,0.099,2.517,0.1167,2.964,0.251,0.16,normal_carga_3_2,2000.0
169202,2026-06-06 11:34:39.212649+00:00,0.1234,3.136,69.22,20.67,0.1689,4.291,1.184,0.622,34.1,34.1,0.347,0.216,2.966,2.873,4.163,3.527,0.1746,4.435,0.2389,6.069,0.284,0.176,desbalanceado_carga_3_2,2000.0
169203,2026-06-06 11:34:41.212701+00:00,0.1344,3.414,69.22,20.67,0.2118,5.381,1.306,0.583,34.1,34.1,0.378,0.284,3.317,2.822,4.555,3.381,0.1901,4.829,0.2996,7.611,0.286,0.172,desbalanceado_carga_3_2,2000.0
169221,2026-06-06 11:35:36.392349+00:00,0.115,2.921,69.22,20.67,0.0932,2.368,0.698,0.54,17.0,61.0,0.159,0.105,2.826,2.508,4.203,3.681,0.1626,4.132,0.1318,3.349,0.166,0.146,desbanlanceado_carga_3_2,1000.0
169225,2026-06-06 11:35:44.392885+00:00,0.1182,3.003,69.22,20.67,0.0909,2.309,0.554,0.492,17.0,61.0,0.143,0.106,2.643,2.516,3.331,3.285,0.1672,4.247,0.1286,3.266,0.166,0.149,desbanlanceado_carga_3_2,1000.0
169238,2026-06-06 11:36:10.394899+00:00,0.1101,2.797,69.22,20.67,0.0829,2.106,0.56,0.579,17.0,61.0,0.145,0.097,2.63,2.397,3.37,3.939,0.1557,3.955,0.1172,2.978,0.166,0.147,desbanlanceado_carga_3_2,1000.0
169247,2026-06-06 11:36:28.396395+00:00,0.1126,2.862,69.22,20.67,0.0815,2.07,0.587,0.544,14.6,61.0,0.152,0.097,2.711,2.51,3.615,3.715,0.1593,4.047,0.1152,2.928,0.162,0.146,desbanlanceado_carga_3_2,1000.0
169253,2026-06-06 11:36:40.397380+00:00,0.1094,2.779,69.22,20.67,0.0809,2.056,0.595,0.544,17.0,61.0,0.175,0.102,2.776,2.499,3.463,3.615,0.1547,3.93,0.1144,2.907,0.171,0.15,desbanlanceado_carga_3_2,1000.0
169261,2026-06-06 11:37:20.808833+00:00,0.1007,2.56,69.22,20.67,0.0883,2.245,0.596,0.469,9.7,61.0,0.098,0.089,2.45,2.338,4.348,3.334,0.1425,3.62,0.125,3.175,0.137,0.14,desbalanceado_carga_3_2,500.0
169278,2026-06-06 11:37:54.810994+00:00,0.0781,1.983,69.22,20.67,0.0797,2.025,0.431,0.493,9.7,61.0,0.104,0.09,2.407,2.411,3.128,3.415,0.1104,2.805,0.1128,2.865,0.137,0.144,desbalanceado_carga_3_2,500.0
169291,2026-06-06 11:38:20.812550+00:00,0.074,1.881,69.22,20.67,0.0751,1.908,0.523,0.56,9.7,61.0,0.097,0.093,2.484,2.36,3.794,3.862,0.1047,2.66,0.1062,2.699,0.138,0.145,desbalanceado_carga_3_2,500.0
169352,2026-06-06 11:41:10.920647+00:00,0.0544,1.382,68.89,20.49,0.0801,2.036,0.496,0.52,61.0,61.0,0.103,0.091,2.402,2.371,3.643,3.682,0.0769,1.955,0.1133,2.88,0.136,0.141,normal_carga_3_3,500.0
169353,2026-06-06 11:41:12.920781+00:00,0.0595,1.512,68.89,20.49,0.0886,2.251,0.426,0.488,61.0,61.0,0.097,0.096,2.42,2.402,3.127,3.458,0.0842,2.139,0.1253,3.184,0.136,0.141,normal_carga_3_3,500.0
169361,2026-06-06 11:41:44.219247+00:00,0.0517,1.313,68.89,20.49,0.0969,2.463,0.58,0.529,61.0,12.2,0.127,0.102,2.827,2.444,3.498,3.556,0.0731,1.857,0.1371,3.483,0.165,0.149,normal_carga_3_3,1000.0
169378,2026-06-06 11:42:18.221061+00:00,0.065,1.652,68.89,20.49,0.0783,1.988,0.567,0.458,61.0,61.0,0.135,0.1,2.744,2.446,3.369,3.098,0.092,2.337,0.1107,2.812,0.168,0.147,normal_carga_3_3,1000.0
169391,2026-06-06 11:42:44.222545+00:00,0.0597,1.516,68.89,20.49,0.0825,2.096,0.556,0.564,61.0,61.0,0.133,0.096,2.715,2.427,3.294,3.837,0.0844,2.144,0.1167,2.964,0.168,0.147,normal_carga_3_3,1000.0
169421,2026-06-06 11:43:59.384316+00:00,0.0791,2.01,69.31,20.72,0.0904,2.296,1.14,0.638,61.0,61.0,0.283,0.145,3.148,2.741,4.285,3.86,0.1119,2.842,0.1278,3.248,0.266,0.165,normla_carga_3_3,2000.0
169425,2026-06-06 11:44:07.384796+00:00,0.0758,1.926,69.31,20.72,0.1003,2.547,1.104,0.644,58.5,61.0,0.286,0.162,3.091,2.89,4.119,3.889,0.1072,2.724,0.1418,3.603,0.268,0.165,normla_carga_3_3,2000.0
169438,2026-06-06 11:44:33.386059+00:00,0.0723,1.837,69.31,20.72,0.0852,2.164,1.013,0.595,61.0,61.0,0.29,0.143,2.955,2.72,3.806,3.549,0.1023,2.598,0.1205,3.061,0.266,0.167,normla_carga_3_3,2000.0
169447,2026-06-06 11:44:51.387411+00:00,0.0806,2.049,69.31,20.72,0.1131,2.874,1.085,0.535,34.1,9.7,0.274,0.157,3.061,2.656,3.98,3.236,0.1141,2.898,0.16,4.064,0.272,0.165,normla_carga_3_3,2000.0
169453,2026-06-06 11:45:03.388223+00:00,0.0703,1.786,69.31,20.72,0.1058,2.687,1.131,0.578,61.0,58.5,0.275,0.172,3.019,2.768,4.15,3.509,0.0994,2.526,0.1496,3.8,0.272,0.164,normla_carga_3_3,2000.0
169460,2026-06-09 00:19:18.575367+00:00,0.0584,1.484,67.0,19.44,0.0745,1.894,0.533,0.492,58.5,58.5,0.107,0.094,2.504,2.398,3.818,3.433,0.0826,2.099,0.1054,2.679,0.139,0.143,normal,500.0
169493,2026-06-09 00:20:24.583354+00:00,0.0701,1.782,67.0,19.44,0.0662,1.682,0.451,0.517,9.7,61.0,0.103,0.088,2.408,2.469,3.276,3.593,0.0992,2.52,0.0936,2.378,0.137,0.143,normal,500.0
169523,2026-06-09 00:21:24.586903+00:00,0.0627,1.593,67.18,19.54,0.0772,1.961,0.51,0.442,9.7,58.5,0.105,0.092,2.588,2.375,3.666,3.093,0.0887,2.253,0.1092,2.773,0.139,0.143,normal,500.0
169549,2026-06-09 00:22:16.586124+00:00,0.077,1.956,67.18,19.54,0.0729,1.852,0.499,0.478,9.7,61.0,0.109,0.089,2.468,2.394,3.596,3.316,0.1089,2.767,0.1031,2.619,0.138,0.144,normal,500.0
169573,2026-06-09 00:23:04.590674+00:00,0.0662,1.681,67.18,19.54,0.0718,1.825,0.464,0.515,9.7,61.0,0.101,0.092,2.532,2.447,3.305,3.605,0.0936,2.378,0.1016,2.582,0.14,0.142,normal,500.0
169679,2026-06-09 00:35:33.893254+00:00,0.0678,1.724,67.6,19.77,0.0707,1.797,0.547,0.522,9.7,61.0,0.114,0.089,2.531,2.41,3.87,3.643,0.096,2.438,0.1,2.542,0.141,0.143,desbalanceamento,500.0
169680,2026-06-09 00:35:35.893550+00:00,0.0661,1.679,67.6,19.77,0.0744,1.891,0.487,0.455,9.7,58.5,0.112,0.09,2.472,2.424,3.502,3.181,0.0935,2.375,0.1053,2.675,0.139,0.143,desbalanceamento,500.0
169688,2026-06-09 00:42:28.272410+00:00,0.0621,1.578,68.2,20.11,0.0789,2.006,0.469,0.468,61.0,61.0,0.108,0.092,2.499,2.392,3.351,3.257,0.0878,2.231,0.1116,2.837,0.14,0.143,desbalanceamento,500.0
169705,2026-06-09 00:43:02.274161+00:00,0.0621,1.577,68.2,20.11,0.0695,1.765,0.422,0.507,61.0,61.0,0.108,0.089,2.449,2.396,3.007,3.524,0.0878,2.231,0.0983,2.496,0.14,0.144,desbalanceamento,500.0
169718,2026-06-09 00:43:28.275588+00:00,0.0668,1.697,68.2,20.11,0.0655,1.664,0.602,0.587,9.7,61.0,0.112,0.086,2.536,2.431,4.255,4.081,0.0945,2.4,0.0926,2.354,0.141,0.143,desbalanceamento,500.0
169735,2026-06-09 01:19:33.485166+00:00,0.0563,1.432,68.48,20.26,0.0712,1.81,0.479,0.474,61.0,61.0,0.119,0.09,2.437,2.42,3.473,3.3,0.0797,2.025,0.1007,2.56,0.137,0.143,normal_6,500.0
169736,2026-06-09 01:19:38.486820+00:00,0.055,1.397,68.48,20.26,0.0706,1.794,0.467,0.437,61.0,61.0,0.108,0.09,2.516,2.346,3.318,3.008,0.0777,1.975,0.0999,2.538,0.14,0.145,normal_6,500.0
169743,2026-06-09 01:20:43.052192+00:00,0.0615,1.564,68.48,20.26,0.0832,2.113,0.487,0.494,61.0,61.0,0.104,0.091,2.557,2.429,3.478,3.459,0.087,2.211,0.1176,2.988,0.14,0.142,normal_6,500.0
169750,2026-06-09 01:21:39.644705+00:00,0.0623,1.584,68.43,20.24,0.069,1.754,0.529,0.647,9.7,61.0,0.113,0.089,2.617,2.648,3.812,4.422,0.0882,2.241,0.0976,2.48,0.138,0.146,normal_6,500.0
169752,2026-06-09 01:22:09.876006+00:00,0.063,1.601,68.43,20.24,0.0742,1.884,0.414,0.457,61.0,61.0,0.116,0.093,2.44,2.385,2.972,3.174,0.0891,2.265,0.1049,2.665,0.139,0.144,normal_6,500.0
169786,2026-06-09 10:40:29.875808+00:00,0.0394,1.003,65.66,18.7,0.0565,1.435,0.028,0.036,61.0,61.0,0.039,0.057,3.279,3.286,4.28,4.853,0.0558,1.418,0.0799,2.03,0.006,0.007,teste,0.0
169808,2026-06-09 10:49:31.809443+00:00,0.0549,1.396,65.75,18.75,0.0727,1.848,0.491,0.447,61.0,61.0,0.104,0.087,2.446,2.304,3.608,3.141,0.0777,1.974,0.1029,2.614,0.136,0.142,normal_adxl_0,500.0
169863,2026-06-09 10:55:18.915338+00:00,0.0632,1.607,65.48,18.6,0.0757,1.923,0.522,0.506,61.0,61.0,0.16,0.091,2.75,2.426,3.246,3.394,0.0895,2.273,0.1071,2.72,0.16,0.149,normal_adxl_0,1000.0
169866,2026-06-09 10:55:35.666314+00:00,0.0593,1.506,65.48,18.6,0.0749,1.904,0.544,0.48,61.0,61.0,0.142,0.094,2.726,2.375,3.332,3.26,0.0838,2.13,0.106,2.694,0.163,0.147,normal_adxl_0,1000.0
169868,2026-06-09 10:55:46.866517+00:00,0.0636,1.616,65.48,18.6,0.0824,2.093,0.583,0.501,58.5,61.0,0.145,0.092,2.725,2.468,3.537,3.401,0.09,2.286,0.1165,2.961,0.165,0.147,normal_adxl_0,1000.0
169908,2026-06-09 10:59:54.114537+00:00,0.0654,1.662,65.8,18.77,0.0899,2.285,0.907,0.604,34.1,58.5,0.266,0.163,2.942,2.652,3.99,3.614,0.0925,2.351,0.1272,3.232,0.227,0.167,normal_adxl_0,2000.0
169984,2026-06-09 11:08:06.565158+00:00,0.0856,2.174,68.57,20.31,0.0854,2.171,0.543,0.565,9.7,61.0,0.102,0.087,2.465,2.494,3.902,3.923,0.121,3.075,0.1209,3.071,0.139,0.144,desbalanceado_adxl_0,500.0
169985,2026-06-09 11:08:12.065264+00:00,0.0838,2.128,68.57,20.31,0.0878,2.23,0.492,0.517,9.7,9.7,0.1,0.086,2.475,2.323,3.574,3.65,0.1185,3.01,0.1242,3.154,0.137,0.141,desbalanceado_adxl_0,500.0
170003,2026-06-09 11:11:35.340317+00:00,0.0783,1.99,67.09,19.49,0.0716,1.819,0.621,0.521,17.0,61.0,0.139,0.093,2.777,2.393,3.795,3.586,0.1107,2.814,0.1012,2.572,0.163,0.145,ddesbalanceado_adxl_0,1000.0
170007,2026-06-09 11:11:57.340738+00:00,0.0748,1.901,67.09,19.49,0.0656,1.666,0.622,0.525,17.0,61.0,0.145,0.089,2.808,2.52,3.79,3.541,0.1058,2.688,0.0927,2.357,0.164,0.148,ddesbalanceado_adxl_0,1000.0
170020,2026-06-09 11:13:08.842310+00:00,0.0712,1.81,67.32,19.62,0.0859,2.182,0.516,0.519,17.0,61.0,0.15,0.096,2.707,2.503,3.147,3.504,0.1007,2.559,0.1215,3.086,0.164,0.148,ddesbalanceado_adxl_0,1000.0
170029,2026-06-09 11:13:58.343360+00:00,0.0769,1.954,67.32,19.62,0.0692,1.759,0.593,0.57,17.0,61.0,0.159,0.092,2.746,2.506,3.586,3.828,0.1087,2.763,0.0979,2.487,0.165,0.148,ddesbalanceado_adxl_0,1000.0
170035,2026-06-09 11:14:31.344043+00:00,0.0704,1.789,67.32,19.62,0.071,1.805,0.564,0.464,17.0,61.0,0.151,0.093,2.651,2.501,3.444,3.142,0.0996,2.53,0.1005,2.553,0.163,0.147,ddesbalanceado_adxl_0,1000.0
170043,2026-06-09 11:15:49.413143+00:00,0.1163,2.954,67.32,19.62,0.1734,4.405,0.868,0.666,34.1,34.1,0.366,0.251,2.927,2.811,3.216,3.74,0.1645,4.178,0.2452,6.229,0.269,0.178,desbalanceado_adxl_0,2000.0
170060,2026-06-09 11:17:22.914392+00:00,0.1196,3.039,67.55,19.75,0.158,4.013,1.098,0.614,34.1,34.1,0.395,0.209,3.009,2.816,3.906,3.494,0.1692,4.298,0.2234,5.675,0.281,0.175,desbalanceado_adxl_0,2000.0
170073,2026-06-09 11:18:34.416287+00:00,0.1193,3.032,67.55,19.75,0.1625,4.127,1.193,0.618,34.1,34.1,0.408,0.207,3.117,2.866,4.185,3.45,0.1688,4.288,0.2298,5.837,0.285,0.179,desbalanceado_adxl_0,2000.0
170108,2026-06-09 11:25:47.162069+00:00,0.0578,1.468,68.29,20.16,0.089,2.262,0.563,0.501,61.0,61.0,0.258,0.144,2.708,2.498,3.655,3.442,0.0817,2.076,0.1259,3.2,0.154,0.145,rolamento_ball_adxl_0,500.0
170163,2026-06-09 11:31:41.085100+00:00,0.0885,2.248,68.52,20.29,0.0799,2.03,1.726,0.865,61.0,58.5,0.645,0.232,3.77,3.003,5.104,4.376,0.1251,3.179,0.113,2.87,0.338,0.197,rolamento_ball_adxl_0,1000.0
170166,2026-06-09 11:31:57.585532+00:00,0.0857,2.178,68.52,20.29,0.0921,2.341,1.307,0.766,61.0,58.5,0.657,0.221,3.095,2.795,4.054,4.082,0.1213,3.081,0.1303,3.31,0.322,0.187,rolamento_ball_adxl_0,1000.0
170168,2026-06-09 11:32:08.585552+00:00,0.0924,2.347,68.52,20.29,0.0899,2.285,1.611,0.738,9.7,61.0,0.632,0.244,3.485,2.828,4.955,3.835,0.1306,3.319,0.1272,3.232,0.325,0.192,rolamento_ball_adxl_0,1000.0
170208,2026-06-09 11:36:27.433022+00:00,0.0997,2.533,68.98,20.54,0.1613,4.098,3.175,1.598,61.0,61.0,0.697,0.288,3.353,3.18,3.963,4.188,0.141,3.582,0.2281,5.796,0.801,0.381,rolamento_ball_adxl_0,2000.0
170258,2026-06-09 11:44:26.091003+00:00,0.0699,1.777,70.05,21.14,0.0751,1.908,0.473,0.47,58.5,61.0,0.206,0.11,2.442,2.408,3.535,3.345,0.0989,2.514,0.1062,2.699,0.133,0.14,rolamento_inner_adxl_0,500.0
170313,2026-06-09 11:49:55.863613+00:00,0.0828,2.103,70.28,21.27,0.0952,2.418,0.918,0.531,61.0,61.0,0.39,0.158,4.339,2.689,5.162,3.453,0.1171,2.975,0.1346,3.419,0.177,0.153,rolamento_inner_adxl_0,1000.0
170316,2026-06-09 11:50:12.364039+00:00,0.0709,1.801,70.28,21.27,0.0901,2.29,0.625,0.513,58.5,61.0,0.301,0.16,2.948,2.546,4.073,3.507,0.1003,2.548,0.1275,3.239,0.153,0.146,rolamento_inner_adxl_0,1000.0
170318,2026-06-09 11:50:23.364132+00:00,0.0789,2.005,69.91,21.06,0.0822,2.089,0.891,0.564,61.0,61.0,0.361,0.159,3.703,2.649,5.293,3.805,0.1116,2.835,0.1163,2.954,0.168,0.148,rolamento_inner_adxl_0,1000.0
170358,2026-06-09 11:54:36.380031+00:00,0.0955,2.428,69.91,21.06,0.1942,4.933,1.716,0.917,61.0,102.5,0.682,0.374,4.8,3.282,4.928,4.378,0.1351,3.433,0.2746,6.976,0.348,0.209,rolamento_inner_adxl_0,2000.0
170408,2026-06-09 12:02:14.616895+00:00,0.0513,1.305,70.74,21.52,0.0849,2.156,0.477,0.605,61.0,61.0,0.116,0.104,2.446,2.484,3.523,4.28,0.0726,1.845,0.12,3.05,0.135,0.141,rolamento_outer_adxl_0,500.0
170463,2026-06-09 12:11:07.435084+00:00,0.0659,1.675,70.74,21.52,0.0897,2.278,0.743,0.572,61.0,58.5,0.264,0.118,3.504,2.516,4.125,3.892,0.0932,2.368,0.1268,3.222,0.18,0.147,rolamento_outer_adxl_0,1000.0
170466,2026-06-09 12:11:23.935168+00:00,0.0646,1.642,70.74,21.52,0.0867,2.203,0.767,0.564,9.7,61.0,0.25,0.113,3.362,2.538,4.472,3.761,0.0914,2.323,0.1227,3.116,0.171,0.15,rolamento_outer_adxl_0,1000.0
170468,2026-06-09 12:11:34.935465+00:00,0.0566,1.437,70.74,21.52,0.0862,2.191,0.868,0.581,61.0,61.0,0.269,0.121,3.611,2.55,4.719,3.939,0.08,2.033,0.122,3.099,0.184,0.147,rolamento_outer_adxl_0,1000.0
170508,2026-06-09 13:12:28.048868+00:00,0.0826,2.1,70.28,21.27,0.1157,2.939,1.46,0.812,61.0,17.0,0.542,0.209,3.326,3.026,4.486,4.357,0.1169,2.97,0.1636,4.156,0.325,0.186,rolamento_outer_adxl_0,2000.0
170558,2026-06-09 13:20:17.137935+00:00,0.0525,1.336,70.05,21.14,0.0698,1.775,0.454,0.502,61.0,61.0,0.143,0.106,2.521,2.371,3.244,3.534,0.0743,1.889,0.0988,2.51,0.14,0.142,rolamento_comb_adxl_0,500.0
170613,2026-06-09 13:25:48.661782+00:00,0.0669,1.699,70.0,21.11,0.0766,1.947,0.963,0.504,61.0,61.0,0.287,0.14,3.594,2.558,5.016,3.321,0.0946,2.403,0.1084,2.754,0.192,0.151,rolamento_comb_adxl_0,1000.0
170616,2026-06-09 13:26:05.162113+00:00,0.0765,1.944,70.0,21.11,0.0886,2.251,0.908,0.614,61.0,61.0,0.362,0.172,3.27,2.77,4.545,3.931,0.1082,2.75,0.1253,3.183,0.199,0.156,rolamento_comb_adxl_0,1000.0
170618,2026-06-09 13:26:16.162281+00:00,0.0698,1.774,70.0,21.11,0.0674,1.712,1.202,0.573,61.0,61.0,0.306,0.133,4.516,2.631,6.012,3.722,0.0988,2.51,0.0953,2.421,0.199,0.154,rolamento_comb_adxl_0,1000.0
170658,2026-06-09 13:30:42.468718+00:00,0.0992,2.52,70.93,21.63,0.1504,3.822,6.248,1.802,58.5,100.0,0.711,0.318,12.705,5.463,10.004,6.417,0.1403,3.563,0.2128,5.405,0.624,0.28,rolamento_comb_adxl_0,2000.0
170708,2026-06-09 13:40:33.277625+00:00,0.0491,1.247,71.49,21.94,0.08,2.032,0.401,0.505,61.0,61.0,0.091,0.091,2.335,2.329,3.041,3.61,0.0694,1.764,0.1131,2.874,0.131,0.14,eccentric_adxl_0,500.0
170763,2026-06-09 13:46:10.333751+00:00,0.0646,1.642,70.7,21.5,0.0739,1.877,0.503,0.433,61.0,61.0,0.164,0.098,2.646,2.394,3.324,3.079,0.0914,2.323,0.1045,2.655,0.151,0.14,eccentric_adxl_0,1000.0
170766,2026-06-09 13:46:26.834056+00:00,0.05,1.27,70.7,21.5,0.0789,2.004,0.518,0.518,61.0,61.0,0.143,0.097,2.659,2.45,3.374,3.664,0.0707,1.797,0.1115,2.834,0.153,0.141,eccentric_adxl_0,1000.0
170768,2026-06-09 13:46:37.834325+00:00,0.0517,1.315,70.7,21.5,0.0671,1.706,0.557,0.487,58.5,61.0,0.141,0.089,2.701,2.37,3.646,3.471,0.0732,1.86,0.095,2.413,0.152,0.14,eccentric_adxl_0,1000.0
170808,2026-06-09 13:50:44.062009+00:00,0.0973,2.471,70.56,21.42,0.1185,3.012,0.833,0.57,34.1,34.1,0.294,0.172,2.958,2.607,3.513,3.43,0.1376,3.495,0.1677,4.259,0.237,0.166,eccentric_adxl_0,2000.0
170853,2026-06-09 13:58:35.955923+00:00,0.0538,1.367,71.39,21.88,0.0763,1.938,0.405,0.512,61.0,61.0,0.112,0.096,2.371,2.38,3.025,3.654,0.0761,1.933,0.1079,2.741,0.133,0.14,cockecocked_adxl_0,500.0
170857,2026-06-09 13:58:57.956322+00:00,0.061,1.549,71.39,21.88,0.0717,1.821,0.538,0.576,9.7,61.0,0.116,0.094,2.494,2.377,3.973,4.193,0.0862,2.191,0.1014,2.575,0.135,0.137,cockecocked_adxl_0,500.0
170870,2026-06-09 14:00:09.457611+00:00,0.0488,1.239,71.26,21.81,0.07,1.778,0.439,0.452,58.5,61.0,0.119,0.093,2.465,2.382,3.246,3.27,0.069,1.753,0.099,2.515,0.135,0.138,cockecocked_adxl_0,500.0
170879,2026-06-09 14:00:58.958787+00:00,0.0541,1.375,71.26,21.81,0.0727,1.847,0.422,0.478,58.5,61.0,0.111,0.089,2.392,2.401,3.065,3.415,0.0765,1.945,0.1028,2.612,0.137,0.14,cockecocked_adxl_0,500.0
170885,2026-06-09 14:01:31.959294+00:00,0.0514,1.306,71.26,21.81,0.0741,1.883,0.403,0.427,61.0,61.0,0.102,0.089,2.39,2.309,3.005,3.076,0.0727,1.847,0.1048,2.663,0.134,0.138,cockecocked_adxl_0,500.0
170934,2026-06-09 14:07:03.459407+00:00,0.0545,1.384,71.63,22.01,0.0843,2.142,0.637,0.528,61.0,61.0,0.153,0.107,2.989,2.559,3.889,3.668,0.077,1.957,0.1192,3.03,0.163,0.144,cocked_adxl_0,1000.0
170935,2026-06-09 14:07:08.959541+00:00,0.0553,1.406,71.63,22.01,0.0806,2.047,0.599,0.579,61.0,61.0,0.163,0.112,2.778,2.495,3.664,3.934,0.0782,1.988,0.114,2.895,0.163,0.147,cocked_adxl_0,1000.0
170943,2026-06-09 14:08:25.407815+00:00,0.0892,2.267,71.44,21.91,0.1344,3.415,0.84,0.692,34.1,34.1,0.327,0.172,2.992,2.832,3.652,4.235,0.1262,3.206,0.1901,4.83,0.23,0.163,cocked_adxl_0,2000.0
170960,2026-06-09 14:09:58.909523+00:00,0.0854,2.171,71.44,21.91,0.12,3.048,0.932,0.527,34.1,34.1,0.333,0.175,2.969,2.753,3.923,3.196,0.1208,3.07,0.1697,4.311,0.237,0.164,cocked_adxl_0,2000.0
170973,2026-06-09 14:11:10.410892+00:00,0.0772,1.962,71.77,22.09,0.1067,2.711,0.89,0.757,34.1,34.1,0.315,0.164,3.004,2.923,3.817,4.421,0.1092,2.775,0.1509,3.833,0.233,0.171,cocked_adxl_0,2000.0
171008,2026-06-09 14:18:41.702661+00:00,0.0552,1.403,71.91,22.17,0.0739,1.878,0.48,0.432,61.0,61.0,0.106,0.102,2.491,2.37,3.533,3.079,0.0781,1.984,0.1045,2.656,0.136,0.14,normal_adxl_1,500.0
171063,2026-06-09 14:24:19.003983+00:00,0.05,1.272,71.53,21.96,0.1026,2.606,0.51,0.515,61.0,58.5,0.162,0.135,2.635,2.514,3.279,3.595,0.0708,1.799,0.1451,3.685,0.155,0.143,normal_adxl_1,1000.0
171066,2026-06-09 14:24:35.504232+00:00,0.0629,1.599,71.53,21.96,0.0909,2.309,0.524,0.488,9.7,61.0,0.164,0.119,2.703,2.465,3.376,3.368,0.089,2.262,0.1286,3.266,0.155,0.145,normal_adxl_1,1000.0
171068,2026-06-09 14:24:46.504464+00:00,0.0586,1.49,71.53,21.96,0.0864,2.197,0.545,0.483,9.7,58.5,0.142,0.111,2.774,2.431,3.443,3.315,0.083,2.108,0.1223,3.107,0.158,0.145,normal_adxl_1,1000.0
171108,2026-06-09 14:28:53.833842+00:00,0.0835,2.123,71.58,21.99,0.1479,3.757,0.913,0.592,31.7,102.5,0.27,0.24,3.003,2.775,4.021,3.429,0.1182,3.002,0.2092,5.313,0.227,0.172,normal_adxl_1,2000.0
171158,2026-06-09 14:35:01.285646+00:00,0.0518,1.316,71.86,22.14,0.0927,2.354,0.449,0.592,61.0,61.0,0.105,0.11,2.515,2.537,3.319,4.266,0.0732,1.861,0.1311,3.33,0.135,0.138,ventoinha_adxl_0,500.0
171213,2026-06-09 14:40:38.059055+00:00,0.0569,1.445,72.46,22.48,0.0925,2.35,0.576,0.492,61.0,61.0,0.144,0.11,2.774,2.464,3.675,3.403,0.0805,2.044,0.1308,3.324,0.156,0.144,ventoinha_adxl_0,1000.0
171216,2026-06-09 14:40:54.559410+00:00,0.0621,1.577,72.46,22.48,0.0775,1.969,0.571,0.536,61.0,61.0,0.141,0.11,2.697,2.554,3.571,3.687,0.0878,2.23,0.1096,2.785,0.16,0.145,ventoinha_adxl_0,1000.0
171218,2026-06-09 14:41:05.559596+00:00,0.056,1.424,72.46,22.48,0.0762,1.937,0.519,0.513,61.0,61.0,0.145,0.1,2.728,2.553,3.286,3.516,0.0792,2.014,0.1078,2.74,0.158,0.146,ventoinha_adxl_0,1000.0
171258,2026-06-09 14:45:18.705103+00:00,0.0963,2.448,72.09,22.27,0.1563,3.97,0.776,0.628,34.1,102.5,0.284,0.251,2.907,2.743,3.428,3.737,0.1363,3.462,0.221,5.615,0.226,0.168,ventoinha_adxl_0,2000.0
171294,2026-06-09 14:50:48.778830+00:00,0.0484,1.231,72.7,22.61,0.0899,2.284,0.483,0.516,61.0,51.2,0.095,0.107,2.472,2.362,3.596,3.757,0.0685,1.741,0.1271,3.23,0.134,0.137,desbalanceado_adxl_1,500.0
171298,2026-06-09 14:51:10.779207+00:00,0.0558,1.418,72.7,22.61,0.0938,2.382,0.494,0.558,61.0,51.2,0.112,0.118,2.47,2.552,3.653,4.017,0.0789,2.006,0.1326,3.369,0.135,0.139,desbalanceado_adxl_1,500.0
171303,2026-06-09 14:51:38.279904+00:00,0.0681,1.73,72.7,22.61,0.092,2.337,0.49,0.415,9.7,51.2,0.11,0.116,2.45,2.302,3.624,3.028,0.0963,2.447,0.1301,3.305,0.135,0.137,desbalanceado_adxl_1,500.0
171315,2026-06-09 14:53:12.723246+00:00,0.063,1.601,72.7,22.61,0.0723,1.837,0.522,0.564,17.0,61.0,0.165,0.106,2.638,2.472,3.399,3.917,0.0891,2.265,0.1022,2.598,0.153,0.144,desbalanceado_adxl_1,1000.0
171316,2026-06-09 14:53:18.223304+00:00,0.0597,1.517,72.7,22.61,0.0833,2.117,0.562,0.564,61.0,61.0,0.137,0.114,2.778,2.608,3.607,3.859,0.0844,2.146,0.1179,2.995,0.155,0.146,desbalanceado_adxl_1,1000.0
171332,2026-06-09 14:55:13.539306+00:00,0.079,2.007,72.56,22.53,0.2126,5.4,1.101,0.641,61.0,34.1,0.346,0.277,3.147,2.769,4.538,3.702,0.1117,2.838,0.3006,7.637,0.242,0.173,dedesbalanceado_adxl_1,2000.0
171333,2026-06-09 14:55:19.038512+00:00,0.0793,2.015,72.56,22.53,0.2196,5.578,1.054,0.622,58.5,34.1,0.361,0.255,3.124,2.876,4.401,3.602,0.1122,2.85,0.3106,7.889,0.239,0.172,dedesbalanceado_adxl_1,2000.0
171340,2026-06-09 14:55:57.538769+00:00,0.0861,2.187,72.56,22.53,0.1994,5.066,0.883,0.622,200.1,34.1,0.361,0.255,2.974,2.828,3.666,3.592,0.1217,3.093,0.2821,7.165,0.24,0.173,dedesbalanceado_adxl_1,2000.0
171347,2026-06-09 14:56:36.039493+00:00,0.0876,2.227,72.93,22.74,0.2191,5.567,1.042,0.611,17.0,34.1,0.336,0.297,3.12,2.81,4.162,3.524,0.124,3.149,0.3099,7.873,0.25,0.173,dedesbalanceado_adxl_1,2000.0
171349,2026-06-09 14:56:47.039668+00:00,0.0731,1.859,72.93,22.74,0.2483,6.309,0.901,0.555,61.0,34.1,0.283,0.332,3.237,2.808,3.645,3.279,0.1035,2.629,0.3512,8.922,0.247,0.169,dedesbalanceado_adxl_1,2000.0
171353,2026-06-09 15:00:21.845996+00:00,0.0462,1.173,73.02,22.79,0.1142,2.903,0.431,0.532,61.0,51.2,0.085,0.116,2.345,2.463,3.263,3.863,0.0653,1.66,0.1616,4.105,0.132,0.137,rolamento_outer_adxl_1,500.0
171358,2026-06-09 15:00:49.346213+00:00,0.0516,1.31,73.02,22.79,0.1099,2.792,0.387,0.408,61.0,51.2,0.086,0.114,2.327,2.321,2.974,2.989,0.0729,1.853,0.1554,3.948,0.13,0.136,rolamento_outer_adxl_1,500.0
171396,2026-06-09 15:05:02.504511+00:00,0.0723,1.836,73.35,22.97,0.1607,4.082,1.209,0.596,61.0,65.9,0.276,0.231,3.142,2.709,5.012,3.587,0.1022,2.597,0.2272,5.773,0.241,0.166,rolamento_outer_adxl_1,2000.0
171410,2026-06-09 15:06:19.505753+00:00,0.0728,1.851,73.35,22.97,0.1689,4.292,1.117,0.706,61.0,65.9,0.306,0.235,3.421,2.942,4.535,4.01,0.103,2.618,0.239,6.07,0.246,0.176,rolamento_outer_adxl_1,2000.0
171414,2026-06-09 15:06:41.506486+00:00,0.0747,1.897,73.35,22.97,0.1622,4.122,1.01,0.59,61.0,65.9,0.307,0.229,3.051,2.786,3.971,3.399,0.1056,2.683,0.2295,5.829,0.254,0.173,rolamento_outer_adxl_1,2000.0
171431,2026-06-10 18:30:38.198964+00:00,0.0507,1.288,66.4,19.11,0.0982,2.495,0.377,0.436,61.0,51.2,0.083,0.115,2.256,2.337,2.906,3.098,0.0717,1.822,0.1389,3.529,0.129,0.14,new_rolamento_outer_0,500.0
171446,2026-06-10 18:31:57.700225+00:00,0.0539,1.371,66.4,19.11,0.0998,2.537,0.514,0.531,61.0,51.2,0.076,0.116,2.339,2.369,3.875,3.71,0.0763,1.939,0.1412,3.588,0.132,0.143,new_rolamento_outer_0,500.0
171511,2026-06-10 18:38:14.456617+00:00,0.0595,1.512,65.11,18.39,0.0715,1.817,0.422,0.586,61.0,58.5,0.128,0.121,2.356,2.482,2.958,3.992,0.0842,2.139,0.1011,2.57,0.142,0.146,new_rolamento_outer_0,1000.0
171531,2026-06-10 18:40:23.959301+00:00,0.0653,1.66,65.11,18.39,0.0736,1.87,0.927,0.764,61.0,61.0,0.344,0.166,3.003,2.988,3.848,4.085,0.0924,2.348,0.1041,2.644,0.24,0.187,new_rolamento_outer_0,2000.0
171544,2026-06-10 18:41:32.860268+00:00,0.0669,1.699,66.08,18.93,0.0751,1.908,1.144,0.831,58.5,61.0,0.331,0.159,3.235,3.153,4.69,4.286,0.0946,2.403,0.1062,2.699,0.244,0.193,new_rolamento_outer_0,2000.0
171581,2026-06-10 18:47:56.438057+00:00,0.0574,1.458,66.63,19.24,0.0787,2.0,0.439,0.471,61.0,61.0,0.111,0.104,2.361,2.383,3.34,3.329,0.0811,2.061,0.1113,2.829,0.131,0.141,new_rolamento_inner_0,500.0
171596,2026-06-10 18:49:15.939303+00:00,0.061,1.55,66.63,19.24,0.0761,1.933,0.431,0.474,61.0,58.5,0.108,0.099,2.282,2.348,3.345,3.339,0.0863,2.193,0.1076,2.734,0.128,0.141,new_rolamento_inner_0,500.0
171661,2026-06-10 18:55:26.388709+00:00,0.0596,1.515,67.18,19.54,0.0687,1.747,0.512,0.475,61.0,61.0,0.186,0.129,2.444,2.441,3.705,3.287,0.0843,2.143,0.0972,2.471,0.138,0.144,new_rolamento_inner_0,1000.0
171681,2026-06-10 18:58:01.634907+00:00,0.0841,2.137,66.86,19.36,0.0917,2.331,1.067,0.572,34.1,61.0,0.228,0.157,3.989,2.721,5.815,3.586,0.119,3.023,0.1297,3.296,0.183,0.159,new_rolamento_inner_0,2000.0
171694,2026-06-10 18:59:10.536476+00:00,0.0804,2.043,66.86,19.36,0.0749,1.904,0.875,0.567,34.1,61.0,0.22,0.158,3.522,2.574,4.685,3.484,0.1137,2.889,0.106,2.693,0.186,0.162,new_rolamento_inner_0,2000.0
171731,2026-06-10 19:05:29.082003+00:00,0.063,1.6,67.83,19.9,0.0853,2.167,0.471,0.445,61.0,61.0,0.169,0.145,2.385,2.343,3.573,3.164,0.0891,2.263,0.1206,3.065,0.132,0.14,new_rolamento_comb_0,500.0
171746,2026-06-10 19:06:48.583168+00:00,0.0568,1.445,67.55,19.75,0.0821,2.085,0.467,0.448,61.0,61.0,0.112,0.113,2.368,2.292,3.534,3.15,0.0804,2.043,0.1161,2.949,0.132,0.142,new_rolamento_comb_0,500.0
171811,2026-06-10 19:12:53.264645+00:00,0.0677,1.721,68.06,20.03,0.0887,2.253,0.536,0.562,61.0,58.5,0.239,0.223,2.745,2.489,3.562,3.771,0.0958,2.434,0.1254,3.187,0.15,0.149,new_rolamento_comb_0,1000.0
171831,2026-06-10 19:15:05.089230+00:00,0.0779,1.979,68.06,20.03,0.0987,2.509,1.398,1.008,58.5,61.0,0.371,0.284,4.43,3.836,5.375,4.931,0.1102,2.799,0.1396,3.548,0.26,0.204,new_rolamento_comb_0,2000.0
171844,2026-06-10 19:16:13.990702+00:00,0.0995,2.529,67.78,19.88,0.1053,2.675,1.427,1.292,61.0,61.0,0.529,0.377,4.769,4.862,4.806,5.583,0.1408,3.576,0.1489,3.784,0.296,0.231,new_rolamento_comb_0,2000.0
171881,2026-06-10 19:22:36.342786+00:00,0.0592,1.504,68.94,20.52,0.0818,2.078,0.51,0.495,58.5,61.0,0.204,0.152,2.413,2.414,3.826,3.549,0.0837,2.128,0.1157,2.938,0.133,0.139,new_rolamento_ball_0,500.0
171896,2026-06-10 19:23:55.844076+00:00,0.0633,1.608,68.52,20.29,0.0845,2.146,0.435,0.538,61.0,61.0,0.168,0.134,2.416,2.334,3.31,3.872,0.0895,2.274,0.1195,3.035,0.131,0.139,new_rolamento_ball_0,500.0
171961,2026-06-10 19:31:02.866145+00:00,0.0717,1.822,68.52,20.29,0.0928,2.359,0.724,0.555,58.5,58.5,0.332,0.198,2.924,2.581,3.872,3.525,0.1014,2.577,0.1313,3.336,0.187,0.157,new_rolamento_ball_0,1000.0
171981,2026-06-10 19:33:11.417484+00:00,0.0922,2.343,68.71,20.39,0.1294,3.288,1.914,0.907,61.0,61.0,0.397,0.312,3.434,3.062,4.287,3.317,0.1304,3.314,0.183,4.65,0.446,0.273,new_rolamento_ball_0,2000.0
171994,2026-06-10 19:34:20.318378+00:00,0.1032,2.622,68.71,20.39,0.1314,3.337,2.134,1.024,261.2,61.0,0.519,0.379,3.322,3.068,4.711,3.64,0.146,3.709,0.1858,4.72,0.453,0.281,new_rolamento_ball_0,2000.0
172031,2026-06-10 20:00:56.067193+00:00,0.0543,1.381,68.29,20.16,0.0786,1.998,0.425,0.552,61.0,61.0,0.09,0.092,2.219,2.358,3.281,3.904,0.0769,1.953,0.1112,2.826,0.129,0.141,new_normal_0,500.0
172046,2026-06-10 20:02:15.569139+00:00,0.0546,1.388,68.15,20.08,0.0853,2.167,0.4,0.416,61.0,9.7,0.084,0.089,2.3,2.282,3.083,2.978,0.0772,1.963,0.1207,3.065,0.129,0.139,new_normal_0,500.0
172111,2026-06-10 20:08:37.918684+00:00,0.0479,1.217,68.11,20.06,0.0812,2.063,0.567,0.517,58.5,61.0,0.109,0.108,2.701,2.397,3.469,3.535,0.0677,1.721,0.1148,2.918,0.163,0.146,new_normal_0,1000.0
172131,2026-06-10 20:10:50.309228+00:00,0.0681,1.73,69.35,20.75,0.0869,2.208,0.788,0.671,61.0,61.0,0.18,0.158,2.869,2.642,3.611,3.849,0.0963,2.447,0.1229,3.123,0.218,0.174,new_normal_0,2000.0
172144,2026-06-10 20:11:59.210667+00:00,0.0673,1.709,69.35,20.75,0.085,2.16,0.801,0.661,61.0,61.0,0.176,0.16,2.938,2.861,3.672,3.58,0.0951,2.418,0.1202,3.055,0.218,0.184,new_normal_0,2000.0
172184,2026-06-10 20:17:09.578441+00:00,0.0652,1.657,68.57,20.31,0.0776,1.972,0.477,0.494,9.7,61.0,0.085,0.092,2.36,2.428,3.639,3.51,0.0922,2.344,0.1098,2.79,0.131,0.14,new_desbalanceado_antigo_0,500.0
172239,2026-06-10 20:22:22.338286+00:00,0.0546,1.389,68.85,20.47,0.0849,2.156,0.514,0.471,61.0,58.5,0.101,0.11,2.597,2.367,3.311,3.264,0.0773,1.964,0.12,3.05,0.155,0.144,new_desbalanceado_antigo_0,1000.0
172242,2026-06-10 20:22:38.238529+00:00,0.0558,1.419,68.85,20.47,0.0767,1.948,0.55,0.482,61.0,61.0,0.118,0.105,2.681,2.522,3.534,3.303,0.079,2.007,0.1084,2.755,0.155,0.146,new_desbalanceado_antigo_0,1000.0
172244,2026-06-10 20:22:48.838771+00:00,0.0525,1.335,68.85,20.47,0.0729,1.851,0.586,0.498,58.5,61.0,0.113,0.105,2.738,2.524,3.76,3.39,0.0743,1.888,0.1031,2.618,0.155,0.147,new_desbalanceado_antigo_0,1000.0
172284,2026-06-10 20:26:52.408903+00:00,0.1363,3.464,69.35,20.75,0.0915,2.325,1.307,0.834,34.1,61.0,0.225,0.162,4.137,2.806,5.102,4.397,0.1928,4.899,0.1294,3.289,0.256,0.189,new_desbalanceado_antigo_0,2000.0
172334,2026-06-10 20:35:01.532989+00:00,0.0493,1.254,69.91,21.06,0.1034,2.627,0.417,0.566,61.0,61.0,0.095,0.125,2.307,2.4,3.155,4.024,0.0698,1.774,0.1463,3.716,0.132,0.14,new_cocked_0,500.0
172389,2026-06-10 20:40:31.697568+00:00,0.0546,1.386,69.49,20.83,0.0797,2.025,0.54,0.568,61.0,61.0,0.133,0.116,2.703,2.574,3.384,3.886,0.0772,1.961,0.1127,2.864,0.159,0.146,new_cocked_0,1000.0
172392,2026-06-10 20:40:47.598708+00:00,0.0514,1.306,69.49,20.83,0.0815,2.071,0.601,0.502,61.0,61.0,0.134,0.111,2.761,2.461,3.757,3.461,0.0727,1.847,0.1153,2.928,0.16,0.145,new_cocked_0,1000.0
172394,2026-06-10 20:40:58.196603+00:00,0.0525,1.334,69.49,20.83,0.0822,2.09,0.529,0.515,61.0,61.0,0.112,0.106,2.659,2.555,3.36,3.494,0.0743,1.887,0.1163,2.955,0.157,0.147,new_cocked_0,1000.0
172434,2026-06-10 20:44:53.025839+00:00,0.067,1.703,70.05,21.14,0.1004,2.551,1.16,0.679,61.0,170.8,0.215,0.227,3.293,3.026,4.157,3.613,0.0948,2.409,0.142,3.608,0.279,0.187,new_cocked_0,2000.0
172484,2026-06-10 20:53:50.628668+00:00,0.0559,1.421,70.05,21.14,0.0725,1.842,0.442,0.471,9.7,61.0,0.082,0.11,2.294,2.35,3.385,3.369,0.0791,2.009,0.1025,2.605,0.13,0.14,new_eccentric_0,500.0
172539,2026-06-10 20:59:01.584211+00:00,0.0646,1.642,71.39,21.88,0.0752,1.91,0.502,0.588,61.0,61.0,0.147,0.118,2.667,2.547,3.316,4.04,0.0914,2.322,0.1063,2.702,0.151,0.145,new_eccentric_0,1000.0
172542,2026-06-10 20:59:17.484361+00:00,0.0627,1.592,71.39,21.88,0.0783,1.988,0.644,0.48,61.0,61.0,0.156,0.121,2.645,2.449,4.22,3.314,0.0886,2.252,0.1107,2.812,0.152,0.144,new_eccentric_0,1000.0
172544,2026-06-10 20:59:28.084512+00:00,0.0499,1.269,71.39,21.88,0.0783,1.99,0.5,0.543,61.0,61.0,0.134,0.101,2.698,2.557,3.266,3.648,0.0706,1.795,0.1108,2.815,0.153,0.149,new_eccentric_0,1000.0
172584,2026-06-10 21:03:49.791184+00:00,0.1067,2.711,71.26,21.81,0.0818,2.079,0.719,0.635,34.1,61.0,0.255,0.159,2.846,2.698,3.315,3.804,0.1509,3.835,0.1157,2.941,0.216,0.167,new_eccentric_0,2000.0
172631,2026-06-10 21:10:51.551061+00:00,0.0593,1.506,70.37,21.32,0.0842,2.14,0.432,0.48,58.5,61.0,0.07,0.085,2.291,2.289,3.347,3.494,0.0838,2.13,0.1191,3.026,0.129,0.137,new_normal_1,500.0
172646,2026-06-10 21:12:11.053349+00:00,0.0471,1.198,70.37,21.32,0.0816,2.074,0.455,0.536,61.0,61.0,0.064,0.091,2.313,2.355,3.527,3.843,0.0667,1.694,0.1155,2.933,0.129,0.139,new_normal_1,500.0
172711,2026-06-10 21:18:38.283229+00:00,0.0486,1.234,70.7,21.5,0.0707,1.797,0.484,0.485,61.0,58.5,0.088,0.086,2.715,2.405,3.176,3.377,0.0687,1.745,0.1001,2.542,0.152,0.143,new_normal_1,1000.0
172731,2026-06-10 21:20:48.986989+00:00,0.0632,1.606,70.7,21.5,0.0855,2.174,0.723,0.613,61.0,12.2,0.117,0.119,2.92,2.757,3.725,3.44,0.0894,2.271,0.121,3.074,0.194,0.178,new_normal_1,2000.0
172744,2026-06-10 21:21:57.888158+00:00,0.0688,1.748,71.12,21.73,0.0814,2.069,0.814,0.651,9.7,9.7,0.126,0.122,2.879,2.79,4.025,3.489,0.0973,2.472,0.1152,2.927,0.202,0.186,new_normal_1,2000.0
172784,2026-06-10 21:26:35.006224+00:00,0.066,1.678,70.37,21.32,0.0812,2.063,0.415,0.55,9.7,61.0,0.065,0.091,2.326,2.377,3.224,3.976,0.0934,2.373,0.1148,2.918,0.129,0.138,new_desbalanceado_antigo_1,500.0
172834,2026-06-10 21:31:30.543033+00:00,0.0491,1.248,70.51,21.39,0.0835,2.121,0.471,0.517,61.0,61.0,0.084,0.092,2.603,2.457,3.164,3.609,0.0695,1.765,0.1181,3.0,0.149,0.143,new_desbalanceado_antigo_1,1000.0
172889,2026-06-10 21:37:12.001273+00:00,0.1539,3.909,70.56,21.42,0.0928,2.357,0.807,0.631,34.1,61.0,0.19,0.172,2.882,2.845,4.052,3.684,0.2176,5.528,0.1312,3.334,0.199,0.171,new_desbalanceado_antigo_1,2000.0
172892,2026-06-10 21:37:27.901423+00:00,0.1617,4.108,70.56,21.42,0.1191,3.026,0.771,0.594,34.1,9.7,0.18,0.184,2.894,2.711,3.841,3.39,0.2287,5.809,0.1685,4.28,0.2,0.175,new_desbalanceado_antigo_1,2000.0
172894,2026-06-10 21:37:38.501586+00:00,0.1649,4.189,70.56,21.42,0.0811,2.062,0.755,0.642,34.1,61.0,0.177,0.14,2.996,2.824,3.769,3.702,0.2332,5.924,0.1148,2.916,0.2,0.173,new_desbalanceado_antigo_1,2000.0
172931,2026-06-10 21:44:36.893758+00:00,0.0544,1.382,70.84,21.57,0.0792,2.013,0.458,0.601,61.0,61.0,0.074,0.121,2.384,2.485,3.479,4.296,0.0769,1.954,0.1121,2.847,0.131,0.14,new_rolamento_outer_1,500.0
172946,2026-06-10 21:45:56.395364+00:00,0.0521,1.325,70.84,21.57,0.0892,2.267,0.471,0.469,61.0,51.2,0.073,0.115,2.398,2.286,3.652,3.41,0.0737,1.874,0.1262,3.206,0.129,0.137,new_rolamento_outer_1,500.0
173011,2026-06-10 21:52:00.396273+00:00,0.0707,1.795,70.74,21.52,0.0703,1.787,0.551,0.536,9.7,61.0,0.118,0.103,2.565,2.49,3.85,3.668,0.0999,2.539,0.0995,2.527,0.143,0.146,new_rolamento_outer_1,1000.0
173031,2026-06-10 21:54:45.021120+00:00,0.0704,1.79,72.42,22.45,0.0958,2.433,0.805,0.573,61.0,61.0,0.22,0.182,2.967,2.703,3.696,3.464,0.0996,2.532,0.1355,3.441,0.218,0.165,new_rolamento_outer_1,2000.0
173044,2026-06-10 21:55:53.922155+00:00,0.0661,1.68,71.49,21.94,0.0843,2.143,0.76,0.77,61.0,61.0,0.203,0.171,2.785,2.919,3.493,4.549,0.0935,2.377,0.1193,3.031,0.217,0.169,new_rolamento_outer_1,2000.0
173081,2026-06-10 22:01:53.323358+00:00,0.0491,1.247,72.79,22.66,0.0915,2.326,0.532,0.447,61.0,51.2,0.098,0.113,2.389,2.444,4.056,3.168,0.0694,1.763,0.1295,3.289,0.131,0.141,new_rolamento_inner_1,500.0
173096,2026-06-10 22:03:12.824754+00:00,0.0611,1.554,72.79,22.66,0.0859,2.183,0.437,0.42,61.0,51.2,0.118,0.116,2.273,2.334,3.397,3.014,0.0865,2.198,0.1215,3.087,0.128,0.139,new_rolamento_inner_1,500.0
173161,2026-06-10 22:09:59.243432+00:00,0.072,1.829,71.02,21.68,0.0861,2.187,0.481,0.432,12.2,61.0,0.191,0.144,2.412,2.333,3.566,3.094,0.1018,2.587,0.1217,3.093,0.135,0.139,new_rolamento_inner_1,1000.0
173181,2026-06-10 22:12:07.109689+00:00,0.0644,1.636,71.02,21.68,0.0909,2.309,0.709,0.478,61.0,58.5,0.254,0.215,2.923,2.555,3.854,3.107,0.0911,2.314,0.1285,3.265,0.184,0.153,new_rolamento_inner_1,2000.0
173194,2026-06-10 22:13:16.011310+00:00,0.0636,1.615,71.39,21.88,0.0958,2.434,0.649,0.647,61.0,61.0,0.246,0.187,2.872,2.808,3.587,4.146,0.0899,2.285,0.1355,3.443,0.181,0.156,new_rolamento_inner_1,2000.0
173231,2026-06-10 22:18:57.360713+00:00,0.0521,1.324,71.02,21.68,0.0869,2.207,0.383,0.49,58.5,51.2,0.104,0.117,2.308,2.306,2.938,3.524,0.0737,1.872,0.1229,3.122,0.13,0.139,new_rolamento_comb_1,500.0
173246,2026-06-10 22:20:16.862158+00:00,0.0497,1.264,71.02,21.68,0.0913,2.319,0.465,0.475,61.0,61.0,0.096,0.124,2.35,2.417,3.531,3.402,0.0703,1.787,0.1291,3.279,0.131,0.139,new_rolamento_comb_1,500.0
173311,2026-06-10 22:33:19.980356+00:00,0.0543,1.381,70.56,21.42,0.0897,2.278,0.622,0.501,61.0,61.0,0.171,0.134,2.764,2.401,4.274,3.534,0.0769,1.953,0.1268,3.222,0.145,0.141,new_rolamento_comb_1,1000.0
173331,2026-06-10 22:44:34.999014+00:00,0.0783,1.991,70.79,21.55,0.1045,2.656,1.384,0.759,61.0,9.7,0.355,0.234,3.889,2.989,5.423,4.301,0.1108,2.815,0.1479,3.756,0.255,0.176,new_rolamento_comb_1,2000.0
173344,2026-06-10 22:45:43.900555+00:00,0.0787,2.001,70.79,21.55,0.0892,2.267,1.33,0.634,17.0,61.0,0.298,0.196,3.777,2.818,5.602,3.651,0.1114,2.829,0.1262,3.206,0.237,0.173,new_rolamento_comb_1,2000.0
173381,2026-06-10 23:10:38.046333+00:00,0.0718,1.824,71.63,22.01,0.0952,2.42,0.709,0.579,61.0,51.2,0.267,0.256,3.588,2.627,4.634,3.994,0.1015,2.58,0.1347,3.422,0.153,0.145,new_rolamento_ball_1,500.0
173394,2026-06-10 23:11:46.947541+00:00,0.0728,1.85,71.63,22.01,0.0992,2.52,0.65,0.471,9.7,58.5,0.226,0.205,2.956,2.447,4.343,3.301,0.103,2.616,0.1403,3.564,0.149,0.142,new_rolamento_ball_1,500.0
173431,2026-06-10 23:19:39.003039+00:00,0.0827,2.102,71.3,21.83,0.1143,2.904,2.208,1.241,61.0,9.7,0.439,0.293,8.887,5.565,6.646,6.169,0.117,2.972,0.1617,4.107,0.332,0.201,new_rolamento_ball_1,1000.0
173446,2026-06-10 23:20:58.504564+00:00,0.0941,2.391,71.3,21.83,0.1222,3.105,2.527,1.13,61.0,61.0,0.474,0.342,10.763,4.619,9.442,6.258,0.1331,3.382,0.1728,4.391,0.267,0.18,new_rolamento_ball_1,1000.0
173511,2026-06-10 23:34:41.692348+00:00,0.1234,3.134,72.0,22.22,0.1937,4.922,3.546,2.732,9.7,166.0,0.693,0.57,7.605,7.851,6.118,6.784,0.1745,4.432,0.274,6.961,0.579,0.402,new_rolamento_ball_1,2000.0
173534,2026-06-10 23:45:49.054426+00:00,0.0505,1.284,72.56,22.53,0.0865,2.197,0.472,0.56,58.5,58.5,0.081,0.113,2.367,2.42,3.62,4.003,0.0715,1.816,0.1223,3.107,0.13,0.14,new_cocked_1,500.0
173589,2026-06-10 23:55:52.315676+00:00,0.0579,1.472,71.21,21.78,0.0737,1.872,0.636,0.517,61.0,61.0,0.111,0.107,2.958,2.597,3.724,3.498,0.0819,2.081,0.1042,2.647,0.171,0.147,new_cocked_1,1000.0
173592,2026-06-10 23:56:08.215800+00:00,0.0508,1.291,71.21,21.78,0.0755,1.918,0.691,0.478,61.0,61.0,0.098,0.103,2.695,2.508,4.046,3.318,0.0718,1.825,0.1067,2.712,0.17,0.144,new_cocked_1,1000.0
173594,2026-06-10 23:56:18.816064+00:00,0.0537,1.364,71.21,21.78,0.0712,1.809,0.593,0.506,61.0,61.0,0.112,0.106,2.778,2.424,3.635,3.477,0.0759,1.929,0.1007,2.558,0.163,0.145,new_cocked_1,1000.0
173634,2026-06-11 00:02:52.838775+00:00,0.0687,1.745,70.65,21.47,0.0784,1.991,1.201,0.669,61.0,58.5,0.173,0.152,3.101,2.883,3.998,3.756,0.0971,2.468,0.1108,2.816,0.3,0.178,new_cocked_1,2000.0
173684,2026-06-11 00:11:05.872258+00:00,0.0525,1.335,70.79,21.55,0.0857,2.178,0.397,0.464,61.0,51.2,0.086,0.105,2.312,2.387,3.043,3.273,0.0743,1.889,0.1213,3.081,0.13,0.141,new_eccentric_1,500.0
173739,2026-06-11 00:18:12.471201+00:00,0.0618,1.571,70.42,21.34,0.0797,2.025,0.691,0.49,9.7,58.5,0.113,0.116,2.898,2.391,4.02,3.335,0.0874,2.221,0.1127,2.864,0.171,0.147,new_eccentric_1,1000.0
173742,2026-06-11 00:18:28.371557+00:00,0.0597,1.517,70.33,21.29,0.1069,2.715,0.795,0.565,61.0,12.2,0.118,0.117,3.336,2.564,4.525,3.891,0.0844,2.145,0.1511,3.84,0.175,0.145,new_eccentric_1,1000.0
173744,2026-06-11 00:18:38.971730+00:00,0.0622,1.58,70.33,21.29,0.0841,2.138,0.763,0.526,61.0,61.0,0.114,0.114,3.204,2.541,4.392,3.566,0.0879,2.235,0.119,3.023,0.173,0.147,new_eccentric_1,1000.0
173784,2026-06-11 00:30:02.071508+00:00,0.0877,2.228,70.1,21.16,0.0826,2.098,1.6,0.633,34.1,61.0,0.158,0.13,4.313,2.881,4.551,3.546,0.124,3.15,0.1168,2.967,0.351,0.178,new_eccentric_1,2000.0
173831,2026-06-11 00:43:15.067974+00:00,0.0557,1.416,70.93,21.63,0.0865,2.197,0.405,0.532,61.0,61.0,0.079,0.108,2.328,2.464,3.052,3.781,0.0788,2.003,0.1223,3.107,0.132,0.14,new_normal_2,500.0
173846,2026-06-11 00:44:34.569342+00:00,0.0524,1.332,70.51,21.39,0.0815,2.07,0.403,0.554,61.0,61.0,0.085,0.115,2.317,2.374,3.117,3.984,0.0741,1.884,0.1152,2.927,0.129,0.139,new_normal_2,500.0
173911,2026-06-11 00:52:30.447541+00:00,0.0497,1.262,70.23,21.24,0.0713,1.811,0.601,0.555,61.0,61.0,0.099,0.1,2.936,2.504,3.522,3.746,0.0702,1.785,0.1008,2.562,0.17,0.148,new_normal_2,1000.0
173931,2026-06-11 00:56:59.655028+00:00,0.0728,1.85,71.72,22.06,0.0851,2.163,1.136,0.726,61.0,61.0,0.143,0.144,3.51,2.962,4.025,4.089,0.103,2.616,0.1204,3.058,0.282,0.177,new_normal_2,2000.0
173944,2026-06-11 00:58:08.556476+00:00,0.0652,1.657,71.72,22.06,0.0865,2.197,1.122,0.63,61.0,61.0,0.168,0.152,3.542,2.834,3.837,3.547,0.0923,2.344,0.1223,3.107,0.292,0.177,new_normal_2,2000.0
173984,2026-06-11 01:03:20.869226+00:00,0.0648,1.647,70.7,21.5,0.0968,2.461,0.481,0.593,9.7,61.0,0.079,0.112,2.413,2.553,3.666,4.151,0.0917,2.329,0.137,3.48,0.131,0.142,new_desbalanceado_antigo_2,500.0
174039,2026-06-11 01:11:32.805357+00:00,0.0598,1.519,71.12,21.73,0.0709,1.802,0.583,0.505,17.0,61.0,0.092,0.094,2.805,2.54,3.466,3.412,0.0845,2.148,0.1003,2.548,0.168,0.148,new_desbalanceado_antigo_2,1000.0
174042,2026-06-11 01:11:48.705767+00:00,0.0726,1.844,71.12,21.73,0.0739,1.877,0.782,0.667,17.0,61.0,0.101,0.096,2.952,2.637,4.614,4.489,0.1026,2.608,0.1045,2.655,0.169,0.148,new_desbalanceado_antigo_2,1000.0
174044,2026-06-11 01:11:59.305936+00:00,0.0649,1.65,71.12,21.73,0.0934,2.373,0.649,0.545,17.0,61.0,0.092,0.102,2.908,2.588,3.875,3.69,0.0919,2.334,0.1321,3.356,0.167,0.147,new_desbalanceado_antigo_2,1000.0
174084,2026-06-11 01:15:53.927573+00:00,0.2037,5.176,70.33,21.29,0.1034,2.628,1.176,0.685,34.1,61.0,0.211,0.181,3.458,2.837,4.589,3.836,0.2882,7.32,0.1463,3.717,0.256,0.178,new_desbalanceado_antigo_2,2000.0
174116,2026-06-11 01:19:48.499976+00:00,0.0146,0.372,71.63,22.01,0.0222,0.564,0.05,0.067,61.0,9.7,0.017,0.022,3.685,4.712,4.845,5.166,0.0207,0.526,0.0314,0.798,0.01,0.013,new_baseline,0.0
174120,2026-06-11 01:20:09.699358+00:00,0.0208,0.529,71.63,22.01,0.0271,0.689,0.047,0.061,61.0,61.0,0.022,0.029,3.75,4.02,4.709,5.056,0.0294,0.748,0.0383,0.974,0.01,0.012,new_baseline,0.0
174169,2026-06-11 10:49:19.251103+00:00,0.0145,0.369,63.08,17.26,0.0209,0.532,0.057,0.069,61.0,61.0,0.016,0.021,4.505,5.111,5.519,5.471,0.0205,0.523,0.0296,0.752,0.01,0.012,new_baseline,0.0
174194,2026-06-11 10:51:31.754207+00:00,0.0136,0.346,63.22,17.34,0.0192,0.489,0.061,0.068,58.5,61.0,0.016,0.021,4.537,5.246,5.718,5.454,0.0193,0.49,0.0272,0.692,0.01,0.012,new_baseline,0.0
174200,2026-06-11 10:52:03.554889+00:00,0.0144,0.366,63.22,17.34,0.0197,0.5,0.049,0.065,61.0,61.0,0.016,0.021,4.225,4.82,4.812,5.35,0.0204,0.518,0.0278,0.707,0.01,0.012,new_baseline,0.0
174223,2026-06-11 10:58:10.906609+00:00,0.0556,1.412,62.9,17.16,0.0786,1.996,0.405,0.432,61.0,61.0,0.073,0.093,2.314,2.261,3.028,3.024,0.0786,1.998,0.1111,2.823,0.133,0.142,new_eccentric_2,500.0
174278,2026-06-11 11:04:30.939089+00:00,0.0623,1.584,63.13,17.29,0.0661,1.681,0.541,0.581,9.7,58.5,0.082,0.089,2.668,2.443,3.438,3.912,0.0882,2.241,0.0936,2.377,0.157,0.148,new_eccentric_2,1000.0
174281,2026-06-11 11:04:46.839310+00:00,0.057,1.447,63.13,17.29,0.0878,2.23,0.534,0.499,61.0,61.0,0.097,0.098,2.695,2.415,3.465,3.396,0.0806,2.047,0.1241,3.154,0.154,0.147,new_eccentric_2,1000.0
174283,2026-06-11 11:04:57.439694+00:00,0.0589,1.497,63.13,17.29,0.0678,1.723,0.649,0.564,9.7,61.0,0.098,0.094,2.682,2.443,4.073,3.785,0.0833,2.117,0.0959,2.438,0.159,0.149,new_eccentric_2,1000.0
174323,2026-06-11 11:09:11.640813+00:00,0.0686,1.744,63.96,17.75,0.0915,2.325,1.112,0.632,58.5,9.7,0.147,0.132,3.27,2.725,4.07,3.728,0.0971,2.467,0.1294,3.289,0.273,0.169,new_eccentric_2,2000.0
174373,2026-06-11 11:16:41.907358+00:00,0.0494,1.254,64.09,17.83,0.0891,2.265,0.403,0.43,61.0,58.5,0.073,0.104,2.23,2.266,3.062,3.013,0.0698,1.774,0.1261,3.203,0.131,0.142,new_cocked_2,500.0
174428,2026-06-11 11:22:16.172538+00:00,0.0665,1.69,64.51,18.06,0.0886,2.251,0.751,0.547,61.0,61.0,0.099,0.104,2.953,2.493,4.504,3.716,0.0941,2.39,0.1253,3.183,0.166,0.147,new_cocked_2,1000.0
174431,2026-06-11 11:22:32.072849+00:00,0.0574,1.458,65.2,18.44,0.083,2.109,0.587,0.617,61.0,61.0,0.097,0.103,2.764,2.396,3.68,4.216,0.0812,2.062,0.1174,2.982,0.159,0.146,new_cocked_2,1000.0
174433,2026-06-11 11:22:42.672993+00:00,0.0579,1.47,65.2,18.44,0.0852,2.164,0.71,0.556,58.5,61.0,0.103,0.107,3.167,2.374,4.102,3.758,0.0818,2.08,0.1205,3.06,0.173,0.148,new_cocked_2,1000.0
174473,2026-06-11 11:26:39.604107+00:00,0.0825,2.097,65.11,18.39,0.0903,2.295,1.114,0.509,34.1,61.0,0.124,0.145,3.39,2.577,4.344,3.053,0.1167,2.965,0.1278,3.246,0.256,0.166,new_cocked_2,2000.0
174520,2026-06-11 11:34:02.970615+00:00,0.054,1.372,66.26,19.03,0.0939,2.387,0.486,0.474,9.7,61.0,0.114,0.122,2.313,2.315,3.634,3.374,0.0764,1.941,0.1329,3.375,0.133,0.14,new_rolamento_ball_2,500.0
174535,2026-06-11 11:35:22.472220+00:00,0.0519,1.32,66.26,19.03,0.0857,2.178,0.401,0.538,9.7,61.0,0.125,0.129,2.316,2.338,3.009,3.76,0.0735,1.867,0.1212,3.08,0.133,0.143,new_rolamento_ball_2,500.0
174600,2026-06-11 11:41:25.316772+00:00,0.0673,1.71,66.31,19.06,0.0802,2.037,0.584,0.497,61.0,61.0,0.182,0.138,2.869,2.487,3.521,3.335,0.0952,2.418,0.1134,2.881,0.165,0.149,new_rolamento_ball_2,1000.0
174620,2026-06-11 11:43:33.214431+00:00,0.0953,2.421,65.34,18.52,0.0956,2.429,1.626,0.861,61.0,61.0,0.428,0.266,3.363,3.129,4.213,3.81,0.1348,3.425,0.1352,3.435,0.386,0.226,new_rolamento_ball_2,2000.0
174633,2026-06-11 11:44:42.115790+00:00,0.0929,2.36,65.34,18.52,0.1021,2.594,1.927,0.87,65.9,61.0,0.413,0.262,3.431,3.059,4.636,3.782,0.1314,3.338,0.1444,3.668,0.415,0.23,new_rolamento_ball_2,2000.0
174670,2026-06-11 11:50:23.876465+00:00,0.0497,1.262,66.58,19.21,0.1004,2.55,0.454,0.566,61.0,51.2,0.124,0.139,2.302,2.369,3.391,3.963,0.0702,1.785,0.142,3.607,0.133,0.142,new_rolamento_comb_2,500.0
174685,2026-06-11 11:51:43.377830+00:00,0.0597,1.518,66.4,19.11,0.107,2.718,0.453,0.557,61.0,51.2,0.112,0.14,2.373,2.368,3.407,3.898,0.0845,2.146,0.1513,3.844,0.133,0.143,new_rolamento_comb_2,500.0
174750,2026-06-11 11:57:50.636346+00:00,0.0652,1.656,67.32,19.62,0.0805,2.046,0.61,0.519,61.0,58.5,0.178,0.154,2.846,2.435,4.058,3.561,0.0922,2.342,0.1139,2.894,0.15,0.145,new_rolamento_comb_2,1000.0
174770,2026-06-11 11:59:55.684740+00:00,0.0846,2.15,66.58,19.21,0.0901,2.288,1.452,0.91,266.1,61.0,0.363,0.242,3.833,3.135,5.623,5.064,0.1197,3.04,0.1274,3.237,0.258,0.179,new_rolamento_comb_2,2000.0
174783,2026-06-11 12:01:04.586070+00:00,0.0831,2.112,66.58,19.21,0.1023,2.598,1.284,0.84,61.0,61.0,0.376,0.245,4.04,2.965,4.802,4.662,0.1176,2.987,0.1446,3.675,0.267,0.18,new_rolamento_comb_2,2000.0
175123,2026-06-11 13:40:57.109360+00:00,0.0744,1.891,68.57,20.31,0.0832,2.115,0.478,0.519,9.7,61.0,0.08,0.098,2.364,2.355,3.63,3.66,0.1053,2.675,0.1177,2.991,0.131,0.141,new_eccentric_3,500.0
175178,2026-06-11 13:47:13.097818+00:00,0.0546,1.387,68.29,20.16,0.0806,2.047,0.75,0.532,58.5,61.0,0.109,0.11,2.917,2.499,4.593,3.646,0.0772,1.961,0.1139,2.895,0.163,0.146,new_eccentric_3,1000.0
175181,2026-06-11 13:47:28.998233+00:00,0.0512,1.301,68.29,20.16,0.0787,2.0,0.605,0.505,61.0,58.5,0.098,0.097,2.695,2.484,3.742,3.511,0.0724,1.84,0.1113,2.828,0.161,0.144,new_eccentric_3,1000.0
175183,2026-06-11 13:47:39.598439+00:00,0.0561,1.427,68.29,20.16,0.0774,1.966,0.67,0.49,61.0,61.0,0.106,0.101,2.88,2.521,4.038,3.358,0.0794,2.018,0.1095,2.781,0.165,0.146,new_eccentric_3,1000.0
175223,2026-06-11 13:51:37.257831+00:00,0.1056,2.682,68.34,20.19,0.0798,2.027,0.834,0.655,34.1,58.5,0.151,0.149,3.046,2.805,3.663,3.923,0.1493,3.794,0.1128,2.866,0.227,0.166,new_eccentric_3,2000.0
175270,2026-06-11 13:58:52.388682+00:00,0.0569,1.445,68.85,20.47,0.0854,2.169,0.456,0.471,61.0,61.0,0.091,0.107,2.357,2.297,3.45,3.37,0.0804,2.044,0.1208,3.068,0.132,0.139,new_normal_3,500.0
175285,2026-06-11 14:00:11.890605+00:00,0.0553,1.406,68.43,20.24,0.0833,2.116,0.4,0.577,9.7,61.0,0.085,0.108,2.348,2.45,3.044,4.089,0.0783,1.989,0.1178,2.993,0.131,0.141,new_normal_3,500.0
175350,2026-06-11 14:06:15.391005+00:00,0.0585,1.486,68.43,20.24,0.071,1.804,0.676,0.518,61.0,61.0,0.102,0.089,2.86,2.371,3.951,3.476,0.0827,2.102,0.1004,2.551,0.171,0.149,new_normal_3,1000.0
175370,2026-06-11 14:08:21.252914+00:00,0.0739,1.878,68.94,20.52,0.0798,2.027,0.936,0.624,31.7,61.0,0.172,0.147,3.022,2.818,3.98,3.357,0.1046,2.657,0.1128,2.867,0.235,0.186,new_normal_3,2000.0
175383,2026-06-11 14:09:30.154202+00:00,0.068,1.728,68.94,20.52,0.086,2.186,0.846,0.616,61.0,61.0,0.187,0.156,3.009,2.803,3.61,3.38,0.0962,2.444,0.1217,3.092,0.234,0.182,new_normal_3,2000.0
175420,2026-06-11 14:15:11.316904+00:00,0.0714,1.815,68.8,20.44,0.0957,2.43,0.445,0.452,58.5,51.2,0.131,0.128,2.322,2.364,3.371,3.171,0.101,2.566,0.1353,3.437,0.132,0.142,new_rolamento_comb_3,500.0
175435,2026-06-11 14:16:30.818488+00:00,0.0628,1.596,68.8,20.44,0.0925,2.35,0.438,0.549,61.0,51.2,0.161,0.137,2.356,2.473,3.295,3.921,0.0888,2.257,0.1308,3.324,0.133,0.14,new_rolamento_comb_3,500.0
175500,2026-06-11 14:22:36.742882+00:00,0.0685,1.739,68.98,20.54,0.0847,2.152,0.764,0.466,61.0,61.0,0.251,0.197,3.398,2.474,4.128,3.142,0.0968,2.46,0.1198,3.043,0.185,0.148,new_rolamento_comb_3,1000.0
175520,2026-06-11 14:24:44.130310+00:00,0.1032,2.621,68.98,20.54,0.0991,2.518,2.372,1.145,58.5,61.0,0.604,0.303,4.603,3.645,6.061,4.933,0.1459,3.707,0.1402,3.561,0.391,0.232,new_rolamento_comb_3,2000.0
175533,2026-06-11 14:25:53.031472+00:00,0.0904,2.298,69.08,20.6,0.1014,2.577,1.748,0.891,65.9,61.0,0.486,0.27,3.745,3.275,4.949,4.265,0.1279,3.249,0.1434,3.644,0.353,0.208,new_rolamento_comb_3,2000.0
175570,2026-06-11 14:31:27.428765+00:00,0.0718,1.823,69.59,20.88,0.1016,2.583,0.495,0.553,61.0,51.2,0.197,0.163,2.412,2.478,3.71,3.835,0.1015,2.579,0.1438,3.653,0.133,0.144,new_rolamento_ball_3,500.0
175585,2026-06-11 14:32:46.930049+00:00,0.0777,1.975,69.59,20.88,0.1095,2.781,0.461,0.566,61.0,51.2,0.209,0.182,2.49,2.451,3.407,3.988,0.1099,2.793,0.1548,3.933,0.135,0.141,new_rolamento_ball_3,500.0
175646,2026-06-11 14:38:31.783775+00:00,0.071,1.805,69.49,20.83,0.0792,2.013,0.834,0.526,61.0,58.5,0.242,0.168,3.083,2.602,4.362,3.428,0.1005,2.553,0.1121,2.847,0.191,0.153,new_rolamento_ball_3,1000.0
175673,2026-06-11 14:41:14.748797+00:00,0.1148,2.917,69.31,20.72,0.1352,3.435,2.631,0.983,263.6,134.2,0.472,0.34,3.625,3.066,5.454,3.962,0.1624,4.126,0.1913,4.859,0.482,0.248,new_rolamento_ball_3,2000.0
175683,2026-06-11 14:42:07.749513+00:00,0.1151,2.925,69.31,20.72,0.1351,3.433,2.229,1.07,9.7,134.2,0.44,0.339,3.466,3.214,4.844,4.335,0.1628,4.137,0.1911,4.855,0.46,0.246,new_rolamento_ball_3,2000.0
175723,2026-06-11 14:48:30.727722+00:00,0.0705,1.792,71.39,21.88,0.0791,2.011,0.433,0.514,9.7,61.0,0.083,0.099,2.322,2.403,3.287,3.646,0.0997,2.534,0.1119,2.844,0.131,0.14,new_desbalanceado_antigo_3,500.0
175778,2026-06-11 14:53:43.854403+00:00,0.0552,1.402,69.68,20.93,0.0756,1.92,0.498,0.452,61.0,58.5,0.097,0.095,2.622,2.398,3.213,3.084,0.078,1.983,0.1069,2.716,0.155,0.146,new_desbalanceado_antigo_3,1000.0
175781,2026-06-11 14:53:59.754783+00:00,0.0562,1.428,69.59,20.88,0.0946,2.404,0.56,0.528,61.0,12.2,0.099,0.104,2.751,2.501,3.552,3.6,0.0795,2.02,0.1338,3.4,0.157,0.146,new_desbalanceado_antigo_3,1000.0
175783,2026-06-11 14:54:10.354945+00:00,0.0502,1.275,69.59,20.88,0.0911,2.316,0.64,0.488,61.0,58.5,0.103,0.105,2.772,2.504,4.006,3.305,0.071,1.804,0.1289,3.275,0.159,0.147,new_desbalanceado_antigo_3,1000.0
175823,2026-06-11 14:58:35.085702+00:00,0.199,5.056,69.59,20.88,0.0936,2.378,1.114,0.642,34.1,61.0,0.215,0.166,3.341,2.789,4.124,3.526,0.2815,7.151,0.1324,3.363,0.27,0.182,new_desbalanceado_antigo_3,2000.0
175873,2026-06-11 15:06:11.657821+00:00,0.0526,1.336,69.68,20.93,0.1049,2.666,0.484,0.509,61.0,51.2,0.093,0.128,2.371,2.394,3.595,3.592,0.0744,1.89,0.1484,3.77,0.134,0.141,new_cocked_3,500.0
175928,2026-06-11 15:11:22.246801+00:00,0.0543,1.38,70.0,21.11,0.0723,1.838,0.919,0.489,61.0,61.0,0.131,0.112,3.195,2.592,4.422,3.142,0.0768,1.953,0.1023,2.6,0.207,0.155,new_cocked_3,1000.0
175931,2026-06-11 15:11:38.147648+00:00,0.0465,1.181,70.0,21.11,0.0808,2.053,0.765,0.52,61.0,61.0,0.122,0.108,3.071,2.529,3.76,3.316,0.0658,1.671,0.1143,2.904,0.203,0.156,new_cocked_3,1000.0
175933,2026-06-11 15:11:48.747957+00:00,0.0495,1.258,70.0,21.11,0.069,1.753,0.954,0.601,61.0,61.0,0.125,0.105,3.432,2.715,4.418,3.814,0.07,1.779,0.0976,2.479,0.215,0.157,new_cocked_3,1000.0
175973,2026-06-11 15:15:44.181029+00:00,0.0725,1.843,69.49,20.83,0.083,2.11,1.783,0.865,61.0,61.0,0.225,0.159,3.179,2.953,4.147,3.71,0.1026,2.606,0.1174,2.984,0.429,0.233,new_cocked_3,2000.0
176020,2026-06-11 15:23:13.335272+00:00,0.0495,1.259,69.91,21.06,0.0833,2.117,0.473,0.719,61.0,51.2,0.074,0.115,2.32,2.513,3.606,5.114,0.0701,1.78,0.1178,2.994,0.131,0.14,new_rolamento_outer_3,500.0
176035,2026-06-11 15:24:32.836958+00:00,0.0506,1.285,69.91,21.06,0.0918,2.333,0.51,0.534,61.0,51.2,0.102,0.134,2.476,2.477,3.835,3.747,0.0715,1.818,0.1299,3.299,0.133,0.142,new_rolamento_outer_3,500.0
176100,2026-06-11 15:30:38.227899+00:00,0.0526,1.337,70.14,21.19,0.0878,2.23,0.476,0.512,61.0,61.0,0.098,0.11,2.429,2.453,3.506,3.558,0.0744,1.891,0.1241,3.154,0.135,0.143,new_rolamento_outer_3,1000.0
176120,2026-06-11 15:32:49.103419+00:00,0.0741,1.882,69.91,21.06,0.0932,2.367,1.156,0.607,9.7,61.0,0.217,0.182,4.302,2.698,4.892,3.701,0.1048,2.662,0.1318,3.348,0.236,0.164,new_rolamento_outer_3,2000.0
176133,2026-06-11 15:33:58.004693+00:00,0.0683,1.736,70.14,21.19,0.0861,2.189,1.256,0.66,61.0,61.0,0.272,0.202,3.596,2.837,5.22,3.954,0.0966,2.455,0.1218,3.096,0.24,0.166,new_rolamento_outer_3,2000.0
176170,2026-06-11 15:39:34.382062+00:00,0.0487,1.237,70.65,21.47,0.087,2.211,0.441,0.434,61.0,61.0,0.105,0.121,2.288,2.299,3.44,3.164,0.0688,1.749,0.1231,3.127,0.128,0.137,new_rolamento_inner_3,500.0
176185,2026-06-11 15:40:53.883959+00:00,0.0491,1.248,70.65,21.47,0.0859,2.182,0.431,0.409,61.0,61.0,0.097,0.112,2.348,2.362,3.319,2.933,0.0694,1.765,0.1214,3.086,0.129,0.139,new_rolamento_inner_3,500.0
176250,2026-06-11 15:47:03.038100+00:00,0.0667,1.695,70.7,21.5,0.069,1.754,0.603,0.518,61.0,61.0,0.18,0.129,2.895,2.439,4.118,3.631,0.0943,2.397,0.0977,2.481,0.146,0.142,new_rolamento_inner_3,1000.0
176270,2026-06-11 15:49:09.194574+00:00,0.0741,1.884,70.28,21.27,0.089,2.261,1.008,0.791,61.0,61.0,0.268,0.181,3.489,3.083,4.308,4.595,0.1049,2.665,0.1258,3.197,0.233,0.172,new_rolamento_inner_3,2000.0
176283,2026-06-11 15:50:18.096006+00:00,0.0666,1.691,70.28,21.27,0.0892,2.266,1.31,0.695,61.0,61.0,0.244,0.178,3.652,3.079,5.665,3.973,0.0942,2.392,0.1261,3.204,0.231,0.175,new_rolamento_inner_3,2000.0
176316,2026-06-12 11:10:33.274528+00:00,0.0378,0.961,64.32,17.96,0.0545,1.384,0.033,0.04,61.0,61.0,0.038,0.055,3.332,3.462,4.317,4.579,0.0535,1.36,0.0771,1.958,0.007,0.008,new_tes,0.0
176317,2026-06-12 11:10:38.575564+00:00,0.0382,0.97,64.32,17.96,0.0541,1.376,0.038,0.043,61.0,61.0,0.038,0.054,3.395,3.752,4.865,4.878,0.054,1.372,0.0766,1.946,0.007,0.009,new_tes,0.0
176358,2026-06-12 11:16:56.455081+00:00,0.0587,1.491,64.23,17.9,0.0842,2.139,0.377,0.418,61.0,61.0,0.116,0.121,2.313,2.29,2.881,2.967,0.083,2.108,0.1191,3.025,0.131,0.141,new_rolamento_inner_2,500.0
176373,2026-06-12 11:18:15.956403+00:00,0.0592,1.503,64.23,17.9,0.0876,2.225,0.588,0.452,58.5,61.0,0.118,0.131,2.398,2.4,4.379,3.167,0.0837,2.126,0.1238,3.146,0.134,0.142,new_rolamento_inner_2,500.0
176438,2026-06-12 11:26:41.849688+00:00,0.0693,1.76,64.78,18.21,0.0834,2.119,1.38,0.576,61.0,61.0,0.269,0.168,4.654,2.719,5.45,3.301,0.098,2.489,0.118,2.997,0.253,0.174,new_rolamento_inner_2,2000.0
176458,2026-06-12 11:28:27.852752+00:00,0.07,1.78,65.02,18.34,0.0855,2.172,1.363,0.772,61.0,61.0,0.236,0.189,4.671,3.006,5.264,4.335,0.0991,2.517,0.1209,3.072,0.258,0.178,new_rolamento_inner_2,2000.0
176471,2026-06-12 11:29:36.754078+00:00,0.0723,1.838,65.02,18.34,0.0913,2.319,1.478,0.743,61.0,61.0,0.28,0.194,4.809,3.12,5.857,4.196,0.1023,2.599,0.1291,3.28,0.252,0.177,new_rolamento_inner_2,2000.0
176643,2026-06-12 11:52:34.950298+00:00,0.0552,1.404,67.74,19.85,0.0684,1.738,0.517,0.485,61.0,61.0,0.073,0.081,2.42,2.368,3.921,3.445,0.0781,1.986,0.0968,2.458,0.132,0.141,new_normal_4,500.0
176698,2026-06-12 11:58:08.048243+00:00,0.0554,1.409,68.15,20.08,0.0722,1.834,0.542,0.516,61.0,61.0,0.113,0.091,2.778,2.413,3.566,3.506,0.0784,1.993,0.1021,2.594,0.152,0.147,new_normal_4,1000.0
176701,2026-06-12 11:58:23.948601+00:00,0.0524,1.331,68.15,20.08,0.0684,1.738,0.569,0.565,61.0,61.0,0.098,0.093,2.776,2.521,3.651,3.821,0.0741,1.882,0.0967,2.458,0.155,0.147,new_normal_4,1000.0
176703,2026-06-12 11:58:34.548698+00:00,0.0532,1.351,68.15,20.08,0.0704,1.789,0.509,0.507,61.0,61.0,0.101,0.089,2.632,2.418,3.396,3.504,0.0752,1.911,0.0996,2.53,0.149,0.144,new_normal_4,1000.0
176743,2026-06-12 12:02:29.950737+00:00,0.0589,1.497,67.51,19.72,0.0876,2.225,1.081,0.603,61.0,61.0,0.151,0.151,3.185,2.797,4.868,3.528,0.0833,2.118,0.1239,3.147,0.222,0.17,new_normal_4,2000.0
176790,2026-06-12 12:09:19.843324+00:00,0.0525,1.335,68.29,20.16,0.0834,2.118,0.481,0.668,61.0,9.7,0.071,0.086,2.389,2.562,3.589,4.59,0.0743,1.888,0.1179,2.996,0.134,0.145,new_falta_fase_0,500.0
176805,2026-06-12 12:10:39.344886+00:00,0.0591,1.501,69.96,21.08,0.07,1.78,0.448,0.48,61.0,58.5,0.078,0.086,2.393,2.442,3.374,3.349,0.0836,2.124,0.0991,2.517,0.133,0.143,new_falta_fase_0,500.0
176870,2026-06-12 12:16:51.854536+00:00,0.0666,1.691,68.66,20.36,0.116,2.946,0.625,0.509,61.0,61.0,0.183,0.204,2.842,2.571,3.831,3.432,0.0941,2.392,0.164,4.167,0.163,0.148,new_falta_fase_0,1000.0
176890,2026-06-12 12:19:05.429838+00:00,0.0615,1.562,68.52,20.29,0.0901,2.29,0.819,0.697,61.0,58.5,0.171,0.136,2.932,2.861,4.095,4.114,0.087,2.21,0.1275,3.239,0.2,0.169,new_falta_fase_0,2000.0
176903,2026-06-12 12:20:14.331038+00:00,0.072,1.831,68.52,20.29,0.0877,2.228,0.706,0.575,61.0,61.0,0.177,0.157,2.88,2.742,3.477,3.454,0.1019,2.589,0.124,3.151,0.203,0.166,new_falta_fase_0,2000.0
176943,2026-06-12 12:24:26.722642+00:00,0.0518,1.315,68.61,20.34,0.0752,1.911,0.478,0.503,61.0,58.5,0.076,0.085,2.386,2.385,3.644,3.554,0.0732,1.861,0.1064,2.703,0.131,0.141,new_normal_5,500.0
176998,2026-06-12 12:30:23.157185+00:00,0.0526,1.337,69.22,20.67,0.0661,1.681,0.506,0.566,61.0,61.0,0.104,0.09,2.6,2.472,3.371,3.953,0.0744,1.892,0.0936,2.377,0.15,0.143,new_normal_5,1000.0
177001,2026-06-12 12:30:39.057681+00:00,0.0451,1.146,69.22,20.67,0.0624,1.587,0.542,0.551,61.0,58.5,0.107,0.093,2.607,2.39,3.656,3.856,0.0638,1.62,0.0883,2.244,0.148,0.143,new_normal_5,1000.0
177003,2026-06-12 12:30:49.657822+00:00,0.0485,1.234,69.22,20.67,0.0679,1.726,0.52,0.458,58.5,61.0,0.101,0.093,2.59,2.443,3.51,3.201,0.0687,1.745,0.0961,2.441,0.148,0.143,new_normal_5,1000.0
177043,2026-06-12 12:39:44.623530+00:00,0.0627,1.594,69.26,20.7,0.0836,2.124,0.726,0.601,61.0,61.0,0.179,0.152,2.905,2.894,3.681,3.508,0.0887,2.254,0.1182,3.004,0.197,0.171,new_normal_5,2000.0
177690,2026-06-12 13:56:11.582249+00:00,0.0453,1.153,72.51,22.5,0.0703,1.787,0.48,0.537,61.0,61.0,0.076,0.082,2.392,2.328,3.651,3.901,0.0641,1.63,0.0995,2.527,0.131,0.137,new_normal_6,500.0
177705,2026-06-12 13:57:31.084686+00:00,0.0482,1.224,72.51,22.5,0.0629,1.599,0.441,0.451,61.0,61.0,0.074,0.084,2.367,2.332,3.374,3.299,0.0682,1.732,0.089,2.262,0.13,0.136,new_normal_6,500.0
177770,2026-06-12 14:03:45.799725+00:00,0.053,1.347,73.16,22.87,0.0625,1.587,0.675,0.584,61.0,58.5,0.103,0.085,3.15,2.67,3.922,3.852,0.075,1.906,0.0883,2.245,0.172,0.151,new_normal_6,1000.0
177790,2026-06-12 14:06:42.004352+00:00,0.0579,1.472,72.51,22.5,0.0755,1.92,1.079,0.619,61.0,61.0,0.147,0.133,3.16,2.82,3.84,3.298,0.082,2.082,0.1069,2.715,0.281,0.187,new_normal_6,2000.0
177803,2026-06-12 14:07:50.906180+00:00,0.0633,1.608,72.28,22.37,0.0813,2.066,1.11,0.71,61.0,61.0,0.154,0.134,3.206,2.96,3.883,3.839,0.0895,2.275,0.115,2.922,0.285,0.185,new_normal_6,2000.0
177833,2026-06-12 14:10:50.121210+00:00,0.076,1.932,72.51,22.5,0.0953,2.42,1.77,0.987,48.8,61.0,0.169,0.186,3.551,3.045,4.125,4.022,0.1075,2.732,0.1347,3.423,0.429,0.245,new_normal_6,3000.0
177890,2026-06-12 15:17:58.538831+00:00,0.059,1.499,70.42,21.34,0.0906,2.303,0.392,0.547,61.0,61.0,0.096,0.137,2.334,2.389,2.967,3.887,0.0834,2.12,0.1282,3.257,0.132,0.14,new_rolamento_outer_2,500.0
177905,2026-06-12 15:19:18.041189+00:00,0.0506,1.287,69.96,21.08,0.0764,1.94,0.473,0.518,61.0,61.0,0.1,0.123,2.443,2.356,3.584,3.677,0.0716,1.821,0.108,2.744,0.132,0.14,new_rolamento_outer_2,500.0
177970,2026-06-12 15:25:23.676316+00:00,0.0612,1.556,70.05,21.14,0.0732,1.861,0.585,0.458,58.5,61.0,0.138,0.117,2.687,2.43,4.032,3.204,0.0866,2.2,0.1036,2.632,0.145,0.142,new_rolamento_outer_2,1000.0
177990,2026-06-12 15:28:25.168780+00:00,0.0609,1.548,70.74,21.52,0.0762,1.936,1.453,0.766,58.5,61.0,0.302,0.174,4.974,3.021,4.95,4.224,0.0862,2.19,0.1078,2.739,0.293,0.181,new_rolamento_outer_2,2000.0
178003,2026-06-12 15:29:34.070304+00:00,0.0607,1.543,70.74,21.52,0.073,1.856,1.641,0.759,61.0,61.0,0.284,0.157,4.522,3.104,5.881,4.131,0.0859,2.182,0.1033,2.625,0.279,0.183,new_rolamento_outer_2,2000.0
178064,2026-06-12 15:48:51.480655+00:00,0.048,1.221,70.42,21.34,0.0721,1.832,0.56,0.601,61.0,61.0,0.102,0.101,2.591,2.486,3.998,4.219,0.068,1.727,0.102,2.591,0.14,0.142,new_desalinhado_1,500.0
178090,2026-06-12 15:51:25.998558+00:00,0.0556,1.413,70.42,21.34,0.0767,1.948,0.592,0.484,61.0,58.5,0.177,0.118,2.753,2.605,3.291,3.249,0.0786,1.998,0.1084,2.755,0.18,0.148,new_desalinhado_1,1000.0
178105,2026-06-12 15:52:45.500167+00:00,0.0603,1.532,70.42,21.34,0.0986,2.505,0.554,0.529,61.0,61.0,0.182,0.138,2.772,2.561,3.243,3.5,0.0853,2.166,0.1395,3.543,0.17,0.151,new_desalinhado_1,1000.0
178134,2026-06-12 15:56:06.841425+00:00,0.0822,2.09,70.42,21.34,0.1664,4.228,0.971,0.801,9.7,100.0,0.234,0.255,2.969,3.029,3.774,4.202,0.1163,2.956,0.2354,5.98,0.257,0.19,new_desalinhado_1,2000.0
178147,2026-06-12 15:57:15.742871+00:00,0.0803,2.04,70.28,21.27,0.191,4.853,0.914,0.574,58.5,100.0,0.22,0.31,3.02,2.76,3.51,3.14,0.1136,2.885,0.2702,6.864,0.26,0.183,new_desalinhado_1,2000.0
178175,2026-06-12 16:07:37.704152+00:00,0.0366,0.929,61.88,16.6,0.053,1.348,0.032,0.042,61.0,61.0,0.037,0.054,3.281,3.368,4.506,5.047,0.0517,1.315,0.075,1.906,0.007,0.008,new_teste,500.0
178176,2026-06-12 16:07:43.004419+00:00,0.0373,0.948,61.88,16.6,0.0517,1.315,0.027,0.039,61.0,61.0,0.038,0.052,3.058,3.375,3.598,4.569,0.0527,1.341,0.0732,1.859,0.007,0.008,new_teste,500.0
178186,2026-06-12 16:09:02.717735+00:00,0.0479,1.218,61.88,16.6,0.1022,2.597,0.524,0.561,58.5,12.2,0.089,0.115,2.319,2.324,3.979,3.957,0.0678,1.723,0.1446,3.673,0.131,0.141,new_desalinhado_2,500.0
178210,2026-06-12 16:11:09.920956+00:00,0.0484,1.229,61.74,16.52,0.0805,2.047,0.368,0.522,61.0,61.0,0.081,0.093,2.249,2.298,2.794,3.615,0.0684,1.739,0.1139,2.894,0.132,0.144,new_desalinhado_2,500.0
178261,2026-06-12 16:16:09.599952+00:00,0.057,1.448,62.39,16.88,0.0893,2.269,0.527,0.472,61.0,9.7,0.135,0.119,2.649,2.494,3.333,3.153,0.0806,2.047,0.1263,3.209,0.158,0.149,new_desalinhado_2,1000.0
178270,2026-06-12 16:16:57.300869+00:00,0.0535,1.359,62.39,16.88,0.0811,2.062,0.5,0.537,61.0,61.0,0.135,0.121,2.676,2.517,3.162,3.602,0.0756,1.922,0.1148,2.916,0.158,0.149,new_desalinhado_2,1000.0
178271,2026-06-12 16:17:02.601112+00:00,0.0616,1.566,62.39,16.88,0.071,1.804,0.517,0.611,61.0,61.0,0.124,0.108,2.649,2.471,3.217,4.122,0.0872,2.215,0.1004,2.551,0.16,0.148,new_desalinhado_2,1000.0
178303,2026-06-12 16:20:29.003859+00:00,0.0646,1.641,62.44,16.91,0.0785,1.994,0.85,0.565,61.0,61.0,0.162,0.152,3.156,2.783,3.749,3.234,0.0914,2.321,0.111,2.821,0.226,0.174,new_desalinhado_2,2000.0
178385,2026-06-15 20:31:50.812925+00:00,0.0784,1.991,63.82,17.67,0.1536,3.903,1.718,1.043,61.0,151.3,0.247,0.358,3.083,2.794,3.89,3.469,0.1108,2.816,0.2173,5.52,0.441,0.3,new_desalinhado_1,3000.0
178442,2026-06-15 20:39:55.196500+00:00,0.0872,2.216,65.43,18.57,0.0933,2.37,0.411,0.43,9.7,61.0,0.124,0.125,2.324,2.322,3.036,2.983,0.1234,3.134,0.132,3.353,0.135,0.144,new_desbalanceado_0,500.0
178457,2026-06-15 20:41:14.697871+00:00,0.1045,2.654,65.25,18.47,0.0917,2.331,0.442,0.507,9.7,51.2,0.108,0.133,2.276,2.308,3.241,3.587,0.1478,3.754,0.1298,3.297,0.136,0.141,new_desbalanceado_0,500.0
178522,2026-06-15 20:47:26.368767+00:00,0.065,1.653,67.32,19.62,0.0967,2.456,0.837,0.585,61.0,17.0,0.125,0.113,2.963,2.65,4.624,3.727,0.092,2.337,0.1367,3.473,0.181,0.157,new_desbalanceado_0,1000.0
178542,2026-06-15 20:49:55.713847+00:00,0.3278,8.327,65.38,18.54,0.1259,3.198,1.291,0.814,34.1,34.1,0.268,0.218,2.949,3.037,3.726,3.774,0.4636,11.776,0.1781,4.523,0.346,0.215,new_desbalanceado_0,2000.0
178555,2026-06-15 20:51:04.614860+00:00,0.3313,8.417,65.38,18.54,0.1112,2.826,1.31,0.747,34.1,34.1,0.281,0.196,2.976,2.917,3.739,3.545,0.4686,11.904,0.1573,3.996,0.35,0.21,new_desbalanceado_0,2000.0
178585,2026-06-15 20:54:51.905023+00:00,0.3604,9.156,65.71,18.72,0.2885,7.328,1.584,0.964,41.5,41.5,0.386,0.373,3.339,3.213,4.0,4.18,0.5098,12.949,0.408,10.363,0.395,0.23,new_desbalanceado_0,3000.0
178642,2026-06-15 21:01:00.158936+00:00,0.3901,9.909,66.58,19.21,0.3024,7.682,1.391,0.878,41.5,41.5,0.445,0.382,3.308,3.095,3.532,3.874,0.5517,14.013,0.4277,10.864,0.394,0.226,new_desbalanceado_1,3000.0
178657,2026-06-15 21:02:19.660874+00:00,0.396,10.058,66.58,19.21,0.2962,7.524,1.588,0.842,41.5,41.5,0.445,0.394,3.311,3.065,3.904,3.521,0.56,14.225,0.4189,10.64,0.406,0.239,new_desbalanceado_1,3000.0
178690,2026-06-15 21:07:34.616173+00:00,0.3415,8.675,67.27,19.59,0.1245,3.163,1.476,0.814,34.1,34.1,0.27,0.221,3.429,2.984,3.996,4.024,0.483,12.269,0.1761,4.473,0.369,0.202,new_desabanceado_1,2000.0
178694,2026-06-15 21:07:55.816492+00:00,0.3509,8.915,67.27,19.59,0.129,3.278,1.841,0.71,34.1,168.4,0.299,0.241,3.619,2.877,5.016,3.348,0.4963,12.607,0.1825,4.635,0.367,0.212,new_desabanceado_1,2000.0
178707,2026-06-15 21:09:04.718155+00:00,0.345,8.763,67.27,19.59,0.1214,3.085,1.402,0.875,34.1,34.1,0.278,0.228,3.222,3.1,4.028,4.31,0.4879,12.393,0.1718,4.363,0.348,0.203,new_desabanceado_1,2000.0
178716,2026-06-15 21:09:52.419032+00:00,0.3212,8.159,67.88,19.93,0.1225,3.112,1.394,0.769,34.1,34.1,0.275,0.234,3.316,3.005,3.904,3.719,0.4542,11.538,0.1732,4.401,0.357,0.206,new_desabanceado_1,2000.0
178722,2026-06-15 21:10:24.219948+00:00,0.3455,8.776,67.88,19.93,0.1243,3.157,1.436,0.793,34.1,34.1,0.278,0.242,3.498,3.064,3.966,3.739,0.4886,12.411,0.1757,4.465,0.362,0.212,new_desabanceado_1,2000.0
178772,2026-06-15 21:15:13.495211+00:00,0.082,2.084,68.15,20.08,0.1092,2.774,0.763,0.532,17.0,14.6,0.137,0.111,3.239,2.547,4.201,3.453,0.116,2.947,0.1544,3.923,0.181,0.154,new_desbalanceado_1,1000.0
178792,2026-06-15 21:17:20.467250+00:00,0.1009,2.563,68.15,20.08,0.1026,2.606,0.417,0.46,9.7,61.0,0.122,0.159,2.455,2.445,3.05,3.238,0.1427,3.625,0.1451,3.686,0.136,0.142,new_desbalanceado_1,500.0
178805,2026-06-15 21:18:29.370499+00:00,0.0995,2.528,67.92,19.95,0.0924,2.347,0.477,0.523,9.7,61.0,0.102,0.127,2.401,2.428,3.525,3.659,0.1407,3.576,0.1306,3.319,0.135,0.143,new_desbalanceado_1,500.0
178835,2026-06-15 21:21:34.001496+00:00,0.3582,9.1,67.88,19.93,0.1205,3.061,1.483,0.635,34.1,34.1,0.308,0.21,3.602,2.759,4.519,3.305,0.5066,12.869,0.1704,4.329,0.328,0.192,new_desbalanceado_1,2000.0
178885,2026-06-15 21:28:51.015677+00:00,0.1082,2.749,68.15,20.08,0.1232,3.13,2.36,1.335,51.2,151.3,0.33,0.308,3.656,3.123,4.154,4.302,0.153,3.888,0.1743,4.427,0.568,0.31,new_rolamento_outer_0,3000.0
178935,2026-06-15 21:45:38.356580+00:00,0.0908,2.307,67.83,19.9,0.0913,2.321,1.744,1.09,48.8,12.2,0.368,0.191,3.585,2.88,4.052,3.706,0.1284,3.263,0.1292,3.283,0.43,0.294,new_rolamento_inner_0,3000.0
178985,2026-06-15 21:52:11.221739+00:00,0.088,2.237,67.69,19.83,0.1278,3.246,2.043,1.356,251.4,151.3,0.376,0.306,3.286,2.989,4.064,3.662,0.1245,3.164,0.1807,4.591,0.502,0.37,new_rolamento_comb_0,3000.0
179035,2026-06-15 21:58:45.009855+00:00,0.1131,2.873,68.15,20.08,0.1493,3.793,3.77,2.021,61.0,100.0,0.637,0.384,3.533,3.401,4.068,4.359,0.16,4.064,0.2112,5.365,0.926,0.463,new_rolamento_ball_0,3000.0
179085,2026-06-15 22:05:35.218616+00:00,0.0685,1.74,68.85,20.47,0.1217,3.091,2.607,1.231,61.0,151.3,0.212,0.265,3.501,3.035,4.9,3.982,0.0969,2.461,0.1721,4.372,0.532,0.309,new_normal_0,3000.0
179135,2026-06-16 10:33:43.807419+00:00,0.0805,2.045,60.13,15.63,0.1042,2.648,2.162,1.216,61.0,151.3,0.24,0.239,3.125,2.928,3.426,3.645,0.1139,2.893,0.1474,3.744,0.631,0.333,new_normal_1,3000.0
179185,2026-06-16 10:40:44.789296+00:00,0.0729,1.852,60.5,15.83,0.1204,3.059,5.133,2.041,61.0,151.3,0.311,0.261,4.259,3.51,5.051,4.931,0.1031,2.619,0.1703,4.326,1.016,0.413,new_rolamento_ball_1,3000.0
179235,2026-06-16 10:48:00.506477+00:00,0.0809,2.057,61.93,16.62,0.1259,3.2,3.122,1.472,61.0,100.0,0.417,0.336,4.096,3.132,5.045,4.271,0.1145,2.909,0.1781,4.525,0.618,0.344,new_rolamento_comb_1,3000.0
179285,2026-06-16 10:54:40.754029+00:00,0.0641,1.629,62.76,17.09,0.0923,2.346,1.75,1.072,61.0,58.5,0.25,0.225,3.196,3.194,4.178,4.327,0.0907,2.304,0.1306,3.317,0.418,0.247,new_rolamento_inner_1,3000.0
179335,2026-06-16 11:02:36.260007+00:00,0.0919,2.335,63.68,17.6,0.1663,4.226,4.414,1.956,48.8,100.0,0.519,0.4,5.657,3.322,6.734,5.492,0.13,3.302,0.2353,5.976,0.655,0.356,new_rolamento_outer_1,3000.0
179385,2026-06-16 11:09:52.581021+00:00,0.0754,1.916,64.6,18.11,0.1205,3.06,1.751,1.097,51.2,153.8,0.195,0.262,3.222,2.846,4.168,3.731,0.1067,2.71,0.1704,4.328,0.42,0.294,new_normal_2,3000.0
179436,2026-06-16 11:16:07.247022+00:00,0.0901,2.29,64.46,18.03,0.0923,2.346,0.489,0.492,9.7,61.0,0.086,0.104,2.396,2.338,3.583,3.399,0.1275,3.238,0.1306,3.318,0.136,0.144,new_desbalanceado_2,500.0
179442,2026-06-16 11:16:39.049026+00:00,0.0818,2.078,64.46,18.03,0.0942,2.393,0.461,0.577,9.7,58.5,0.089,0.113,2.388,2.363,3.37,3.948,0.1157,2.939,0.1332,3.385,0.136,0.146,new_desbalanceado_2,500.0
179500,2026-06-16 11:23:02.207485+00:00,0.0909,2.309,64.55,18.08,0.1094,2.78,0.511,0.526,17.0,17.0,0.121,0.149,2.715,2.481,3.096,3.508,0.1285,3.266,0.1547,3.931,0.165,0.15,new_desbalanceado_2,1000.0
179523,2026-06-16 11:25:04.111200+00:00,0.0866,2.201,64.55,18.08,0.1102,2.799,0.734,0.499,17.0,14.6,0.119,0.134,3.106,2.48,4.33,3.281,0.1225,3.112,0.1558,3.959,0.169,0.152,new_desbalanceado_2,1000.0
179588,2026-06-16 11:32:41.578821+00:00,0.485,12.319,64.46,18.03,0.3018,7.667,1.336,0.79,41.5,41.5,0.753,0.45,3.074,2.996,3.846,3.841,0.6859,17.422,0.4269,10.843,0.347,0.205,new_desbalanceado_2,3000.0
179593,2026-06-16 11:33:08.079578+00:00,0.4886,12.412,64.46,18.03,0.3122,7.931,1.491,1.076,41.5,41.5,0.807,0.452,3.096,3.461,4.364,4.959,0.691,17.553,0.4416,11.216,0.341,0.217,new_desbalanceado_2,3000.0
179644,2026-06-16 11:40:56.395393+00:00,0.05,1.27,65.84,18.8,0.0758,1.927,0.36,0.444,61.0,58.5,0.098,0.101,2.299,2.295,2.675,3.086,0.0707,1.797,0.1073,2.725,0.134,0.144,new_desalinhado_2,500.0
179645,2026-06-16 11:41:01.695594+00:00,0.051,1.295,65.84,18.8,0.076,1.932,0.5,0.405,61.0,61.0,0.092,0.093,2.35,2.299,3.724,2.816,0.0721,1.831,0.1076,2.733,0.134,0.143,new_desalinhado_2,500.0
179701,2026-06-16 11:46:19.058054+00:00,0.0593,1.507,65.25,18.47,0.0848,2.154,0.519,0.561,58.5,61.0,0.152,0.134,2.597,2.549,3.344,3.717,0.0839,2.132,0.1199,3.047,0.155,0.151,new_desalinhado_2,1000.0
179715,2026-06-16 11:47:33.258762+00:00,0.0626,1.591,65.25,18.47,0.0726,1.844,0.614,0.54,61.0,61.0,0.171,0.145,2.695,2.507,3.989,3.56,0.0886,2.25,0.1027,2.609,0.154,0.151,new_desalinhado_2,1000.0
179764,2026-06-16 11:53:16.720171+00:00,0.0647,1.644,65.11,18.39,0.0826,2.098,1.241,0.652,61.0,58.5,0.211,0.172,3.224,2.887,3.626,3.357,0.0915,2.326,0.1168,2.967,0.342,0.194,new_desalinhado_2,2000.0
179796,2026-06-16 11:56:44.009567+00:00,0.0858,2.18,66.49,19.16,0.0937,2.381,1.967,1.195,58.5,61.0,0.305,0.227,3.132,2.8,3.82,3.645,0.1214,3.083,0.1325,3.367,0.514,0.327,new_desalinhado_2,3000.0
179850,2026-06-16 13:02:01.212009+00:00,0.0842,2.139,63.63,17.57,0.099,2.516,1.905,1.068,61.0,61.0,0.303,0.235,3.121,2.78,3.83,3.478,0.119,3.025,0.1401,3.559,0.497,0.307,new_desalinhado_3,3000.0
179865,2026-06-16 13:03:20.714861+00:00,0.0903,2.295,64.05,17.8,0.1067,2.711,2.242,1.091,9.7,61.0,0.323,0.242,3.179,2.733,4.044,3.275,0.1277,3.246,0.1509,3.834,0.554,0.333,new_desalinhado_3,3000.0
179930,2026-06-16 13:09:30.525887+00:00,0.0693,1.76,64.0,17.78,0.0863,2.193,1.399,0.745,61.0,61.0,0.195,0.165,3.609,2.87,3.878,3.724,0.098,2.489,0.1221,3.102,0.36,0.2,new_desalinhado_3,2000.0
179950,2026-06-16 13:11:35.032272+00:00,0.0624,1.585,64.0,17.78,0.077,1.956,0.73,0.569,9.7,61.0,0.14,0.126,2.889,2.502,4.101,3.711,0.0882,2.242,0.1089,2.766,0.178,0.153,new_desalinhado_3,1000.0
179963,2026-06-16 13:12:43.933962+00:00,0.0529,1.345,64.6,18.11,0.0731,1.858,0.617,0.517,61.0,58.5,0.148,0.125,2.816,2.532,3.399,3.347,0.0749,1.903,0.1034,2.628,0.181,0.154,new_desalinhado_3,1000.0
179993,2026-06-16 13:15:47.298490+00:00,0.0555,1.411,64.83,18.24,0.0835,2.121,0.462,0.626,61.0,61.0,0.112,0.102,2.389,2.486,3.28,4.263,0.0785,1.995,0.1181,3.0,0.14,0.146,new_desalinhado_3,500.0
180043,2026-06-16 13:20:51.877418+00:00,0.0591,1.502,65.11,18.39,0.0763,1.939,0.538,0.509,61.0,58.5,0.104,0.098,2.378,2.302,3.943,3.538,0.0836,2.125,0.1079,2.742,0.136,0.144,new_desalinhado_4,500.0
180050,2026-06-16 13:21:28.978773+00:00,0.0552,1.404,65.11,18.39,0.0727,1.848,0.384,0.47,61.0,61.0,0.096,0.097,2.379,2.381,2.831,3.244,0.0781,1.985,0.1029,2.614,0.135,0.145,new_desalinhado_4,500.0
180052,2026-06-16 13:21:39.579014+00:00,0.0522,1.328,65.11,18.39,0.0757,1.923,0.514,0.508,61.0,61.0,0.09,0.095,2.372,2.347,3.732,3.508,0.0739,1.878,0.107,2.719,0.137,0.144,new_desalinhado_4,500.0
180058,2026-06-16 13:22:11.379587+00:00,0.0629,1.6,65.11,18.39,0.0824,2.093,0.505,0.527,61.0,61.0,0.104,0.102,2.397,2.416,3.673,3.626,0.089,2.262,0.1165,2.96,0.137,0.145,new_desalinhado_4,500.0
180062,2026-06-16 13:22:32.580152+00:00,0.0517,1.313,65.11,18.39,0.0857,2.177,0.426,0.568,61.0,9.7,0.109,0.105,2.346,2.474,3.097,3.885,0.0731,1.857,0.1212,3.079,0.137,0.146,new_desalinhado_4,500.0
180081,2026-06-16 13:24:21.638198+00:00,0.0645,1.64,64.92,18.29,0.0786,1.997,0.461,0.565,61.0,61.0,0.102,0.1,2.347,2.484,3.382,3.918,0.0913,2.319,0.1112,2.825,0.136,0.144,new_desalinhado_0,500.0
180142,2026-06-16 13:30:16.236981+00:00,0.0525,1.333,64.88,18.26,0.0751,1.908,0.67,0.594,61.0,61.0,0.144,0.129,2.837,2.517,3.704,3.875,0.0742,1.886,0.1062,2.698,0.181,0.153,new_desalinhado_0,1000.0
180148,2026-06-16 13:30:48.037693+00:00,0.0611,1.553,64.88,18.26,0.0745,1.893,0.695,0.522,58.5,58.5,0.143,0.137,2.779,2.499,3.887,3.376,0.0865,2.197,0.1054,2.678,0.178,0.154,new_desalinhado_0,1000.0
180177,2026-06-16 13:33:50.719215+00:00,0.069,1.753,65.02,18.34,0.0921,2.341,1.602,0.847,61.0,61.0,0.207,0.181,3.308,3.117,4.669,4.319,0.0976,2.48,0.1303,3.311,0.343,0.196,new_desalinhado_0,2000.0
180229,2026-06-16 13:38:49.467331+00:00,0.0838,2.13,66.58,19.21,0.1075,2.73,2.243,1.133,253.9,9.7,0.327,0.243,3.287,2.747,4.542,3.649,0.1186,3.013,0.152,3.861,0.493,0.31,new_desalinhado_0,3000.0
180243,2026-06-16 13:40:03.669995+00:00,0.0752,1.911,66.58,19.21,0.0935,2.377,1.729,1.234,61.0,58.5,0.295,0.233,2.937,2.922,3.363,3.884,0.1064,2.703,0.1323,3.361,0.514,0.317,new_desalinhado_0,3000.0
180274,2026-06-16 13:46:23.499727+00:00,0.0651,1.653,65.94,18.85,0.1183,3.006,2.013,1.043,61.0,151.3,0.216,0.244,3.023,3.003,4.197,3.701,0.092,2.339,0.1673,4.251,0.479,0.282,new_normal_3,3000.0
180331,2026-06-16 13:53:07.697244+00:00,0.4612,11.716,66.49,19.16,0.4275,10.858,1.676,0.779,41.5,41.5,0.528,0.589,3.533,3.195,4.701,3.78,0.6523,16.569,0.6045,15.356,0.356,0.206,new_desbalanceado_3,3000.0
180346,2026-06-16 13:54:27.199518+00:00,0.4639,11.783,66.49,19.16,0.4257,10.813,1.483,0.84,41.5,41.5,0.547,0.551,3.149,2.911,4.059,3.955,0.656,16.664,0.602,15.292,0.365,0.212,new_desbalanceado_3,3000.0
180411,2026-06-16 14:00:37.654078+00:00,0.412,10.465,67.04,19.47,0.1355,3.443,1.059,0.593,34.1,34.1,0.304,0.191,3.003,2.778,4.52,3.331,0.5826,14.8,0.1917,4.869,0.234,0.178,new_desbalanceado_3,2000.0
180431,2026-06-16 14:02:43.367534+00:00,0.1,2.54,67.04,19.47,0.0821,2.087,0.725,0.564,17.0,61.0,0.113,0.114,3.157,2.66,4.184,3.68,0.1414,3.593,0.1162,2.951,0.173,0.153,new_desbalanceado_3,1000.0
180444,2026-06-16 14:03:52.268889+00:00,0.0849,2.158,66.91,19.39,0.1006,2.555,0.616,0.56,17.0,17.0,0.113,0.112,2.937,2.53,3.558,3.657,0.1201,3.052,0.1423,3.614,0.173,0.153,new_desbalanceado_3,1000.0
180474,2026-06-16 14:06:53.971622+00:00,0.1183,3.005,67.74,19.85,0.0827,2.101,0.397,0.462,9.7,61.0,0.079,0.102,2.296,2.439,2.965,3.247,0.1673,4.25,0.117,2.972,0.134,0.142,new_desbalanceado_3,500.0
180524,2026-06-16 14:12:59.855638+00:00,0.0734,1.865,67.14,19.52,0.1416,3.597,1.866,0.989,58.5,151.3,0.218,0.302,3.124,2.914,4.283,3.516,0.1038,2.638,0.2002,5.087,0.435,0.281,new_falta_fase_0,3000.0
180574,2026-06-16 17:00:51.038712+00:00,0.1094,2.779,61.93,16.62,0.1357,3.446,6.554,3.343,12.2,197.7,0.373,0.378,3.684,3.563,4.371,4.837,0.1547,3.93,0.1919,4.874,1.499,0.691,new_rolamento_ball_2,3000.0
180624,2026-06-16 17:07:24.231000+00:00,0.0812,2.063,62.67,17.03,0.1204,3.06,2.386,0.957,61.0,153.8,0.462,0.324,3.724,2.976,4.626,3.523,0.1149,2.918,0.1704,4.328,0.515,0.271,new_rolamento_comb_2,3000.0
180674,2026-06-16 17:14:59.172479+00:00,0.091,2.313,63.86,17.7,0.0832,2.114,3.924,1.807,48.8,61.0,0.324,0.251,5.473,4.445,5.998,5.402,0.1288,3.271,0.1177,2.99,0.654,0.334,new_rolamento_inner_2,3000.0
180724,2026-06-16 17:23:15.462226+00:00,0.0996,2.531,65.2,18.44,0.1303,3.311,1.654,1.041,48.8,100.0,0.226,0.268,3.427,2.91,5.016,4.225,0.1409,3.58,0.1843,4.683,0.329,0.246,new_rolamento_outer_2,3000.0
180774,2026-06-16 17:27:56.550984+00:00,0.0907,2.304,65.06,18.37,0.1335,3.391,1.622,1.357,48.8,100.0,0.244,0.278,3.706,2.988,4.208,4.971,0.1283,3.259,0.1888,4.796,0.385,0.273,new_rolamento_outer_3,3000.0
180824,2026-06-16 17:35:08.790470+00:00,0.1374,3.491,66.77,19.31,0.147,3.735,3.417,1.268,48.8,148.9,0.491,0.383,3.291,2.99,4.487,3.365,0.1943,4.937,0.208,5.283,0.761,0.377,new_rolamento_ball_3,3000.0
180874,2026-06-16 17:43:49.296257+00:00,0.0922,2.341,67.37,19.65,0.1049,2.666,1.971,0.964,51.2,148.9,0.229,0.218,3.322,2.851,4.802,3.442,0.1303,3.312,0.1484,3.771,0.41,0.28,new_rolamento_inner_3,3000.0
180924,2026-06-16 17:51:50.425922+00:00,0.0874,2.22,67.6,19.77,0.1021,2.594,2.435,1.221,61.0,151.3,0.443,0.297,3.701,3.315,4.25,3.966,0.1236,3.139,0.1444,3.668,0.572,0.307,new_rolamento_comb_3,3000.0
180981,2026-06-16 18:01:35.033533+00:00,0.0556,1.414,68.61,20.34,0.0772,1.961,0.421,0.524,61.0,61.0,0.071,0.09,2.422,2.485,3.092,3.587,0.0787,2.0,0.1091,2.773,0.136,0.146,new_falta_fase_1,500.0
180996,2026-06-16 18:02:54.534946+00:00,0.0517,1.315,68.61,20.34,0.0735,1.867,0.473,0.515,58.5,58.5,0.069,0.092,2.409,2.586,3.52,3.554,0.0732,1.859,0.1039,2.64,0.134,0.145,new_falta_fase_1,500.0
181031,2026-06-16 18:06:13.992696+00:00,0.0544,1.383,67.78,19.88,0.0806,2.047,0.445,0.516,61.0,61.0,0.077,0.097,2.351,2.416,3.277,3.506,0.077,1.955,0.1139,2.895,0.135,0.147,new_falta_fase_2,500.0
181046,2026-06-16 18:07:33.494543+00:00,0.0569,1.445,67.37,19.65,0.0721,1.831,0.458,0.579,61.0,61.0,0.075,0.088,2.416,2.599,3.36,3.91,0.0805,2.044,0.1019,2.59,0.136,0.148,new_falta_fase_2,500.0
181081,2026-06-16 18:10:51.238354+00:00,0.0512,1.301,67.04,19.47,0.0733,1.862,0.659,0.569,61.0,61.0,0.072,0.089,2.644,2.549,4.799,3.893,0.0724,1.84,0.1037,2.634,0.137,0.146,new_falta_fase_3,500.0
181096,2026-06-16 18:12:10.739790+00:00,0.049,1.246,67.04,19.47,0.0732,1.86,0.514,0.593,61.0,58.5,0.07,0.086,2.475,2.611,3.772,4.063,0.0693,1.762,0.1035,2.63,0.136,0.146,new_falta_fase_3,500.0
181161,2026-06-16 18:18:29.578128+00:00,0.0647,1.643,66.72,19.29,0.1024,2.601,0.694,0.605,61.0,58.5,0.156,0.158,2.905,2.569,3.989,3.962,0.0915,2.324,0.1448,3.678,0.174,0.152,new_falta_fase_1,1000.0
181211,2026-06-16 18:23:13.819781+00:00,0.063,1.6,67.37,19.65,0.1105,2.807,0.649,0.654,61.0,9.7,0.136,0.152,2.838,2.73,3.642,4.187,0.0891,2.263,0.1563,3.97,0.178,0.156,new_falta_fase_2,1000.0
181261,2026-06-16 18:28:36.670221+00:00,0.0713,1.811,67.74,19.85,0.1145,2.908,0.743,0.583,9.7,61.0,0.147,0.174,2.809,2.655,4.234,3.772,0.1008,2.562,0.1619,4.113,0.175,0.154,new_falta_fase_3,1000.0
181281,2026-06-16 18:30:48.957375+00:00,0.0585,1.487,66.77,19.31,0.0909,2.309,1.03,0.59,61.0,61.0,0.139,0.168,2.984,2.651,3.778,3.347,0.0828,2.103,0.1286,3.266,0.272,0.176,new_falta_fase_1,2000.0
181294,2026-06-16 18:31:57.858487+00:00,0.0528,1.342,66.77,19.31,0.079,2.007,1.163,0.638,61.0,61.0,0.149,0.149,3.057,2.735,4.495,3.699,0.0747,1.898,0.1117,2.838,0.258,0.172,new_falta_fase_1,2000.0
181331,2026-06-16 18:35:26.821349+00:00,0.0592,1.505,66.95,19.42,0.0804,2.043,1.346,0.626,61.0,61.0,0.146,0.144,3.147,2.846,4.656,3.381,0.0838,2.128,0.1137,2.889,0.289,0.185,new_falta_fase_2,2000.0
181344,2026-06-16 18:36:35.722710+00:00,0.0583,1.482,66.95,19.42,0.0875,2.222,1.162,0.674,58.5,61.0,0.156,0.146,3.383,2.855,3.583,3.492,0.0825,2.096,0.1237,3.143,0.324,0.193,new_falta_fase_2,2000.0
181381,2026-06-16 18:40:15.948292+00:00,0.0608,1.546,67.14,19.52,0.1004,2.55,1.313,0.769,58.5,134.2,0.148,0.182,3.194,2.863,4.302,4.052,0.086,2.186,0.1419,3.606,0.305,0.189,new_falta_fase_3,2000.0
181394,2026-06-16 18:41:24.849820+00:00,0.0547,1.39,67.27,19.59,0.1019,2.588,1.097,0.689,61.0,134.2,0.134,0.172,3.417,2.702,4.007,3.771,0.0773,1.965,0.1441,3.661,0.273,0.182,new_falta_fase_3,2000.0
181424,2026-06-16 18:45:49.535235+00:00,0.0811,2.061,67.37,19.65,0.1161,2.949,1.973,1.257,61.0,148.9,0.222,0.243,3.915,3.218,4.11,4.511,0.1147,2.915,0.1642,4.17,0.48,0.278,new_falta_fase_1,3000.0
181474,2026-06-16 18:51:16.042700+00:00,0.0724,1.84,67.78,19.88,0.107,2.72,2.414,1.098,58.5,61.0,0.242,0.214,4.232,3.053,4.705,3.828,0.1024,2.602,0.1514,3.846,0.513,0.287,new_falta_fase_2,3000.0
181524,2026-06-16 18:56:06.142822+00:00,0.0831,2.111,68.34,20.19,0.136,3.454,2.313,1.011,61.0,151.3,0.26,0.29,3.919,3.286,4.776,3.566,0.1175,2.986,0.1923,4.885,0.484,0.283,new_falta_fase_3,3000.0
